player_id,player_name,week,games,fgm,fga,ftm,fta,threes,points,rebounds,assists,steals,blocks,turnovers
gordoaa01,Aaron Gordon,1,2,22.0,32.0,12.0,12.0,11.0,67.0,10.0,3.0,3.0,1.0,2.0
gordoaa01,Aaron Gordon,2,3,10.0,26.0,11.0,11.0,1.0,32.0,17.0,7.0,1.0,0.0,7.0
gordoaa01,Aaron Gordon,3,3,21.0,39.0,13.0,16.0,7.0,62.0,16.0,3.0,3.0,0.0,4.0
gordoaa01,Aaron Gordon,4,3,19.0,38.0,12.0,15.0,8.0,58.0,22.0,4.0,3.0,2.0,4.0
gordoaa01,Aaron Gordon,5,2,10.0,19.0,4.0,6.0,1.0,25.0,12.0,0.0,0.0,0.0,1.0
gordoaa01,Aaron Gordon,11,1,8.0,15.0,4.0,6.0,0.0,20.0,6.0,2.0,0.0,0.0,3.0
gordoaa01,Aaron Gordon,12,3,17.0,39.0,10.0,13.0,5.0,49.0,21.0,11.0,0.0,0.0,1.0
gordoaa01,Aaron Gordon,13,3,17.0,35.0,7.0,12.0,5.0,46.0,23.0,15.0,3.0,1.0,1.0
gordoaa01,Aaron Gordon,14,3,15.0,30.0,13.0,18.0,4.0,47.0,15.0,13.0,3.0,0.0,1.0
gordoaa01,Aaron Gordon,20,1,1.0,7.0,1.0,2.0,0.0,3.0,3.0,3.0,0.0,0.0,0.0
gordoaa01,Aaron Gordon,21,3,15.0,33.0,13.0,17.0,7.0,50.0,19.0,6.0,1.0,3.0,4.0
gordoaa01,Aaron Gordon,22,3,14.0,25.0,7.0,9.0,5.0,40.0,13.0,9.0,1.0,1.0,3.0
gordoaa01,Aaron Gordon,23,2,11.0,21.0,10.0,16.0,1.0,33.0,13.0,4.0,1.0,1.0,3.0
gordoaa01,Aaron Gordon,24,2,8.0,19.0,3.0,4.0,2.0,21.0,8.0,5.0,2.0,0.0,4.0
gordoaa01,Aaron Gordon,25,2,10.0,20.0,5.0,6.0,4.0,29.0,11.0,11.0,0.0,1.0,0.0
nesmiaa01,Aaron Nesmith,1,3,13.0,35.0,2.0,5.0,10.0,38.0,16.0,3.0,0.0,1.0,1.0
nesmiaa01,Aaron Nesmith,2,3,15.0,46.0,10.0,13.0,8.0,48.0,11.0,3.0,1.0,1.0,2.0
nesmiaa01,Aaron Nesmith,3,3,18.0,43.0,13.0,15.0,8.0,57.0,15.0,3.0,6.0,0.0,5.0
nesmiaa01,Aaron Nesmith,4,2,8.0,23.0,6.0,6.0,5.0,27.0,7.0,8.0,2.0,1.0,0.0
nesmiaa01,Aaron Nesmith,10,1,3.0,9.0,0.0,0.0,3.0,9.0,5.0,1.0,0.0,2.0,1.0
nesmiaa01,Aaron Nesmith,11,4,19.0,41.0,7.0,8.0,12.0,57.0,20.0,14.0,3.0,5.0,8.0
nesmiaa01,Aaron Nesmith,12,3,14.0,41.0,7.0,9.0,7.0,42.0,22.0,8.0,2.0,1.0,5.0
nesmiaa01,Aaron Nesmith,13,3,8.0,34.0,4.0,5.0,4.0,24.0,14.0,5.0,2.0,1.0,5.0
nesmiaa01,Aaron Nesmith,14,3,11.0,32.0,5.0,6.0,3.0,30.0,19.0,10.0,1.0,2.0,9.0
nesmiaa01,Aaron Nesmith,15,3,19.0,30.0,8.0,9.0,9.0,55.0,7.0,9.0,1.0,1.0,5.0
nesmiaa01,Aaron Nesmith,16,3,12.0,26.0,6.0,8.0,6.0,36.0,8.0,4.0,3.0,1.0,3.0
nesmiaa01,Aaron Nesmith,17,1,4.0,10.0,2.0,2.0,1.0,11.0,8.0,0.0,0.0,2.0,2.0
nesmiaa01,Aaron Nesmith,18,1,0.0,3.0,3.0,3.0,0.0,3.0,2.0,1.0,0.0,0.0,0.0
nesmiaa01,Aaron Nesmith,20,3,8.0,24.0,0.0,1.0,2.0,18.0,7.0,5.0,1.0,2.0,3.0
nesmiaa01,Aaron Nesmith,21,3,25.0,49.0,13.0,13.0,10.0,73.0,8.0,6.0,1.0,2.0,4.0
nesmiaa01,Aaron Nesmith,22,3,13.0,28.0,2.0,2.0,6.0,34.0,6.0,1.0,1.0,0.0,1.0
nesmiaa01,Aaron Nesmith,23,3,22.0,38.0,4.0,6.0,11.0,59.0,12.0,5.0,2.0,1.0,9.0
baileac01,Ace Bailey,1,2,1.0,10.0,0.0,0.0,0.0,2.0,6.0,3.0,0.0,0.0,1.0
baileac01,Ace Bailey,2,4,10.0,30.0,4.0,4.0,2.0,26.0,12.0,7.0,2.0,1.0,5.0
baileac01,Ace Bailey,3,3,9.0,19.0,5.0,6.0,2.0,25.0,12.0,4.0,1.0,0.0,6.0
baileac01,Ace Bailey,4,4,21.0,40.0,5.0,7.0,9.0,56.0,17.0,6.0,5.0,1.0,6.0
baileac01,Ace Bailey,5,3,16.0,31.0,0.0,0.0,6.0,38.0,8.0,7.0,5.0,0.0,3.0
baileac01,Ace Bailey,6,3,18.0,32.0,2.0,2.0,7.0,45.0,9.0,5.0,2.0,1.0,4.0
baileac01,Ace Bailey,7,4,17.0,44.0,1.0,3.0,9.0,44.0,11.0,8.0,4.0,5.0,7.0
baileac01,Ace Bailey,8,1,4.0,12.0,0.0,0.0,0.0,8.0,4.0,0.0,0.0,2.0,1.0
baileac01,Ace Bailey,9,3,16.0,36.0,2.0,6.0,6.0,40.0,10.0,6.0,1.0,0.0,2.0
baileac01,Ace Bailey,10,3,11.0,27.0,1.0,2.0,4.0,27.0,9.0,0.0,2.0,1.0,2.0
baileac01,Ace Bailey,12,1,1.0,3.0,0.0,0.0,0.0,2.0,1.0,0.0,1.0,0.0,0.0
baileac01,Ace Bailey,13,4,20.0,44.0,4.0,4.0,3.0,47.0,19.0,9.0,2.0,3.0,6.0
baileac01,Ace Bailey,14,4,28.0,54.0,2.0,2.0,7.0,65.0,17.0,9.0,2.0,3.0,6.0
baileac01,Ace Bailey,15,4,22.0,51.0,2.0,2.0,9.0,55.0,21.0,6.0,5.0,2.0,4.0
baileac01,Ace Bailey,16,3,20.0,47.0,4.0,8.0,5.0,49.0,13.0,5.0,6.0,4.0,6.0
baileac01,Ace Bailey,17,3,19.0,38.0,2.0,2.0,4.0,44.0,20.0,9.0,1.0,0.0,4.0
baileac01,Ace Bailey,18,1,8.0,19.0,2.0,3.0,2.0,20.0,6.0,3.0,0.0,1.0,3.0
baileac01,Ace Bailey,19,3,15.0,42.0,5.0,5.0,5.0,40.0,20.0,3.0,4.0,4.0,3.0
baileac01,Ace Bailey,20,4,27.0,62.0,5.0,6.0,12.0,71.0,14.0,6.0,6.0,1.0,8.0
baileac01,Ace Bailey,21,2,11.0,19.0,0.0,0.0,7.0,29.0,5.0,3.0,2.0,1.0,1.0
baileac01,Ace Bailey,22,3,26.0,60.0,7.0,8.0,16.0,75.0,18.0,10.0,3.0,7.0,8.0
baileac01,Ace Bailey,23,4,30.0,69.0,10.0,11.0,10.0,80.0,24.0,9.0,2.0,7.0,7.0
baileac01,Ace Bailey,24,4,28.0,63.0,3.0,5.0,8.0,67.0,13.0,10.0,1.0,3.0,8.0
baileac01,Ace Bailey,25,2,17.0,40.0,0.0,2.0,4.0,38.0,13.0,3.0,3.0,2.0,6.0
mitchaj01,Ajay Mitchell,1,3,21.0,45.0,9.0,9.0,5.0,56.0,12.0,13.0,3.0,1.0,1.0
mitchaj01,Ajay Mitchell,2,4,22.0,52.0,16.0,18.0,5.0,65.0,13.0,12.0,6.0,0.0,8.0
mitchaj01,Ajay Mitchell,3,4,24.0,48.0,16.0,17.0,4.0,68.0,19.0,20.0,11.0,1.0,9.0
mitchaj01,Ajay Mitchell,4,3,18.0,41.0,5.0,6.0,4.0,45.0,12.0,9.0,5.0,2.0,7.0
mitchaj01,Ajay Mitchell,5,4,20.0,42.0,12.0,15.0,4.0,56.0,10.0,15.0,7.0,2.0,8.0
mitchaj01,Ajay Mitchell,6,3,10.0,21.0,9.0,12.0,1.0,30.0,7.0,9.0,1.0,0.0,2.0
mitchaj01,Ajay Mitchell,7,3,9.0,18.0,4.0,4.0,4.0,26.0,6.0,9.0,2.0,0.0,4.0
mitchaj01,Ajay Mitchell,8,2,5.0,9.0,6.0,6.0,2.0,18.0,8.0,8.0,3.0,2.0,2.0
mitchaj01,Ajay Mitchell,9,2,12.0,25.0,5.0,5.0,1.0,30.0,9.0,7.0,2.0,0.0,1.0
mitchaj01,Ajay Mitchell,10,2,12.0,22.0,2.0,4.0,3.0,29.0,10.0,5.0,4.0,0.0,3.0
mitchaj01,Ajay Mitchell,11,4,16.0,28.0,16.0,16.0,3.0,51.0,11.0,16.0,5.0,3.0,5.0
mitchaj01,Ajay Mitchell,12,4,26.0,57.0,8.0,11.0,6.0,66.0,12.0,14.0,6.0,2.0,4.0
mitchaj01,Ajay Mitchell,13,3,17.0,31.0,5.0,5.0,4.0,43.0,15.0,9.0,3.0,1.0,9.0
mitchaj01,Ajay Mitchell,14,2,10.0,17.0,1.0,3.0,2.0,23.0,5.0,11.0,3.0,0.0,5.0
mitchaj01,Ajay Mitchell,21,3,19.0,39.0,9.0,10.0,3.0,50.0,11.0,12.0,3.0,0.0,3.0
mitchaj01,Ajay Mitchell,22,3,16.0,31.0,5.0,5.0,3.0,40.0,10.0,8.0,2.0,0.0,4.0
mitchaj01,Ajay Mitchell,23,3,12.0,23.0,4.0,6.0,3.0,31.0,10.0,12.0,0.0,3.0,3.0
mitchaj01,Ajay Mitchell,24,3,11.0,26.0,6.0,6.0,3.0,31.0,6.0,11.0,3.0,1.0,3.0
mitchaj01,Ajay Mitchell,25,2,6.0,15.0,3.0,4.0,1.0,16.0,4.0,6.0,2.0,0.0,0.0
horfoal01,Al Horford,1,2,7.0,15.0,0.0,0.0,4.0,18.0,8.0,3.0,1.0,1.0,4.0
horfoal01,Al Horford,2,3,4.0,15.0,0.0,0.0,1.0,9.0,12.0,3.0,1.0,2.0,4.0
horfoal01,Al Horford,3,2,4.0,14.0,0.0,0.0,4.0,12.0,11.0,3.0,2.0,3.0,3.0
horfoal01,Al Horford,4,3,5.0,16.0,0.0,0.0,5.0,15.0,8.0,9.0,4.0,4.0,2.0
horfoal01,Al Horford,5,2,4.0,11.0,6.0,6.0,2.0,16.0,12.0,4.0,4.0,2.0,3.0
horfoal01,Al Horford,7,1,1.0,8.0,0.0,0.0,1.0,3.0,6.0,4.0,1.0,1.0,0.0
horfoal01,Al Horford,10,2,8.0,13.0,0.0,0.0,5.0,21.0,11.0,2.0,2.0,2.0,0.0
horfoal01,Al Horford,11,2,7.0,13.0,2.0,2.0,5.0,21.0,8.0,0.0,0.0,2.0,1.0
horfoal01,Al Horford,12,4,10.0,26.0,2.0,2.0,5.0,27.0,28.0,10.0,1.0,4.0,3.0
horfoal01,Al Horford,13,3,8.0,18.0,1.0,1.0,5.0,22.0,9.0,10.0,2.0,5.0,3.0
horfoal01,Al Horford,14,3,9.0,20.0,0.0,0.0,5.0,23.0,21.0,7.0,3.0,2.0,2.0
horfoal01,Al Horford,15,2,9.0,14.0,2.0,2.0,2.0,22.0,12.0,11.0,3.0,4.0,2.0
horfoal01,Al Horford,16,3,10.0,23.0,3.0,5.0,4.0,27.0,8.0,6.0,1.0,4.0,5.0
horfoal01,Al Horford,17,2,10.0,19.0,1.0,1.0,1.0,22.0,13.0,7.0,1.0,0.0,1.0
horfoal01,Al Horford,18,2,10.0,21.0,0.0,0.0,7.0,27.0,9.0,11.0,3.0,3.0,4.0
horfoal01,Al Horford,19,2,6.0,13.0,2.0,2.0,4.0,18.0,12.0,5.0,0.0,3.0,0.0
horfoal01,Al Horford,20,3,14.0,32.0,3.0,5.0,7.0,38.0,17.0,12.0,1.0,4.0,2.0
horfoal01,Al Horford,21,2,6.0,21.0,0.0,0.0,4.0,16.0,10.0,5.0,0.0,4.0,2.0
horfoal01,Al Horford,25,2,6.0,13.0,0.0,0.0,3.0,15.0,4.0,4.0,0.0,1.0,1.0
sarral01,Alex Sarr,1,3,19.0,35.0,6.0,8.0,1.0,45.0,24.0,13.0,1.0,6.0,7.0
sarral01,Alex Sarr,2,3,22.0,42.0,6.0,8.0,5.0,55.0,27.0,9.0,3.0,7.0,10.0
sarral01,Alex Sarr,3,4,36.0,69.0,11.0,15.0,4.0,87.0,26.0,18.0,4.0,12.0,9.0
sarral01,Alex Sarr,4,3,21.0,43.0,3.0,5.0,4.0,49.0,29.0,7.0,1.0,3.0,5.0
sarral01,Alex Sarr,5,1,7.0,18.0,0.0,3.0,2.0,16.0,11.0,4.0,0.0,0.0,1.0
sarral01,Alex Sarr,6,2,19.0,34.0,11.0,20.0,2.0,51.0,20.0,1.0,4.0,4.0,2.0
sarral01,Alex Sarr,9,2,16.0,34.0,0.0,0.0,4.0,36.0,15.0,5.0,0.0,2.0,0.0
sarral01,Alex Sarr,10,3,18.0,35.0,4.0,5.0,2.0,42.0,23.0,4.0,4.0,13.0,2.0
sarral01,Alex Sarr,11,4,19.0,45.0,7.0,8.0,3.0,48.0,21.0,14.0,2.0,10.0,7.0
sarral01,Alex Sarr,12,4,25.0,48.0,18.0,22.0,3.0,71.0,30.0,9.0,4.0,10.0,10.0
sarral01,Alex Sarr,13,3,17.0,31.0,5.0,11.0,0.0,39.0,13.0,5.0,0.0,3.0,6.0
sarral01,Alex Sarr,14,3,26.0,51.0,12.0,13.0,3.0,67.0,18.0,7.0,4.0,3.0,2.0
sarral01,Alex Sarr,15,3,25.0,56.0,7.0,9.0,4.0,61.0,35.0,10.0,5.0,8.0,5.0
sarral01,Alex Sarr,16,3,15.0,34.0,2.0,7.0,3.0,35.0,27.0,9.0,2.0,1.0,4.0
sarral01,Alex Sarr,20,1,3.0,7.0,0.0,0.0,1.0,7.0,4.0,1.0,0.0,1.0,1.0
sarral01,Alex Sarr,21,3,19.0,40.0,4.0,6.0,6.0,48.0,15.0,1.0,4.0,8.0,5.0
sarral01,Alex Sarr,22,2,6.0,24.0,2.0,2.0,2.0,16.0,8.0,10.0,1.0,3.0,5.0
sarral01,Alex Sarr,23,1,3.0,10.0,1.0,2.0,1.0,8.0,9.0,3.0,0.0,1.0,1.0
sengual01,Alperen Şengün,1,2,17.0,42.0,17.0,21.0,5.0,56.0,18.0,14.0,5.0,1.0,7.0
sengual01,Alperen Şengün,2,3,18.0,32.0,15.0,20.0,4.0,55.0,24.0,24.0,4.0,4.0,9.0
sengual01,Alperen Şengün,3,4,36.0,71.0,20.0,29.0,2.0,94.0,47.0,28.0,3.0,2.0,17.0
sengual01,Alperen Şengün,4,3,26.0,57.0,13.0,18.0,6.0,71.0,35.0,23.0,3.0,5.0,7.0
sengual01,Alperen Şengün,5,2,16.0,31.0,10.0,13.0,0.0,42.0,16.0,13.0,2.0,1.0,9.0
sengual01,Alperen Şengün,6,3,25.0,47.0,9.0,14.0,2.0,61.0,15.0,16.0,2.0,1.0,7.0
sengual01,Alperen Şengün,7,2,23.0,39.0,12.0,15.0,1.0,59.0,18.0,17.0,6.0,5.0,6.0
sengual01,Alperen Şengün,8,1,9.0,22.0,4.0,6.0,0.0,22.0,15.0,5.0,4.0,0.0,5.0
sengual01,Alperen Şengün,9,4,41.0,79.0,15.0,22.0,0.0,97.0,33.0,25.0,7.0,6.0,15.0
sengual01,Alperen Şengün,10,2,14.0,23.0,5.0,5.0,0.0,33.0,23.0,11.0,3.0,1.0,9.0
sengual01,Alperen Şengün,11,2,8.0,12.0,4.0,6.0,0.0,20.0,7.0,6.0,2.0,1.0,1.0
sengual01,Alperen Şengün,12,1,8.0,20.0,2.0,6.0,1.0,19.0,9.0,4.0,2.0,1.0,1.0
sengual01,Alperen Şengün,13,4,37.0,70.0,9.0,18.0,0.0,83.0,42.0,23.0,6.0,4.0,16.0
sengual01,Alperen Şengün,14,3,18.0,38.0,14.0,22.0,2.0,52.0,22.0,21.0,5.0,4.0,11.0
sengual01,Alperen Şengün,15,4,31.0,71.0,11.0,19.0,1.0,74.0,46.0,24.0,3.0,3.0,10.0
sengual01,Alperen Şengün,16,4,27.0,60.0,21.0,27.0,1.0,76.0,46.0,24.0,5.0,5.0,10.0
sengual01,Alperen Şengün,17,2,16.0,30.0,5.0,8.0,1.0,38.0,16.0,11.0,0.0,3.0,5.0
sengual01,Alperen Şengün,18,2,12.0,28.0,4.0,6.0,1.0,29.0,8.0,13.0,3.0,4.0,8.0
sengual01,Alperen Şengün,19,4,30.0,54.0,10.0,14.0,1.0,71.0,34.0,28.0,5.0,6.0,11.0
sengual01,Alperen Şengün,20,4,38.0,67.0,16.0,23.0,1.0,93.0,32.0,14.0,2.0,2.0,24.0
sengual01,Alperen Şengün,21,2,11.0,23.0,2.0,6.0,0.0,24.0,14.0,7.0,0.0,3.0,5.0
sengual01,Alperen Şengün,22,3,26.0,39.0,8.0,12.0,1.0,61.0,25.0,23.0,3.0,0.0,11.0
sengual01,Alperen Şengün,23,4,46.0,77.0,15.0,21.0,6.0,113.0,40.0,27.0,6.0,11.0,4.0
sengual01,Alperen Şengün,24,4,31.0,49.0,15.0,21.0,4.0,81.0,24.0,26.0,3.0,3.0,7.0
sengual01,Alperen Şengün,25,3,19.0,42.0,4.0,4.0,0.0,42.0,32.0,18.0,1.0,1.0,12.0
thompam01,Amen Thompson,1,2,10.0,25.0,8.0,12.0,0.0,28.0,8.0,6.0,1.0,1.0,6.0
thompam01,Amen Thompson,2,3,18.0,35.0,10.0,14.0,1.0,47.0,22.0,23.0,3.0,0.0,7.0
thompam01,Amen Thompson,3,4,34.0,69.0,11.0,15.0,4.0,83.0,30.0,19.0,7.0,3.0,11.0
thompam01,Amen Thompson,4,3,18.0,41.0,12.0,13.0,1.0,49.0,13.0,14.0,4.0,2.0,3.0
thompam01,Amen Thompson,5,2,16.0,32.0,1.0,1.0,1.0,34.0,16.0,8.0,7.0,0.0,4.0
thompam01,Amen Thompson,6,3,16.0,36.0,10.0,12.0,1.0,43.0,29.0,20.0,2.0,1.0,9.0
thompam01,Amen Thompson,7,4,30.0,60.0,20.0,23.0,1.0,81.0,30.0,17.0,5.0,4.0,16.0
thompam01,Amen Thompson,8,1,8.0,12.0,4.0,4.0,0.0,20.0,9.0,8.0,1.0,0.0,1.0
thompam01,Amen Thompson,9,4,30.0,51.0,10.0,14.0,1.0,71.0,31.0,24.0,6.0,3.0,10.0
thompam01,Amen Thompson,10,3,25.0,43.0,7.0,11.0,1.0,58.0,25.0,14.0,3.0,1.0,8.0
thompam01,Amen Thompson,11,3,24.0,39.0,13.0,13.0,2.0,63.0,24.0,14.0,5.0,3.0,6.0
thompam01,Amen Thompson,12,4,33.0,63.0,29.0,38.0,1.0,96.0,41.0,21.0,3.0,2.0,13.0
thompam01,Amen Thompson,13,4,25.0,52.0,18.0,22.0,2.0,70.0,29.0,15.0,6.0,1.0,8.0
thompam01,Amen Thompson,14,3,18.0,36.0,12.0,15.0,0.0,48.0,25.0,22.0,6.0,3.0,5.0
thompam01,Amen Thompson,15,4,25.0,57.0,13.0,18.0,0.0,63.0,30.0,32.0,9.0,4.0,6.0
thompam01,Amen Thompson,16,3,12.0,30.0,10.0,15.0,1.0,35.0,20.0,18.0,4.0,3.0,13.0
thompam01,Amen Thompson,17,2,11.0,18.0,5.0,6.0,1.0,28.0,12.0,6.0,2.0,1.0,3.0
thompam01,Amen Thompson,18,2,8.0,17.0,5.0,7.0,0.0,21.0,17.0,9.0,7.0,2.0,6.0
thompam01,Amen Thompson,19,3,18.0,30.0,13.0,21.0,0.0,49.0,23.0,10.0,4.0,2.0,13.0
thompam01,Amen Thompson,20,4,37.0,57.0,13.0,17.0,2.0,89.0,36.0,22.0,9.0,1.0,4.0
thompam01,Amen Thompson,21,3,21.0,39.0,17.0,23.0,3.0,62.0,20.0,18.0,2.0,1.0,9.0
thompam01,Amen Thompson,22,4,34.0,59.0,14.0,15.0,1.0,83.0,48.0,17.0,3.0,2.0,8.0
thompam01,Amen Thompson,23,4,24.0,45.0,17.0,21.0,1.0,66.0,28.0,19.0,7.0,5.0,6.0
thompam01,Amen Thompson,24,4,28.0,46.0,18.0,23.0,0.0,74.0,23.0,25.0,5.0,2.0,4.0
thompam01,Amen Thompson,25,3,34.0,52.0,14.0,17.0,0.0,82.0,25.0,19.0,8.0,1.0,11.0
nembhan01,Andrew Nembhard,1,1,0.0,5.0,4.0,4.0,0.0,4.0,1.0,4.0,0.0,0.0,2.0
nembhan01,Andrew Nembhard,3,2,12.0,36.0,8.0,8.0,4.0,36.0,2.0,15.0,2.0,0.0,5.0
nembhan01,Andrew Nembhard,4,3,21.0,42.0,18.0,19.0,8.0,68.0,8.0,20.0,0.0,1.0,5.0
nembhan01,Andrew Nembhard,5,3,21.0,45.0,16.0,18.0,5.0,63.0,4.0,19.0,2.0,1.0,11.0
nembhan01,Andrew Nembhard,6,3,11.0,34.0,8.0,13.0,5.0,35.0,6.0,16.0,6.0,0.0,6.0
nembhan01,Andrew Nembhard,7,3,19.0,36.0,9.0,12.0,5.0,52.0,9.0,20.0,3.0,1.0,6.0
nembhan01,Andrew Nembhard,8,3,19.0,47.0,11.0,13.0,4.0,53.0,11.0,25.0,3.0,0.0,5.0
nembhan01,Andrew Nembhard,9,2,14.0,30.0,5.0,6.0,5.0,38.0,4.0,9.0,1.0,0.0,3.0
nembhan01,Andrew Nembhard,10,4,25.0,59.0,10.0,13.0,7.0,67.0,12.0,37.0,3.0,0.0,15.0
nembhan01,Andrew Nembhard,11,4,27.0,54.0,8.0,13.0,7.0,69.0,12.0,26.0,6.0,0.0,7.0
nembhan01,Andrew Nembhard,12,2,16.0,28.0,7.0,10.0,5.0,44.0,7.0,20.0,3.0,1.0,3.0
nembhan01,Andrew Nembhard,13,3,16.0,37.0,9.0,9.0,5.0,46.0,11.0,25.0,2.0,1.0,6.0
nembhan01,Andrew Nembhard,14,3,22.0,42.0,10.0,13.0,7.0,61.0,13.0,25.0,1.0,0.0,11.0
nembhan01,Andrew Nembhard,15,3,18.0,43.0,7.0,10.0,7.0,50.0,17.0,32.0,3.0,1.0,8.0
nembhan01,Andrew Nembhard,16,3,12.0,40.0,10.0,11.0,5.0,39.0,6.0,18.0,4.0,1.0,9.0
nembhan01,Andrew Nembhard,17,1,9.0,16.0,2.0,2.0,4.0,24.0,4.0,10.0,0.0,0.0,3.0
nembhan01,Andrew Nembhard,18,2,9.0,21.0,5.0,5.0,4.0,27.0,2.0,15.0,1.0,0.0,7.0
nembhan01,Andrew Nembhard,19,2,14.0,31.0,9.0,11.0,6.0,43.0,4.0,10.0,2.0,0.0,7.0
nembhan01,Andrew Nembhard,20,3,13.0,30.0,7.0,11.0,3.0,36.0,8.0,22.0,4.0,0.0,7.0
nembhan01,Andrew Nembhard,21,2,9.0,21.0,11.0,12.0,2.0,31.0,5.0,9.0,3.0,0.0,2.0
nembhan01,Andrew Nembhard,22,1,8.0,13.0,7.0,9.0,2.0,25.0,1.0,7.0,1.0,0.0,1.0
nembhan01,Andrew Nembhard,23,4,18.0,43.0,12.0,12.0,7.0,55.0,13.0,53.0,1.0,1.0,8.0
wiggian01,Andrew Wiggins,1,3,14.0,29.0,7.0,12.0,2.0,37.0,16.0,6.0,2.0,3.0,6.0
wiggian01,Andrew Wiggins,2,3,25.0,49.0,4.0,7.0,6.0,60.0,17.0,5.0,6.0,2.0,8.0
wiggian01,Andrew Wiggins,3,4,30.0,55.0,4.0,6.0,12.0,76.0,13.0,12.0,6.0,4.0,5.0
wiggian01,Andrew Wiggins,4,3,21.0,44.0,8.0,10.0,5.0,55.0,18.0,14.0,1.0,3.0,10.0
wiggian01,Andrew Wiggins,5,2,10.0,31.0,1.0,2.0,2.0,23.0,10.0,5.0,2.0,2.0,1.0
wiggian01,Andrew Wiggins,6,2,14.0,26.0,11.0,12.0,3.0,42.0,8.0,7.0,3.0,2.0,2.0
wiggian01,Andrew Wiggins,7,4,24.0,52.0,5.0,8.0,6.0,59.0,24.0,13.0,2.0,7.0,7.0
wiggian01,Andrew Wiggins,8,1,8.0,14.0,0.0,0.0,3.0,19.0,2.0,2.0,1.0,1.0,1.0
wiggian01,Andrew Wiggins,9,3,9.0,31.0,3.0,4.0,6.0,27.0,11.0,8.0,4.0,4.0,4.0
wiggian01,Andrew Wiggins,10,3,26.0,44.0,2.0,2.0,6.0,60.0,17.0,8.0,4.0,2.0,4.0
wiggian01,Andrew Wiggins,11,4,21.0,51.0,9.0,10.0,7.0,58.0,17.0,13.0,8.0,6.0,5.0
wiggian01,Andrew Wiggins,12,3,16.0,34.0,3.0,3.0,9.0,44.0,15.0,6.0,3.0,4.0,8.0
wiggian01,Andrew Wiggins,13,3,13.0,36.0,8.0,9.0,5.0,39.0,19.0,10.0,3.0,0.0,3.0
wiggian01,Andrew Wiggins,14,5,30.0,59.0,10.0,10.0,8.0,78.0,30.0,15.0,5.0,1.0,9.0
wiggian01,Andrew Wiggins,15,4,21.0,48.0,9.0,11.0,6.0,57.0,12.0,10.0,6.0,5.0,10.0
wiggian01,Andrew Wiggins,16,2,14.0,27.0,1.0,2.0,8.0,37.0,16.0,2.0,4.0,1.0,1.0
wiggian01,Andrew Wiggins,17,1,9.0,18.0,4.0,8.0,4.0,26.0,5.0,2.0,0.0,1.0,1.0
wiggian01,Andrew Wiggins,18,2,14.0,22.0,6.0,6.0,7.0,41.0,14.0,5.0,1.0,1.0,2.0
wiggian01,Andrew Wiggins,19,3,14.0,32.0,11.0,13.0,7.0,46.0,16.0,11.0,1.0,7.0,3.0
wiggian01,Andrew Wiggins,20,2,9.0,19.0,2.0,2.0,1.0,21.0,11.0,5.0,2.0,3.0,1.0
wiggian01,Andrew Wiggins,23,4,17.0,35.0,5.0,6.0,9.0,48.0,13.0,8.0,6.0,4.0,1.0
wiggian01,Andrew Wiggins,24,3,17.0,31.0,5.0,7.0,9.0,48.0,14.0,5.0,4.0,5.0,3.0
wiggian01,Andrew Wiggins,25,4,14.0,34.0,9.0,12.0,7.0,44.0,11.0,10.0,2.0,1.0,8.0
simonan01,Anfernee Simons,1,3,14.0,32.0,2.0,3.0,5.0,35.0,6.0,5.0,4.0,1.0,4.0
simonan01,Anfernee Simons,2,4,21.0,53.0,5.0,6.0,14.0,61.0,11.0,5.0,1.0,1.0,4.0
simonan01,Anfernee Simons,3,4,24.0,50.0,7.0,7.0,14.0,69.0,4.0,9.0,1.0,1.0,4.0
simonan01,Anfernee Simons,4,3,7.0,28.0,4.0,4.0,5.0,23.0,8.0,14.0,0.0,0.0,5.0
simonan01,Anfernee Simons,5,3,21.0,31.0,7.0,9.0,8.0,57.0,12.0,11.0,2.0,0.0,7.0
simonan01,Anfernee Simons,6,3,11.0,25.0,2.0,3.0,4.0,28.0,3.0,7.0,1.0,1.0,2.0
simonan01,Anfernee Simons,7,4,16.0,40.0,7.0,7.0,9.0,48.0,10.0,10.0,2.0,0.0,0.0
simonan01,Anfernee Simons,8,1,2.0,9.0,2.0,2.0,1.0,7.0,0.0,2.0,1.0,0.0,0.0
simonan01,Anfernee Simons,9,3,15.0,34.0,5.0,5.0,3.0,38.0,7.0,3.0,2.0,0.0,1.0
simonan01,Anfernee Simons,10,3,10.0,29.0,6.0,7.0,6.0,32.0,6.0,3.0,2.0,0.0,4.0
simonan01,Anfernee Simons,11,3,16.0,36.0,4.0,4.0,13.0,49.0,10.0,12.0,1.0,0.0,3.0
simonan01,Anfernee Simons,12,4,23.0,44.0,1.0,2.0,15.0,62.0,11.0,13.0,0.0,0.0,6.0
simonan01,Anfernee Simons,13,3,25.0,53.0,6.0,6.0,13.0,69.0,9.0,9.0,1.0,1.0,6.0
simonan01,Anfernee Simons,14,4,19.0,51.0,3.0,4.0,8.0,49.0,14.0,9.0,6.0,0.0,7.0
simonan01,Anfernee Simons,15,4,26.0,53.0,3.0,3.0,12.0,67.0,7.0,4.0,3.0,1.0,3.0
simonan01,Anfernee Simons,16,2,13.0,30.0,2.0,2.0,9.0,37.0,6.0,9.0,0.0,1.0,3.0
simonan01,Anfernee Simons,17,2,13.0,26.0,1.0,1.0,3.0,30.0,8.0,8.0,0.0,1.0,7.0
simonan01,Anfernee Simons,18,2,9.0,24.0,2.0,2.0,4.0,24.0,3.0,1.0,0.0,0.0,3.0
blackan01,Anthony Black,1,3,12.0,22.0,8.0,11.0,2.0,34.0,11.0,6.0,2.0,2.0,9.0
blackan01,Anthony Black,2,4,19.0,39.0,9.0,14.0,5.0,52.0,10.0,10.0,4.0,4.0,11.0
blackan01,Anthony Black,3,3,9.0,25.0,3.0,4.0,3.0,24.0,11.0,7.0,6.0,2.0,3.0
blackan01,Anthony Black,4,4,17.0,37.0,6.0,9.0,5.0,45.0,10.0,11.0,4.0,2.0,7.0
blackan01,Anthony Black,5,4,20.0,43.0,14.0,20.0,4.0,58.0,12.0,15.0,10.0,1.0,6.0
blackan01,Anthony Black,6,2,18.0,34.0,6.0,10.0,5.0,47.0,5.0,7.0,4.0,1.0,6.0
blackan01,Anthony Black,7,4,18.0,50.0,17.0,23.0,3.0,56.0,35.0,18.0,2.0,3.0,9.0
blackan01,Anthony Black,8,2,10.0,30.0,1.0,3.0,1.0,22.0,11.0,11.0,2.0,3.0,6.0
blackan01,Anthony Black,9,2,14.0,30.0,11.0,14.0,3.0,42.0,8.0,8.0,2.0,0.0,4.0
blackan01,Anthony Black,10,4,38.0,74.0,10.0,16.0,17.0,103.0,22.0,18.0,6.0,2.0,8.0
blackan01,Anthony Black,11,4,31.0,62.0,18.0,20.0,7.0,87.0,12.0,25.0,6.0,6.0,12.0
blackan01,Anthony Black,12,4,21.0,43.0,9.0,11.0,7.0,58.0,17.0,21.0,5.0,1.0,16.0
blackan01,Anthony Black,13,2,14.0,28.0,6.0,7.0,6.0,40.0,8.0,13.0,1.0,0.0,5.0
blackan01,Anthony Black,14,2,7.0,23.0,2.0,4.0,4.0,20.0,7.0,7.0,2.0,2.0,3.0
blackan01,Anthony Black,15,4,26.0,56.0,15.0,16.0,9.0,76.0,16.0,18.0,9.0,4.0,4.0
blackan01,Anthony Black,16,3,19.0,47.0,8.0,9.0,3.0,49.0,11.0,12.0,6.0,4.0,4.0
blackan01,Anthony Black,17,2,13.0,23.0,8.0,9.0,5.0,39.0,8.0,5.0,3.0,1.0,3.0
blackan01,Anthony Black,18,3,16.0,34.0,4.0,6.0,5.0,41.0,9.0,8.0,5.0,1.0,5.0
blackan01,Anthony Black,19,2,7.0,25.0,0.0,5.0,2.0,16.0,5.0,6.0,4.0,2.0,4.0
blackan01,Anthony Black,20,2,3.0,12.0,2.0,4.0,0.0,8.0,4.0,3.0,3.0,0.0,0.0
blackan01,Anthony Black,25,4,13.0,36.0,12.0,16.0,4.0,42.0,12.0,7.0,5.0,4.0,7.0
davisan02,Anthony Davis,1,3,27.0,55.0,18.0,26.0,2.0,74.0,36.0,8.0,7.0,5.0,8.0
davisan02,Anthony Davis,2,2,12.0,20.0,5.0,5.0,1.0,30.0,15.0,3.0,1.0,1.0,3.0
davisan02,Anthony Davis,6,1,6.0,10.0,0.0,0.0,0.0,12.0,5.0,5.0,0.0,3.0,0.0
davisan02,Anthony Davis,7,4,35.0,68.0,6.0,11.0,4.0,80.0,46.0,16.0,4.0,7.0,6.0
davisan02,Anthony Davis,8,1,10.0,21.0,4.0,5.0,0.0,24.0,14.0,3.0,3.0,2.0,3.0
davisan02,Anthony Davis,9,2,18.0,38.0,2.0,2.0,1.0,39.0,29.0,4.0,0.0,4.0,3.0
davisan02,Anthony Davis,10,3,29.0,51.0,9.0,13.0,2.0,69.0,29.0,6.0,5.0,3.0,5.0
davisan02,Anthony Davis,11,2,15.0,28.0,9.0,11.0,0.0,39.0,20.0,5.0,1.0,5.0,8.0
davisan02,Anthony Davis,12,2,17.0,43.0,6.0,8.0,0.0,40.0,27.0,6.0,1.0,3.0,5.0
edwaran01,Anthony Edwards,1,3,27.0,52.0,14.0,17.0,9.0,77.0,12.0,6.0,0.0,2.0,6.0
edwaran01,Anthony Edwards,3,3,24.0,50.0,15.0,18.0,15.0,78.0,11.0,11.0,5.0,1.0,9.0
edwaran01,Anthony Edwards,4,3,30.0,68.0,25.0,28.0,6.0,91.0,18.0,16.0,5.0,3.0,7.0
edwaran01,Anthony Edwards,5,3,25.0,58.0,15.0,19.0,7.0,72.0,11.0,9.0,8.0,2.0,8.0
edwaran01,Anthony Edwards,6,4,50.0,90.0,26.0,33.0,19.0,145.0,20.0,20.0,3.0,2.0,13.0
edwaran01,Anthony Edwards,7,3,22.0,47.0,18.0,20.0,8.0,70.0,17.0,12.0,2.0,6.0,16.0
edwaran01,Anthony Edwards,8,1,15.0,21.0,7.0,9.0,3.0,40.0,9.0,2.0,1.0,0.0,1.0
edwaran01,Anthony Edwards,9,2,16.0,44.0,13.0,18.0,5.0,50.0,16.0,9.0,3.0,3.0,4.0
edwaran01,Anthony Edwards,10,3,39.0,74.0,21.0,28.0,11.0,110.0,15.0,7.0,8.0,1.0,10.0
edwaran01,Anthony Edwards,11,4,43.0,71.0,22.0,30.0,13.0,121.0,16.0,14.0,7.0,3.0,8.0
edwaran01,Anthony Edwards,12,4,38.0,83.0,9.0,15.0,14.0,99.0,19.0,18.0,2.0,5.0,8.0
edwaran01,Anthony Edwards,13,1,19.0,33.0,8.0,10.0,9.0,55.0,4.0,3.0,0.0,0.0,2.0
edwaran01,Anthony Edwards,14,3,33.0,73.0,14.0,16.0,10.0,90.0,25.0,8.0,2.0,2.0,10.0
edwaran01,Anthony Edwards,15,3,24.0,55.0,23.0,27.0,8.0,79.0,13.0,14.0,6.0,3.0,6.0
edwaran01,Anthony Edwards,16,4,42.0,90.0,33.0,43.0,10.0,127.0,24.0,14.0,6.0,3.0,10.0
edwaran01,Anthony Edwards,17,2,16.0,31.0,4.0,5.0,8.0,44.0,10.0,8.0,4.0,2.0,6.0
edwaran01,Anthony Edwards,18,2,27.0,49.0,6.0,9.0,8.0,68.0,15.0,4.0,3.0,2.0,10.0
edwaran01,Anthony Edwards,19,3,32.0,70.0,12.0,18.0,10.0,86.0,10.0,15.0,4.0,2.0,10.0
edwaran01,Anthony Edwards,20,3,31.0,59.0,18.0,20.0,17.0,97.0,13.0,7.0,8.0,3.0,6.0
edwaran01,Anthony Edwards,21,4,32.0,71.0,37.0,44.0,10.0,111.0,18.0,19.0,4.0,3.0,15.0
edwaran01,Anthony Edwards,24,2,10.0,28.0,3.0,4.0,2.0,25.0,4.0,7.0,2.0,1.0,5.0
edwaran01,Anthony Edwards,25,1,7.0,14.0,5.0,6.0,3.0,22.0,2.0,3.0,0.0,0.0,4.0
thompau01,Ausar Thompson,1,3,21.0,40.0,8.0,13.0,1.0,51.0,23.0,14.0,4.0,2.0,3.0
thompau01,Ausar Thompson,2,3,13.0,32.0,5.0,11.0,2.0,33.0,21.0,7.0,3.0,1.0,4.0
thompau01,Ausar Thompson,3,4,24.0,43.0,6.0,15.0,1.0,55.0,22.0,13.0,11.0,4.0,7.0
thompau01,Ausar Thompson,5,2,6.0,11.0,0.0,0.0,0.0,12.0,4.0,1.0,3.0,4.0,0.0
thompau01,Ausar Thompson,6,4,16.0,33.0,6.0,9.0,1.0,39.0,26.0,11.0,4.0,1.0,9.0
thompau01,Ausar Thompson,7,4,18.0,30.0,10.0,16.0,0.0,46.0,23.0,16.0,5.0,1.0,5.0
thompau01,Ausar Thompson,8,1,5.0,9.0,2.0,2.0,0.0,12.0,6.0,1.0,2.0,2.0,3.0
thompau01,Ausar Thompson,9,3,11.0,21.0,7.0,16.0,0.0,29.0,12.0,4.0,4.0,4.0,6.0
thompau01,Ausar Thompson,10,4,18.0,39.0,15.0,24.0,0.0,51.0,30.0,6.0,6.0,1.0,7.0
thompau01,Ausar Thompson,11,3,12.0,23.0,3.0,7.0,0.0,27.0,12.0,7.0,3.0,4.0,5.0
thompau01,Ausar Thompson,12,3,12.0,25.0,3.0,4.0,0.0,27.0,18.0,10.0,7.0,5.0,6.0
thompau01,Ausar Thompson,13,2,4.0,9.0,4.0,7.0,0.0,12.0,13.0,3.0,3.0,1.0,1.0
thompau01,Ausar Thompson,14,4,15.0,29.0,6.0,7.0,0.0,36.0,29.0,14.0,11.0,1.0,5.0
thompau01,Ausar Thompson,15,4,15.0,28.0,5.0,8.0,1.0,36.0,24.0,12.0,14.0,3.0,4.0
thompau01,Ausar Thompson,16,3,11.0,20.0,3.0,4.0,0.0,25.0,18.0,7.0,8.0,6.0,3.0
thompau01,Ausar Thompson,17,2,5.0,11.0,0.0,0.0,0.0,10.0,12.0,6.0,3.0,1.0,3.0
thompau01,Ausar Thompson,18,2,8.0,20.0,2.0,2.0,0.0,18.0,8.0,12.0,6.0,0.0,3.0
thompau01,Ausar Thompson,19,4,20.0,28.0,6.0,12.0,0.0,46.0,27.0,17.0,7.0,6.0,6.0
thompau01,Ausar Thompson,20,2,7.0,11.0,2.0,4.0,0.0,16.0,6.0,6.0,4.0,2.0,2.0
thompau01,Ausar Thompson,21,1,2.0,8.0,0.0,2.0,0.0,4.0,1.0,3.0,1.0,1.0,1.0
thompau01,Ausar Thompson,22,3,10.0,24.0,4.0,6.0,0.0,24.0,19.0,9.0,8.0,3.0,8.0
thompau01,Ausar Thompson,23,4,19.0,32.0,3.0,5.0,0.0,41.0,19.0,8.0,12.0,4.0,4.0
thompau01,Ausar Thompson,24,4,15.0,28.0,4.0,10.0,0.0,34.0,28.0,21.0,10.0,5.0,10.0
thompau01,Ausar Thompson,25,4,16.0,23.0,5.0,7.0,0.0,37.0,17.0,20.0,6.0,7.0,5.0
reaveau01,Austin Reaves,1,3,30.0,53.0,33.0,37.0,9.0,102.0,23.0,29.0,4.0,0.0,8.0
reaveau01,Austin Reaves,2,4,36.0,82.0,32.0,35.0,12.0,116.0,13.0,36.0,6.0,0.0,16.0
reaveau01,Austin Reaves,4,4,29.0,62.0,26.0,33.0,9.0,93.0,20.0,25.0,5.0,1.0,13.0
reaveau01,Austin Reaves,5,2,14.0,28.0,18.0,20.0,2.0,48.0,15.0,5.0,2.0,0.0,7.0
reaveau01,Austin Reaves,6,3,32.0,46.0,26.0,28.0,12.0,102.0,22.0,14.0,4.0,1.0,7.0
reaveau01,Austin Reaves,7,4,31.0,67.0,32.0,38.0,13.0,107.0,16.0,25.0,1.0,1.0,16.0
reaveau01,Austin Reaves,8,1,6.0,16.0,1.0,1.0,2.0,15.0,8.0,7.0,0.0,1.0,3.0
reaveau01,Austin Reaves,10,2,11.0,19.0,4.0,5.0,3.0,29.0,3.0,3.0,0.0,1.0,5.0
reaveau01,Austin Reaves,16,3,20.0,36.0,20.0,24.0,6.0,66.0,15.0,11.0,4.0,1.0,12.0
reaveau01,Austin Reaves,17,2,11.0,24.0,10.0,12.0,2.0,34.0,6.0,13.0,1.0,0.0,7.0
reaveau01,Austin Reaves,18,2,13.0,25.0,13.0,14.0,5.0,44.0,13.0,4.0,4.0,1.0,4.0
reaveau01,Austin Reaves,19,4,21.0,48.0,12.0,12.0,8.0,62.0,6.0,13.0,3.0,4.0,9.0
reaveau01,Austin Reaves,20,4,24.0,56.0,20.0,23.0,7.0,75.0,19.0,20.0,8.0,3.0,9.0
reaveau01,Austin Reaves,21,3,35.0,61.0,12.0,15.0,11.0,93.0,19.0,21.0,2.0,1.0,7.0
reaveau01,Austin Reaves,22,4,24.0,59.0,20.0,25.0,5.0,73.0,18.0,22.0,6.0,3.0,7.0
reaveau01,Austin Reaves,23,3,21.0,44.0,25.0,29.0,8.0,75.0,11.0,18.0,3.0,1.0,7.0
reaveau01,Austin Reaves,24,3,15.0,36.0,19.0,20.0,4.0,53.0,13.0,14.0,3.0,1.0,14.0
dosunay01,Ayo Dosunmu,1,2,12.0,24.0,0.0,0.0,5.0,29.0,6.0,4.0,0.0,0.0,2.0
dosunay01,Ayo Dosunmu,2,3,18.0,28.0,11.0,13.0,5.0,52.0,9.0,12.0,1.0,0.0,1.0
dosunay01,Ayo Dosunmu,3,2,8.0,17.0,3.0,3.0,2.0,21.0,3.0,4.0,2.0,0.0,2.0
dosunay01,Ayo Dosunmu,4,3,16.0,34.0,11.0,11.0,7.0,50.0,6.0,12.0,4.0,1.0,8.0
dosunay01,Ayo Dosunmu,5,4,24.0,39.0,11.0,15.0,7.0,66.0,13.0,11.0,0.0,3.0,5.0
dosunay01,Ayo Dosunmu,6,3,19.0,36.0,4.0,6.0,6.0,48.0,8.0,7.0,0.0,0.0,3.0
dosunay01,Ayo Dosunmu,7,3,12.0,32.0,8.0,8.0,6.0,38.0,9.0,13.0,4.0,1.0,7.0
dosunay01,Ayo Dosunmu,9,2,9.0,17.0,0.0,1.0,3.0,21.0,1.0,4.0,1.0,0.0,1.0
dosunay01,Ayo Dosunmu,10,3,9.0,22.0,5.0,5.0,2.0,25.0,7.0,6.0,3.0,0.0,2.0
dosunay01,Ayo Dosunmu,11,4,20.0,44.0,9.0,10.0,6.0,55.0,17.0,24.0,2.0,1.0,5.0
dosunay01,Ayo Dosunmu,12,3,23.0,37.0,3.0,3.0,10.0,59.0,8.0,16.0,4.0,2.0,4.0
dosunay01,Ayo Dosunmu,13,4,23.0,46.0,5.0,6.0,8.0,59.0,8.0,15.0,5.0,1.0,2.0
dosunay01,Ayo Dosunmu,14,3,13.0,28.0,2.0,3.0,8.0,36.0,9.0,7.0,2.0,3.0,4.0
dosunay01,Ayo Dosunmu,15,5,38.0,70.0,16.0,19.0,9.0,101.0,28.0,21.0,4.0,0.0,14.0
dosunay01,Ayo Dosunmu,16,2,10.0,23.0,2.0,2.0,6.0,28.0,5.0,9.0,4.0,0.0,2.0
dosunay01,Ayo Dosunmu,17,2,14.0,21.0,3.0,3.0,2.0,33.0,2.0,7.0,3.0,1.0,1.0
dosunay01,Ayo Dosunmu,18,2,6.0,17.0,2.0,2.0,3.0,17.0,7.0,7.0,0.0,0.0,1.0
dosunay01,Ayo Dosunmu,19,3,12.0,22.0,2.0,3.0,2.0,28.0,5.0,7.0,3.0,0.0,4.0
dosunay01,Ayo Dosunmu,20,3,12.0,26.0,4.0,4.0,2.0,30.0,6.0,7.0,3.0,1.0,2.0
dosunay01,Ayo Dosunmu,21,3,18.0,26.0,1.0,2.0,6.0,43.0,14.0,8.0,0.0,0.0,6.0
dosunay01,Ayo Dosunmu,22,4,29.0,58.0,9.0,10.0,9.0,76.0,32.0,22.0,4.0,2.0,7.0
dosunay01,Ayo Dosunmu,24,4,25.0,53.0,11.0,11.0,7.0,68.0,29.0,21.0,6.0,2.0,7.0
dosunay01,Ayo Dosunmu,25,2,16.0,27.0,5.0,5.0,2.0,39.0,5.0,5.0,3.0,0.0,6.0
adebaba01,Bam Adebayo,1,3,17.0,47.0,18.0,19.0,6.0,58.0,30.0,9.0,2.0,0.0,11.0
adebaba01,Bam Adebayo,2,3,28.0,54.0,10.0,12.0,8.0,74.0,24.0,10.0,4.0,2.0,3.0
adebaba01,Bam Adebayo,3,2,11.0,23.0,3.0,5.0,2.0,27.0,11.0,4.0,2.0,0.0,2.0
adebaba01,Bam Adebayo,5,3,18.0,38.0,14.0,17.0,6.0,56.0,27.0,9.0,2.0,5.0,4.0
adebaba01,Bam Adebayo,6,3,17.0,38.0,13.0,19.0,2.0,49.0,27.0,4.0,3.0,4.0,6.0
adebaba01,Bam Adebayo,7,4,33.0,60.0,7.0,10.0,8.0,81.0,43.0,10.0,5.0,4.0,7.0
adebaba01,Bam Adebayo,8,1,7.0,14.0,5.0,6.0,0.0,19.0,8.0,2.0,1.0,3.0,0.0
adebaba01,Bam Adebayo,9,4,21.0,50.0,15.0,23.0,1.0,58.0,46.0,7.0,3.0,3.0,11.0
adebaba01,Bam Adebayo,10,1,4.0,11.0,1.0,3.0,0.0,9.0,12.0,3.0,2.0,0.0,1.0
adebaba01,Bam Adebayo,11,4,20.0,51.0,8.0,9.0,4.0,52.0,39.0,14.0,4.0,3.0,8.0
adebaba01,Bam Adebayo,12,3,11.0,33.0,3.0,5.0,1.0,26.0,34.0,9.0,1.0,1.0,5.0
adebaba01,Bam Adebayo,13,3,28.0,56.0,12.0,14.0,13.0,81.0,25.0,13.0,3.0,1.0,3.0
adebaba01,Bam Adebayo,14,5,36.0,87.0,26.0,28.0,11.0,109.0,51.0,13.0,6.0,4.0,9.0
adebaba01,Bam Adebayo,15,4,29.0,62.0,15.0,21.0,9.0,82.0,44.0,13.0,4.0,0.0,7.0
adebaba01,Bam Adebayo,16,3,18.0,44.0,14.0,16.0,4.0,54.0,29.0,5.0,7.0,0.0,5.0
adebaba01,Bam Adebayo,17,2,14.0,37.0,19.0,27.0,3.0,50.0,25.0,9.0,0.0,4.0,7.0
adebaba01,Bam Adebayo,18,2,12.0,21.0,4.0,7.0,2.0,30.0,14.0,10.0,1.0,0.0,1.0
adebaba01,Bam Adebayo,19,3,27.0,56.0,8.0,14.0,9.0,71.0,34.0,6.0,3.0,1.0,3.0
adebaba01,Bam Adebayo,20,4,35.0,82.0,17.0,19.0,5.0,92.0,37.0,16.0,9.0,4.0,3.0
adebaba01,Bam Adebayo,21,3,32.0,78.0,51.0,66.0,9.0,124.0,24.0,6.0,7.0,4.0,9.0
adebaba01,Bam Adebayo,22,2,21.0,40.0,13.0,18.0,5.0,60.0,31.0,6.0,3.0,0.0,1.0
adebaba01,Bam Adebayo,23,4,20.0,66.0,20.0,23.0,4.0,64.0,41.0,17.0,4.0,2.0,4.0
adebaba01,Bam Adebayo,24,3,18.0,38.0,22.0,28.0,8.0,66.0,35.0,15.0,4.0,0.0,7.0
adebaba01,Bam Adebayo,25,4,29.0,59.0,11.0,14.0,7.0,76.0,41.0,22.0,6.0,4.0,3.0
mathube01,Bennedict Mathurin,1,2,17.0,31.0,23.0,26.0,5.0,62.0,14.0,5.0,0.0,0.0,5.0
mathube01,Bennedict Mathurin,5,3,21.0,44.0,21.0,28.0,7.0,70.0,22.0,6.0,3.0,1.0,8.0
mathube01,Bennedict Mathurin,6,4,24.0,63.0,9.0,11.0,11.0,68.0,15.0,11.0,4.0,0.0,15.0
mathube01,Bennedict Mathurin,7,3,17.0,35.0,10.0,12.0,10.0,54.0,16.0,6.0,2.0,1.0,9.0
mathube01,Bennedict Mathurin,8,3,12.0,31.0,17.0,17.0,6.0,47.0,15.0,6.0,1.0,1.0,3.0
mathube01,Bennedict Mathurin,9,2,9.0,27.0,0.0,0.0,2.0,20.0,12.0,4.0,3.0,0.0,4.0
mathube01,Bennedict Mathurin,10,4,24.0,59.0,12.0,13.0,7.0,67.0,25.0,5.0,3.0,1.0,7.0
mathube01,Bennedict Mathurin,11,3,10.0,27.0,14.0,14.0,5.0,39.0,13.0,9.0,0.0,0.0,6.0
mathube01,Bennedict Mathurin,15,3,13.0,26.0,14.0,15.0,5.0,45.0,15.0,6.0,1.0,0.0,7.0
mathube01,Bennedict Mathurin,16,1,8.0,15.0,9.0,10.0,0.0,25.0,4.0,5.0,0.0,0.0,0.0
mathube01,Bennedict Mathurin,17,2,7.0,23.0,10.0,11.0,1.0,25.0,10.0,7.0,6.0,1.0,1.0
mathube01,Bennedict Mathurin,18,3,26.0,54.0,29.0,34.0,4.0,85.0,21.0,11.0,3.0,0.0,8.0
mathube01,Bennedict Mathurin,19,2,8.0,27.0,7.0,10.0,0.0,23.0,11.0,3.0,1.0,1.0,7.0
mathube01,Bennedict Mathurin,20,4,23.0,51.0,22.0,25.0,1.0,69.0,28.0,6.0,3.0,4.0,7.0
mathube01,Bennedict Mathurin,21,4,31.0,64.0,33.0,38.0,5.0,100.0,21.0,7.0,3.0,1.0,9.0
mathube01,Bennedict Mathurin,22,1,5.0,12.0,6.0,6.0,0.0,16.0,4.0,3.0,2.0,0.0,2.0
mathube01,Bennedict Mathurin,23,3,16.0,32.0,33.0,40.0,3.0,68.0,17.0,8.0,1.0,1.0,6.0
mathube01,Bennedict Mathurin,24,3,9.0,21.0,8.0,8.0,1.0,27.0,13.0,7.0,5.0,0.0,7.0
mathube01,Bennedict Mathurin,25,4,11.0,35.0,15.0,18.0,2.0,39.0,17.0,14.0,2.0,1.0,7.0
mbengbe01,Bez Mbeng,21,2,3.0,10.0,0.0,0.0,0.0,6.0,7.0,7.0,4.0,2.0,6.0
mbengbe01,Bez Mbeng,22,3,6.0,13.0,4.0,4.0,2.0,18.0,13.0,14.0,4.0,1.0,4.0
mbengbe01,Bez Mbeng,23,4,8.0,17.0,3.0,7.0,0.0,19.0,13.0,9.0,7.0,1.0,2.0
mbengbe01,Bez Mbeng,24,3,4.0,13.0,3.0,4.0,1.0,12.0,6.0,9.0,6.0,1.0,3.0
mbengbe01,Bez Mbeng,25,3,29.0,47.0,6.0,10.0,3.0,67.0,18.0,23.0,13.0,0.0,7.0
coulibi01,Bilal Coulibaly,2,2,9.0,22.0,6.0,8.0,2.0,26.0,10.0,8.0,2.0,4.0,4.0
coulibi01,Bilal Coulibaly,3,2,5.0,16.0,3.0,5.0,3.0,16.0,9.0,5.0,2.0,0.0,6.0
coulibi01,Bilal Coulibaly,4,1,2.0,6.0,2.0,2.0,0.0,6.0,3.0,4.0,2.0,2.0,0.0
coulibi01,Bilal Coulibaly,5,3,8.0,18.0,10.0,11.0,3.0,29.0,9.0,9.0,2.0,2.0,3.0
coulibi01,Bilal Coulibaly,6,2,6.0,15.0,6.0,8.0,2.0,20.0,7.0,6.0,3.0,2.0,5.0
coulibi01,Bilal Coulibaly,7,2,4.0,14.0,0.0,1.0,1.0,9.0,10.0,4.0,4.0,2.0,4.0
coulibi01,Bilal Coulibaly,9,1,1.0,7.0,1.0,2.0,0.0,3.0,4.0,2.0,1.0,0.0,3.0
coulibi01,Bilal Coulibaly,10,3,19.0,42.0,7.0,9.0,4.0,49.0,21.0,4.0,6.0,4.0,4.0
coulibi01,Bilal Coulibaly,11,4,10.0,30.0,17.0,22.0,3.0,40.0,24.0,10.0,6.0,5.0,6.0
coulibi01,Bilal Coulibaly,12,4,17.0,38.0,12.0,16.0,6.0,52.0,18.0,10.0,8.0,2.0,5.0
coulibi01,Bilal Coulibaly,13,1,1.0,1.0,1.0,1.0,0.0,3.0,2.0,0.0,0.0,0.0,0.0
coulibi01,Bilal Coulibaly,15,4,12.0,28.0,10.0,11.0,1.0,35.0,18.0,12.0,6.0,4.0,2.0
coulibi01,Bilal Coulibaly,16,3,7.0,23.0,4.0,7.0,3.0,21.0,11.0,7.0,3.0,2.0,8.0
coulibi01,Bilal Coulibaly,17,1,5.0,9.0,2.0,3.0,1.0,13.0,0.0,2.0,2.0,1.0,0.0
coulibi01,Bilal Coulibaly,18,3,16.0,30.0,5.0,8.0,5.0,42.0,9.0,9.0,5.0,4.0,4.0
coulibi01,Bilal Coulibaly,19,3,13.0,29.0,4.0,7.0,2.0,32.0,16.0,9.0,4.0,4.0,3.0
coulibi01,Bilal Coulibaly,20,4,20.0,50.0,3.0,6.0,8.0,51.0,14.0,6.0,4.0,2.0,5.0
coulibi01,Bilal Coulibaly,21,3,15.0,38.0,14.0,16.0,7.0,51.0,15.0,13.0,3.0,3.0,5.0
coulibi01,Bilal Coulibaly,22,3,20.0,37.0,9.0,11.0,6.0,55.0,17.0,10.0,5.0,4.0,6.0
coulibi01,Bilal Coulibaly,23,3,14.0,39.0,4.0,6.0,4.0,36.0,13.0,7.0,3.0,1.0,4.0
coulibi01,Bilal Coulibaly,24,2,10.0,23.0,4.0,6.0,0.0,24.0,5.0,2.0,3.0,3.0,2.0
coulibi01,Bilal Coulibaly,25,2,16.0,26.0,8.0,11.0,4.0,44.0,8.0,6.0,1.0,3.0,2.0
hinsobl01,Blake Hinson,17,1,4.0,7.0,0.0,0.0,3.0,11.0,1.0,1.0,0.0,0.0,1.0
hinsobl01,Blake Hinson,18,1,5.0,6.0,0.0,0.0,3.0,13.0,4.0,0.0,0.0,0.0,0.0
hinsobl01,Blake Hinson,19,2,4.0,11.0,0.0,1.0,2.0,10.0,5.0,1.0,0.0,1.0,0.0
hinsobl01,Blake Hinson,20,3,10.0,23.0,2.0,3.0,7.0,29.0,7.0,3.0,0.0,0.0,0.0
hinsobl01,Blake Hinson,21,2,6.0,13.0,1.0,2.0,6.0,19.0,4.0,2.0,1.0,0.0,1.0
hinsobl01,Blake Hinson,22,1,5.0,9.0,0.0,0.0,4.0,14.0,3.0,1.0,0.0,0.0,0.0
hinsobl01,Blake Hinson,23,1,6.0,8.0,5.0,6.0,4.0,21.0,0.0,1.0,0.0,1.0,0.0
hinsobl01,Blake Hinson,25,3,19.0,38.0,4.0,4.0,8.0,50.0,9.0,7.0,4.0,0.0,3.0
portibo01,Bobby Portis,1,3,10.0,29.0,0.0,0.0,3.0,23.0,22.0,2.0,0.0,0.0,5.0
portibo01,Bobby Portis,2,3,15.0,29.0,2.0,2.0,5.0,37.0,13.0,4.0,1.0,1.0,3.0
portibo01,Bobby Portis,3,4,11.0,24.0,2.0,4.0,4.0,28.0,17.0,9.0,3.0,0.0,5.0
portibo01,Bobby Portis,4,4,19.0,35.0,2.0,2.0,7.0,47.0,25.0,2.0,0.0,0.0,5.0
portibo01,Bobby Portis,5,3,19.0,31.0,4.0,6.0,6.0,48.0,21.0,2.0,2.0,0.0,0.0
portibo01,Bobby Portis,6,4,19.0,46.0,1.0,2.0,8.0,47.0,19.0,6.0,3.0,0.0,5.0
portibo01,Bobby Portis,7,4,21.0,50.0,3.0,7.0,9.0,54.0,24.0,10.0,2.0,2.0,4.0
portibo01,Bobby Portis,8,2,15.0,20.0,0.0,0.0,7.0,37.0,13.0,1.0,2.0,0.0,0.0
portibo01,Bobby Portis,9,2,16.0,33.0,3.0,3.0,5.0,40.0,23.0,1.0,3.0,1.0,4.0
portibo01,Bobby Portis,10,3,20.0,42.0,3.0,4.0,3.0,46.0,32.0,6.0,4.0,0.0,4.0
portibo01,Bobby Portis,11,4,23.0,45.0,9.0,9.0,12.0,67.0,24.0,5.0,0.0,2.0,4.0
portibo01,Bobby Portis,12,3,13.0,28.0,0.0,0.0,5.0,31.0,20.0,3.0,0.0,1.0,2.0
portibo01,Bobby Portis,13,2,11.0,20.0,0.0,0.0,5.0,27.0,13.0,4.0,3.0,0.0,1.0
portibo01,Bobby Portis,14,3,18.0,41.0,1.0,1.0,8.0,45.0,18.0,10.0,1.0,0.0,1.0
portibo01,Bobby Portis,15,3,20.0,46.0,2.0,5.0,2.0,44.0,31.0,14.0,2.0,1.0,5.0
portibo01,Bobby Portis,16,1,9.0,18.0,0.0,0.0,3.0,21.0,6.0,1.0,0.0,0.0,1.0
portibo01,Bobby Portis,17,3,11.0,22.0,2.0,2.0,5.0,29.0,14.0,3.0,5.0,0.0,4.0
portibo01,Bobby Portis,18,2,11.0,20.0,0.0,0.0,1.0,23.0,18.0,2.0,0.0,1.0,0.0
portibo01,Bobby Portis,19,4,24.0,44.0,3.0,4.0,12.0,63.0,14.0,2.0,0.0,1.0,3.0
portibo01,Bobby Portis,20,4,20.0,34.0,5.0,7.0,10.0,55.0,19.0,7.0,2.0,2.0,5.0
portibo01,Bobby Portis,21,3,24.0,50.0,3.0,5.0,11.0,62.0,21.0,5.0,4.0,0.0,3.0
portibo01,Bobby Portis,22,2,12.0,31.0,2.0,3.0,4.0,30.0,15.0,5.0,3.0,0.0,1.0
portibo01,Bobby Portis,23,1,5.0,12.0,1.0,2.0,0.0,11.0,6.0,1.0,1.0,0.0,0.0
podzibr01,Brandin Podziemski,1,3,9.0,25.0,4.0,6.0,4.0,26.0,15.0,3.0,4.0,0.0,4.0
podzibr01,Brandin Podziemski,2,4,23.0,42.0,5.0,8.0,9.0,60.0,18.0,16.0,6.0,2.0,3.0
podzibr01,Brandin Podziemski,3,4,17.0,42.0,9.0,10.0,5.0,48.0,19.0,17.0,3.0,1.0,9.0
podzibr01,Brandin Podziemski,4,4,16.0,34.0,3.0,4.0,10.0,45.0,16.0,11.0,6.0,2.0,3.0
podzibr01,Brandin Podziemski,5,3,13.0,35.0,14.0,17.0,5.0,45.0,14.0,5.0,3.0,0.0,4.0
podzibr01,Brandin Podziemski,6,3,12.0,28.0,5.0,8.0,6.0,35.0,14.0,11.0,4.0,0.0,3.0
podzibr01,Brandin Podziemski,7,4,19.0,41.0,6.0,7.0,10.0,54.0,21.0,13.0,5.0,0.0,11.0
podzibr01,Brandin Podziemski,8,2,5.0,11.0,1.0,2.0,3.0,14.0,9.0,10.0,1.0,0.0,3.0
podzibr01,Brandin Podziemski,9,2,12.0,22.0,1.0,2.0,4.0,29.0,5.0,8.0,2.0,0.0,6.0
podzibr01,Brandin Podziemski,10,3,15.0,27.0,7.0,8.0,5.0,42.0,15.0,11.0,1.0,1.0,4.0
podzibr01,Brandin Podziemski,11,4,15.0,35.0,6.0,9.0,8.0,44.0,15.0,17.0,1.0,1.0,3.0
podzibr01,Brandin Podziemski,12,4,8.0,20.0,7.0,8.0,2.0,25.0,15.0,7.0,5.0,0.0,1.0
podzibr01,Brandin Podziemski,13,3,19.0,28.0,4.0,7.0,8.0,50.0,15.0,10.0,6.0,0.0,4.0
podzibr01,Brandin Podziemski,14,4,23.0,52.0,6.0,10.0,4.0,56.0,18.0,22.0,8.0,1.0,7.0
podzibr01,Brandin Podziemski,15,3,7.0,27.0,18.0,20.0,2.0,34.0,23.0,19.0,3.0,1.0,9.0
podzibr01,Brandin Podziemski,16,3,9.0,26.0,0.0,0.0,4.0,22.0,11.0,7.0,2.0,1.0,6.0
podzibr01,Brandin Podziemski,17,2,12.0,27.0,6.0,7.0,2.0,32.0,9.0,7.0,2.0,0.0,2.0
podzibr01,Brandin Podziemski,18,2,12.0,24.0,1.0,1.0,4.0,29.0,22.0,15.0,2.0,1.0,3.0
podzibr01,Brandin Podziemski,19,3,17.0,44.0,6.0,8.0,4.0,44.0,30.0,15.0,3.0,0.0,7.0
podzibr01,Brandin Podziemski,20,3,25.0,53.0,5.0,6.0,10.0,65.0,22.0,10.0,2.0,0.0,4.0
podzibr01,Brandin Podziemski,21,4,24.0,50.0,13.0,20.0,12.0,73.0,25.0,19.0,6.0,1.0,9.0
podzibr01,Brandin Podziemski,22,4,10.0,35.0,16.0,21.0,4.0,40.0,16.0,12.0,3.0,1.0,8.0
podzibr01,Brandin Podziemski,23,4,28.0,53.0,19.0,20.0,12.0,87.0,31.0,20.0,5.0,2.0,9.0
podzibr01,Brandin Podziemski,24,3,20.0,34.0,11.0,12.0,6.0,57.0,12.0,12.0,3.0,0.0,4.0
podzibr01,Brandin Podziemski,25,4,24.0,51.0,19.0,20.0,10.0,77.0,9.0,7.0,2.0,0.0,5.0
ingrabr01,Brandon Ingram,1,3,27.0,52.0,8.0,10.0,5.0,67.0,21.0,9.0,4.0,1.0,12.0
ingrabr01,Brandon Ingram,2,4,33.0,57.0,17.0,19.0,6.0,89.0,20.0,18.0,3.0,2.0,10.0
ingrabr01,Brandon Ingram,3,3,20.0,48.0,12.0,12.0,2.0,54.0,22.0,13.0,1.0,3.0,5.0
ingrabr01,Brandon Ingram,4,3,19.0,44.0,16.0,19.0,1.0,55.0,15.0,10.0,4.0,2.0,5.0
ingrabr01,Brandon Ingram,5,4,28.0,61.0,24.0,27.0,7.0,87.0,20.0,18.0,6.0,4.0,16.0
ingrabr01,Brandon Ingram,6,4,40.0,90.0,10.0,19.0,9.0,99.0,22.0,10.0,3.0,1.0,15.0
ingrabr01,Brandon Ingram,7,4,31.0,73.0,10.0,14.0,6.0,78.0,26.0,15.0,0.0,1.0,15.0
ingrabr01,Brandon Ingram,8,1,11.0,18.0,6.0,8.0,3.0,31.0,6.0,6.0,2.0,0.0,3.0
ingrabr01,Brandon Ingram,9,4,35.0,72.0,15.0,17.0,15.0,100.0,22.0,18.0,2.0,4.0,14.0
ingrabr01,Brandon Ingram,10,3,27.0,60.0,10.0,12.0,3.0,67.0,16.0,10.0,1.0,3.0,4.0
ingrabr01,Brandon Ingram,11,3,29.0,58.0,12.0,14.0,6.0,76.0,26.0,6.0,2.0,3.0,4.0
ingrabr01,Brandon Ingram,12,2,10.0,21.0,2.0,2.0,3.0,25.0,9.0,5.0,1.0,5.0,3.0
ingrabr01,Brandon Ingram,13,4,31.0,70.0,16.0,17.0,7.0,85.0,29.0,20.0,4.0,3.0,12.0
ingrabr01,Brandon Ingram,14,4,27.0,65.0,16.0,19.0,8.0,78.0,19.0,16.0,3.0,4.0,4.0
ingrabr01,Brandon Ingram,15,3,30.0,58.0,15.0,17.0,6.0,81.0,14.0,7.0,5.0,2.0,4.0
ingrabr01,Brandon Ingram,16,3,27.0,54.0,9.0,11.0,8.0,71.0,17.0,13.0,0.0,3.0,4.0
ingrabr01,Brandon Ingram,17,1,5.0,7.0,2.0,2.0,1.0,13.0,0.0,0.0,0.0,1.0,2.0
ingrabr01,Brandon Ingram,18,2,19.0,43.0,10.0,13.0,5.0,53.0,10.0,12.0,2.0,2.0,4.0
ingrabr01,Brandon Ingram,19,3,24.0,50.0,8.0,11.0,3.0,59.0,22.0,15.0,1.0,1.0,8.0
ingrabr01,Brandon Ingram,20,3,20.0,48.0,13.0,18.0,3.0,56.0,13.0,12.0,3.0,1.0,6.0
ingrabr01,Brandon Ingram,21,4,36.0,76.0,17.0,22.0,12.0,101.0,18.0,11.0,5.0,1.0,10.0
ingrabr01,Brandon Ingram,22,3,16.0,29.0,9.0,11.0,2.0,43.0,14.0,7.0,0.0,3.0,12.0
ingrabr01,Brandon Ingram,23,2,13.0,31.0,2.0,3.0,3.0,31.0,12.0,6.0,2.0,2.0,4.0
ingrabr01,Brandon Ingram,24,3,19.0,39.0,13.0,14.0,3.0,54.0,11.0,9.0,0.0,2.0,5.0
ingrabr01,Brandon Ingram,25,4,37.0,64.0,20.0,25.0,8.0,102.0,26.0,18.0,4.0,1.0,6.0
millebr02,Brandon Miller,1,2,10.0,25.0,7.0,10.0,2.0,29.0,0.0,8.0,1.0,1.0,3.0
millebr02,Brandon Miller,5,1,8.0,18.0,3.0,3.0,2.0,21.0,1.0,3.0,1.0,1.0,0.0
millebr02,Brandon Miller,6,3,16.0,44.0,11.0,12.0,9.0,52.0,11.0,7.0,2.0,5.0,6.0
millebr02,Brandon Miller,7,2,10.0,33.0,4.0,5.0,5.0,29.0,8.0,7.0,2.0,2.0,9.0
millebr02,Brandon Miller,8,2,16.0,45.0,4.0,4.0,7.0,43.0,18.0,10.0,2.0,2.0,7.0
millebr02,Brandon Miller,9,2,13.0,31.0,9.0,10.0,5.0,40.0,12.0,8.0,4.0,3.0,6.0
millebr02,Brandon Miller,10,3,21.0,46.0,5.0,7.0,8.0,55.0,6.0,7.0,2.0,4.0,6.0
millebr02,Brandon Miller,11,4,37.0,85.0,17.0,21.0,14.0,105.0,23.0,15.0,3.0,2.0,9.0
millebr02,Brandon Miller,12,3,17.0,43.0,8.0,9.0,10.0,52.0,14.0,8.0,5.0,4.0,9.0
millebr02,Brandon Miller,13,4,33.0,64.0,11.0,14.0,13.0,90.0,18.0,16.0,2.0,3.0,12.0
millebr02,Brandon Miller,14,3,23.0,47.0,12.0,12.0,7.0,65.0,17.0,13.0,5.0,0.0,11.0
millebr02,Brandon Miller,15,4,32.0,62.0,25.0,25.0,16.0,105.0,23.0,9.0,3.0,2.0,6.0
millebr02,Brandon Miller,16,3,16.0,49.0,5.0,5.0,6.0,43.0,17.0,9.0,5.0,2.0,12.0
millebr02,Brandon Miller,17,2,18.0,44.0,10.0,10.0,9.0,55.0,12.0,5.0,3.0,3.0,8.0
millebr02,Brandon Miller,18,3,19.0,55.0,9.0,11.0,10.0,57.0,10.0,14.0,2.0,1.0,10.0
millebr02,Brandon Miller,19,3,29.0,54.0,7.0,8.0,17.0,82.0,20.0,9.0,3.0,1.0,14.0
millebr02,Brandon Miller,20,4,25.0,47.0,9.0,10.0,9.0,68.0,32.0,14.0,6.0,4.0,9.0
millebr02,Brandon Miller,21,3,16.0,47.0,10.0,10.0,7.0,49.0,18.0,12.0,6.0,0.0,10.0
millebr02,Brandon Miller,22,3,22.0,41.0,5.0,6.0,14.0,63.0,11.0,13.0,1.0,1.0,4.0
millebr02,Brandon Miller,23,4,25.0,57.0,11.0,13.0,15.0,76.0,25.0,13.0,1.0,0.0,6.0
millebr02,Brandon Miller,24,4,26.0,59.0,7.0,7.0,12.0,71.0,17.0,13.0,2.0,2.0,2.0
millebr02,Brandon Miller,25,3,22.0,48.0,10.0,11.0,7.0,61.0,6.0,4.0,5.0,1.0,4.0
sensabr01,Brice Sensabaugh,1,2,13.0,24.0,3.0,3.0,6.0,35.0,8.0,3.0,2.0,0.0,3.0
sensabr01,Brice Sensabaugh,2,4,4.0,13.0,8.0,9.0,2.0,18.0,8.0,2.0,1.0,1.0,2.0
sensabr01,Brice Sensabaugh,3,2,2.0,12.0,0.0,0.0,1.0,5.0,0.0,3.0,0.0,0.0,0.0
sensabr01,Brice Sensabaugh,4,4,18.0,32.0,3.0,3.0,12.0,51.0,17.0,5.0,3.0,0.0,5.0
sensabr01,Brice Sensabaugh,5,3,5.0,22.0,2.0,2.0,3.0,15.0,6.0,4.0,2.0,0.0,4.0
sensabr01,Brice Sensabaugh,6,3,16.0,36.0,9.0,11.0,5.0,46.0,7.0,3.0,4.0,3.0,2.0
sensabr01,Brice Sensabaugh,7,4,6.0,18.0,3.0,5.0,4.0,19.0,8.0,5.0,3.0,0.0,3.0
sensabr01,Brice Sensabaugh,8,1,4.0,8.0,0.0,0.0,3.0,11.0,3.0,2.0,1.0,0.0,0.0
sensabr01,Brice Sensabaugh,9,3,10.0,21.0,8.0,8.0,3.0,31.0,9.0,5.0,0.0,1.0,2.0
sensabr01,Brice Sensabaugh,10,4,17.0,39.0,7.0,8.0,8.0,49.0,13.0,9.0,3.0,0.0,6.0
sensabr01,Brice Sensabaugh,11,3,14.0,32.0,6.0,8.0,3.0,37.0,10.0,8.0,4.0,0.0,11.0
sensabr01,Brice Sensabaugh,12,4,24.0,51.0,6.0,7.0,7.0,61.0,18.0,8.0,2.0,0.0,8.0
sensabr01,Brice Sensabaugh,13,4,37.0,65.0,18.0,20.0,10.0,102.0,16.0,6.0,3.0,0.0,4.0
sensabr01,Brice Sensabaugh,14,2,7.0,21.0,7.0,8.0,4.0,25.0,7.0,1.0,1.0,0.0,3.0
sensabr01,Brice Sensabaugh,15,4,19.0,42.0,11.0,13.0,8.0,57.0,8.0,6.0,5.0,0.0,5.0
sensabr01,Brice Sensabaugh,16,3,15.0,34.0,5.0,8.0,7.0,42.0,8.0,9.0,1.0,0.0,1.0
sensabr01,Brice Sensabaugh,17,3,20.0,43.0,11.0,13.0,10.0,61.0,10.0,2.0,1.0,0.0,6.0
sensabr01,Brice Sensabaugh,18,1,4.0,12.0,0.0,0.0,1.0,9.0,4.0,3.0,0.0,0.0,3.0
sensabr01,Brice Sensabaugh,19,3,21.0,44.0,5.0,9.0,9.0,56.0,10.0,4.0,2.0,1.0,4.0
sensabr01,Brice Sensabaugh,20,4,15.0,49.0,9.0,10.0,7.0,46.0,11.0,10.0,4.0,0.0,4.0
sensabr01,Brice Sensabaugh,21,4,37.0,68.0,12.0,15.0,17.0,103.0,13.0,9.0,4.0,3.0,13.0
sensabr01,Brice Sensabaugh,22,1,17.0,31.0,3.0,4.0,4.0,41.0,4.0,3.0,1.0,0.0,5.0
sensabr01,Brice Sensabaugh,23,3,24.0,48.0,9.0,10.0,6.0,63.0,11.0,9.0,3.0,0.0,10.0
sensabr01,Brice Sensabaugh,24,4,35.0,65.0,13.0,17.0,17.0,100.0,17.0,19.0,3.0,3.0,14.0
sensabr01,Brice Sensabaugh,25,2,10.0,27.0,8.0,10.0,5.0,33.0,5.0,5.0,1.0,0.0,6.0
lopezbr01,Brook Lopez,1,3,9.0,22.0,0.0,0.0,8.0,26.0,13.0,1.0,1.0,5.0,3.0
lopezbr01,Brook Lopez,2,2,2.0,11.0,2.0,4.0,0.0,6.0,5.0,1.0,1.0,1.0,1.0
lopezbr01,Brook Lopez,3,4,13.0,25.0,0.0,0.0,5.0,31.0,6.0,0.0,2.0,2.0,4.0
lopezbr01,Brook Lopez,4,4,7.0,15.0,5.0,6.0,5.0,24.0,6.0,6.0,1.0,3.0,4.0
lopezbr01,Brook Lopez,5,4,7.0,21.0,1.0,1.0,5.0,20.0,3.0,1.0,0.0,3.0,1.0
lopezbr01,Brook Lopez,7,1,1.0,5.0,0.0,0.0,1.0,3.0,0.0,0.0,0.0,1.0,1.0
lopezbr01,Brook Lopez,8,1,0.0,1.0,0.0,0.0,0.0,0.0,0.0,0.0,1.0,1.0,0.0
lopezbr01,Brook Lopez,9,2,6.0,11.0,1.0,2.0,4.0,17.0,10.0,2.0,0.0,3.0,5.0
lopezbr01,Brook Lopez,10,3,13.0,28.0,6.0,6.0,11.0,43.0,18.0,7.0,2.0,5.0,3.0
lopezbr01,Brook Lopez,11,3,5.0,27.0,2.0,2.0,5.0,17.0,9.0,4.0,2.0,2.0,2.0
lopezbr01,Brook Lopez,12,4,3.0,19.0,1.0,1.0,2.0,9.0,11.0,6.0,3.0,5.0,0.0
lopezbr01,Brook Lopez,13,3,8.0,20.0,2.0,2.0,5.0,23.0,9.0,2.0,1.0,1.0,2.0
lopezbr01,Brook Lopez,14,4,7.0,19.0,2.0,2.0,3.0,19.0,8.0,4.0,4.0,6.0,5.0
lopezbr01,Brook Lopez,15,3,7.0,14.0,4.0,4.0,4.0,22.0,9.0,3.0,2.0,3.0,1.0
lopezbr01,Brook Lopez,16,4,14.0,34.0,3.0,4.0,7.0,38.0,14.0,6.0,2.0,6.0,3.0
lopezbr01,Brook Lopez,17,2,9.0,16.0,0.0,0.0,4.0,22.0,3.0,3.0,3.0,3.0,3.0
lopezbr01,Brook Lopez,18,3,14.0,28.0,4.0,4.0,2.0,34.0,20.0,4.0,4.0,4.0,1.0
lopezbr01,Brook Lopez,19,2,8.0,21.0,2.0,2.0,6.0,24.0,13.0,5.0,3.0,0.0,4.0
lopezbr01,Brook Lopez,20,4,23.0,43.0,2.0,4.0,5.0,53.0,14.0,6.0,4.0,0.0,2.0
lopezbr01,Brook Lopez,21,4,11.0,22.0,3.0,3.0,5.0,30.0,14.0,7.0,1.0,9.0,1.0
lopezbr01,Brook Lopez,22,4,12.0,31.0,3.0,10.0,3.0,30.0,18.0,9.0,1.0,5.0,5.0
lopezbr01,Brook Lopez,23,4,20.0,33.0,6.0,7.0,11.0,57.0,24.0,8.0,7.0,11.0,3.0
lopezbr01,Brook Lopez,24,3,12.0,33.0,6.0,6.0,3.0,33.0,15.0,5.0,0.0,4.0,2.0
lopezbr01,Brook Lopez,25,4,21.0,43.0,1.0,4.0,10.0,53.0,31.0,7.0,1.0,4.0,5.0
mccolcj01,CJ McCollum,1,3,14.0,42.0,6.0,9.0,5.0,39.0,14.0,13.0,1.0,0.0,3.0
mccolcj01,CJ McCollum,2,3,15.0,36.0,6.0,6.0,10.0,46.0,8.0,9.0,3.0,0.0,5.0
mccolcj01,CJ McCollum,3,4,20.0,54.0,9.0,11.0,9.0,58.0,10.0,11.0,3.0,2.0,6.0
mccolcj01,CJ McCollum,4,3,22.0,48.0,15.0,18.0,10.0,69.0,10.0,10.0,3.0,1.0,5.0
mccolcj01,CJ McCollum,5,3,21.0,45.0,3.0,4.0,7.0,52.0,10.0,10.0,1.0,1.0,4.0
mccolcj01,CJ McCollum,6,2,22.0,38.0,2.0,4.0,11.0,57.0,6.0,6.0,3.0,0.0,2.0
mccolcj01,CJ McCollum,7,4,32.0,67.0,10.0,12.0,14.0,88.0,9.0,15.0,2.0,2.0,11.0
mccolcj01,CJ McCollum,8,2,17.0,38.0,6.0,9.0,5.0,45.0,10.0,8.0,1.0,0.0,2.0
mccolcj01,CJ McCollum,9,3,20.0,43.0,6.0,7.0,8.0,54.0,12.0,13.0,4.0,0.0,4.0
mccolcj01,CJ McCollum,10,3,18.0,45.0,10.0,11.0,5.0,51.0,13.0,13.0,0.0,1.0,5.0
mccolcj01,CJ McCollum,11,4,28.0,54.0,7.0,9.0,9.0,72.0,16.0,13.0,3.0,2.0,9.0
mccolcj01,CJ McCollum,12,2,16.0,33.0,4.0,6.0,3.0,39.0,6.0,9.0,1.0,0.0,2.0
mccolcj01,CJ McCollum,13,3,21.0,52.0,11.0,17.0,3.0,56.0,11.0,11.0,2.0,3.0,6.0
mccolcj01,CJ McCollum,14,3,20.0,40.0,6.0,8.0,7.0,53.0,7.0,9.0,2.0,2.0,5.0
mccolcj01,CJ McCollum,15,4,32.0,63.0,1.0,2.0,12.0,77.0,20.0,14.0,4.0,1.0,8.0
mccolcj01,CJ McCollum,16,3,18.0,38.0,2.0,2.0,8.0,46.0,5.0,8.0,1.0,3.0,4.0
mccolcj01,CJ McCollum,17,2,18.0,42.0,13.0,16.0,6.0,55.0,7.0,10.0,4.0,1.0,6.0
mccolcj01,CJ McCollum,18,3,19.0,41.0,11.0,14.0,10.0,59.0,11.0,10.0,3.0,1.0,7.0
mccolcj01,CJ McCollum,19,3,17.0,44.0,14.0,17.0,4.0,52.0,10.0,10.0,2.0,2.0,3.0
mccolcj01,CJ McCollum,20,2,11.0,24.0,10.0,12.0,3.0,35.0,5.0,15.0,2.0,1.0,7.0
mccolcj01,CJ McCollum,21,3,21.0,50.0,6.0,9.0,9.0,57.0,16.0,8.0,2.0,0.0,7.0
mccolcj01,CJ McCollum,22,4,29.0,55.0,11.0,14.0,4.0,73.0,7.0,17.0,4.0,5.0,7.0
mccolcj01,CJ McCollum,23,4,32.0,69.0,8.0,11.0,13.0,85.0,14.0,21.0,3.0,0.0,7.0
mccolcj01,CJ McCollum,24,3,18.0,42.0,5.0,7.0,7.0,48.0,4.0,16.0,4.0,3.0,4.0
mccolcj01,CJ McCollum,25,3,24.0,51.0,1.0,2.0,9.0,58.0,11.0,14.0,6.0,4.0,6.0
cunnica01,Cade Cunningham,1,3,23.0,58.0,17.0,22.0,6.0,69.0,17.0,27.0,1.0,2.0,17.0
cunnica01,Cade Cunningham,2,3,22.0,54.0,15.0,19.0,4.0,63.0,17.0,32.0,6.0,4.0,6.0
cunnica01,Cade Cunningham,3,4,47.0,86.0,21.0,27.0,9.0,124.0,13.0,39.0,3.0,1.0,15.0
cunnica01,Cade Cunningham,4,1,14.0,45.0,16.0,18.0,2.0,46.0,12.0,11.0,5.0,2.0,2.0
cunnica01,Cade Cunningham,5,2,20.0,41.0,10.0,10.0,4.0,54.0,14.0,20.0,3.0,1.0,7.0
cunnica01,Cade Cunningham,6,4,47.0,95.0,31.0,39.0,9.0,134.0,36.0,30.0,3.0,2.0,23.0
cunnica01,Cade Cunningham,7,4,27.0,63.0,27.0,28.0,6.0,87.0,25.0,36.0,10.0,5.0,12.0
cunnica01,Cade Cunningham,8,1,5.0,10.0,3.0,6.0,2.0,15.0,1.0,6.0,2.0,2.0,1.0
cunnica01,Cade Cunningham,9,3,32.0,71.0,10.0,12.0,9.0,83.0,24.0,29.0,3.0,1.0,9.0
cunnica01,Cade Cunningham,10,4,33.0,61.0,18.0,24.0,9.0,93.0,23.0,49.0,8.0,2.0,21.0
cunnica01,Cade Cunningham,11,3,25.0,57.0,30.0,31.0,5.0,85.0,19.0,29.0,6.0,3.0,13.0
cunnica01,Cade Cunningham,12,1,11.0,17.0,4.0,5.0,3.0,29.0,3.0,13.0,1.0,2.0,5.0
cunnica01,Cade Cunningham,13,2,9.0,30.0,6.0,11.0,2.0,26.0,7.0,16.0,0.0,1.0,7.0
cunnica01,Cade Cunningham,14,3,22.0,52.0,10.0,14.0,3.0,57.0,9.0,33.0,6.0,4.0,11.0
cunnica01,Cade Cunningham,15,4,35.0,69.0,19.0,27.0,6.0,95.0,14.0,41.0,7.0,5.0,7.0
cunnica01,Cade Cunningham,16,3,23.0,51.0,21.0,27.0,3.0,70.0,15.0,25.0,1.0,1.0,11.0
cunnica01,Cade Cunningham,17,2,21.0,41.0,11.0,13.0,8.0,61.0,16.0,16.0,4.0,1.0,6.0
cunnica01,Cade Cunningham,18,2,24.0,50.0,4.0,4.0,8.0,60.0,17.0,26.0,2.0,5.0,6.0
cunnica01,Cade Cunningham,19,4,38.0,88.0,16.0,20.0,7.0,99.0,26.0,41.0,9.0,6.0,20.0
cunnica01,Cade Cunningham,20,3,23.0,60.0,6.0,6.0,10.0,62.0,11.0,32.0,1.0,1.0,13.0
cunnica01,Cade Cunningham,21,4,29.0,51.0,13.0,16.0,8.0,79.0,19.0,52.0,8.0,1.0,13.0
cunnica01,Cade Cunningham,22,1,2.0,3.0,2.0,2.0,0.0,6.0,2.0,0.0,1.0,0.0,1.0
cunnica01,Cade Cunningham,25,3,16.0,36.0,0.0,1.0,2.0,34.0,15.0,31.0,2.0,2.0,10.0
spencca01,Cam Spencer,1,3,5.0,17.0,3.0,4.0,4.0,17.0,8.0,8.0,0.0,0.0,2.0
spencca01,Cam Spencer,2,4,9.0,21.0,7.0,8.0,8.0,33.0,8.0,16.0,6.0,0.0,5.0
spencca01,Cam Spencer,3,4,16.0,31.0,9.0,9.0,12.0,53.0,7.0,8.0,2.0,0.0,5.0
spencca01,Cam Spencer,4,3,6.0,17.0,4.0,5.0,3.0,19.0,5.0,10.0,2.0,1.0,0.0
spencca01,Cam Spencer,5,3,14.0,31.0,4.0,5.0,7.0,39.0,8.0,14.0,2.0,0.0,2.0
spencca01,Cam Spencer,6,4,20.0,34.0,3.0,3.0,12.0,55.0,6.0,18.0,3.0,1.0,11.0
spencca01,Cam Spencer,7,3,17.0,28.0,9.0,9.0,7.0,50.0,9.0,19.0,5.0,0.0,6.0
spencca01,Cam Spencer,8,1,6.0,6.0,2.0,2.0,6.0,20.0,2.0,4.0,0.0,0.0,0.0
spencca01,Cam Spencer,9,2,16.0,31.0,3.0,3.0,11.0,46.0,7.0,17.0,1.0,0.0,3.0
spencca01,Cam Spencer,10,4,16.0,36.0,12.0,13.0,8.0,52.0,16.0,33.0,4.0,0.0,10.0
spencca01,Cam Spencer,11,3,5.0,16.0,5.0,5.0,2.0,17.0,5.0,19.0,0.0,0.0,6.0
spencca01,Cam Spencer,12,4,18.0,41.0,9.0,10.0,9.0,54.0,19.0,37.0,4.0,0.0,6.0
spencca01,Cam Spencer,13,2,6.0,13.0,3.0,3.0,2.0,17.0,7.0,14.0,0.0,0.0,2.0
spencca01,Cam Spencer,14,2,10.0,17.0,6.0,7.0,6.0,32.0,7.0,15.0,0.0,1.0,4.0
spencca01,Cam Spencer,15,4,10.0,24.0,5.0,5.0,5.0,30.0,9.0,27.0,4.0,1.0,7.0
spencca01,Cam Spencer,16,3,18.0,30.0,10.0,10.0,8.0,54.0,7.0,15.0,2.0,1.0,5.0
spencca01,Cam Spencer,17,2,2.0,14.0,0.0,0.0,0.0,4.0,6.0,13.0,1.0,0.0,2.0
spencca01,Cam Spencer,18,2,3.0,10.0,3.0,3.0,1.0,10.0,5.0,15.0,1.0,1.0,0.0
spencca01,Cam Spencer,19,4,18.0,34.0,3.0,3.0,8.0,47.0,9.0,12.0,4.0,0.0,3.0
spencca01,Cam Spencer,20,3,11.0,22.0,7.0,8.0,5.0,34.0,12.0,15.0,1.0,2.0,1.0
spencca01,Cam Spencer,21,3,13.0,25.0,6.0,6.0,5.0,37.0,5.0,16.0,2.0,2.0,3.0
spencca01,Cam Spencer,22,4,9.0,27.0,6.0,6.0,7.0,31.0,6.0,16.0,4.0,0.0,3.0
spencca01,Cam Spencer,23,2,4.0,13.0,1.0,1.0,3.0,12.0,5.0,17.0,3.0,1.0,2.0
spencca01,Cam Spencer,24,2,8.0,13.0,5.0,5.0,5.0,26.0,4.0,13.0,1.0,0.0,4.0
spencca01,Cam Spencer,25,1,3.0,5.0,1.0,1.0,2.0,9.0,1.0,9.0,0.0,0.0,1.0
johnsca02,Cameron Johnson,1,2,6.0,17.0,6.0,6.0,2.0,20.0,7.0,3.0,2.0,0.0,1.0
johnsca02,Cameron Johnson,2,3,7.0,16.0,3.0,4.0,4.0,21.0,9.0,4.0,0.0,1.0,3.0
johnsca02,Cameron Johnson,3,4,13.0,36.0,3.0,4.0,2.0,31.0,8.0,11.0,4.0,0.0,1.0
johnsca02,Cameron Johnson,4,2,3.0,9.0,1.0,2.0,0.0,7.0,5.0,2.0,0.0,0.0,1.0
johnsca02,Cameron Johnson,5,4,21.0,37.0,9.0,11.0,11.0,62.0,17.0,13.0,2.0,2.0,6.0
johnsca02,Cameron Johnson,6,3,21.0,35.0,7.0,7.0,12.0,61.0,16.0,6.0,3.0,2.0,9.0
johnsca02,Cameron Johnson,7,4,14.0,38.0,7.0,11.0,8.0,43.0,13.0,11.0,4.0,1.0,4.0
johnsca02,Cameron Johnson,8,1,6.0,13.0,3.0,4.0,1.0,16.0,3.0,1.0,1.0,0.0,1.0
johnsca02,Cameron Johnson,9,3,13.0,28.0,6.0,7.0,6.0,38.0,18.0,8.0,1.0,1.0,0.0
johnsca02,Cameron Johnson,10,2,9.0,16.0,2.0,2.0,8.0,28.0,4.0,7.0,0.0,1.0,1.0
johnsca02,Cameron Johnson,16,1,6.0,9.0,0.0,0.0,2.0,14.0,4.0,1.0,0.0,0.0,0.0
johnsca02,Cameron Johnson,17,2,6.0,12.0,0.0,0.0,3.0,15.0,8.0,2.0,4.0,0.0,1.0
johnsca02,Cameron Johnson,18,3,10.0,27.0,18.0,19.0,4.0,42.0,11.0,9.0,2.0,2.0,1.0
johnsca02,Cameron Johnson,19,3,6.0,24.0,2.0,2.0,4.0,18.0,17.0,7.0,0.0,3.0,5.0
johnsca02,Cameron Johnson,20,1,4.0,7.0,1.0,2.0,1.0,10.0,3.0,5.0,1.0,0.0,1.0
johnsca02,Cameron Johnson,21,4,19.0,35.0,9.0,10.0,9.0,56.0,14.0,9.0,3.0,3.0,2.0
johnsca02,Cameron Johnson,22,4,22.0,38.0,6.0,9.0,13.0,63.0,15.0,9.0,5.0,0.0,3.0
johnsca02,Cameron Johnson,23,4,15.0,33.0,4.0,4.0,10.0,44.0,9.0,8.0,3.0,3.0,2.0
johnsca02,Cameron Johnson,24,2,13.0,24.0,3.0,3.0,7.0,36.0,16.0,7.0,4.0,2.0,2.0
johnsca02,Cameron Johnson,25,2,14.0,21.0,4.0,5.0,3.0,35.0,9.0,9.0,1.0,0.0,3.0
wallaca01,Cason Wallace,1,2,6.0,17.0,1.0,2.0,4.0,17.0,10.0,8.0,7.0,1.0,3.0
wallaca01,Cason Wallace,2,4,12.0,30.0,6.0,6.0,7.0,37.0,11.0,12.0,11.0,2.0,3.0
wallaca01,Cason Wallace,3,4,15.0,31.0,1.0,1.0,7.0,38.0,17.0,9.0,7.0,0.0,4.0
wallaca01,Cason Wallace,4,3,7.0,18.0,2.0,2.0,3.0,19.0,3.0,7.0,5.0,1.0,4.0
wallaca01,Cason Wallace,5,4,15.0,34.0,0.0,0.0,6.0,36.0,7.0,6.0,10.0,1.0,6.0
wallaca01,Cason Wallace,6,3,11.0,21.0,0.0,0.0,4.0,26.0,10.0,9.0,4.0,0.0,3.0
wallaca01,Cason Wallace,7,3,8.0,19.0,0.0,2.0,5.0,21.0,12.0,6.0,8.0,1.0,2.0
wallaca01,Cason Wallace,8,2,7.0,12.0,0.0,0.0,2.0,16.0,7.0,3.0,6.0,0.0,1.0
wallaca01,Cason Wallace,9,2,1.0,11.0,4.0,4.0,1.0,7.0,3.0,4.0,8.0,0.0,1.0
wallaca01,Cason Wallace,10,4,10.0,29.0,2.0,3.0,4.0,26.0,13.0,6.0,4.0,1.0,0.0
wallaca01,Cason Wallace,11,4,10.0,19.0,0.0,0.0,7.0,27.0,12.0,8.0,4.0,1.0,2.0
wallaca01,Cason Wallace,12,3,4.0,19.0,1.0,2.0,0.0,9.0,12.0,3.0,7.0,1.0,6.0
wallaca01,Cason Wallace,13,3,8.0,15.0,2.0,2.0,5.0,23.0,10.0,6.0,6.0,0.0,2.0
wallaca01,Cason Wallace,14,4,8.0,22.0,4.0,8.0,6.0,26.0,10.0,6.0,6.0,1.0,4.0
wallaca01,Cason Wallace,15,2,14.0,25.0,4.0,5.0,8.0,40.0,7.0,0.0,3.0,1.0,0.0
wallaca01,Cason Wallace,16,3,18.0,39.0,3.0,3.0,2.0,41.0,8.0,14.0,11.0,1.0,6.0
wallaca01,Cason Wallace,17,3,9.0,23.0,1.0,2.0,0.0,19.0,10.0,12.0,2.0,3.0,1.0
wallaca01,Cason Wallace,18,2,11.0,30.0,2.0,2.0,4.0,28.0,8.0,16.0,7.0,0.0,5.0
wallaca01,Cason Wallace,19,4,25.0,50.0,7.0,8.0,7.0,64.0,20.0,23.0,4.0,3.0,8.0
wallaca01,Cason Wallace,20,3,12.0,27.0,4.0,4.0,2.0,30.0,5.0,10.0,10.0,0.0,4.0
wallaca01,Cason Wallace,21,3,5.0,18.0,2.0,2.0,0.0,12.0,11.0,11.0,5.0,3.0,1.0
wallaca01,Cason Wallace,22,3,7.0,14.0,4.0,4.0,1.0,19.0,7.0,7.0,4.0,3.0,2.0
wallaca01,Cason Wallace,23,4,14.0,25.0,3.0,4.0,7.0,38.0,11.0,6.0,6.0,3.0,2.0
wallaca01,Cason Wallace,24,3,13.0,26.0,0.0,0.0,7.0,33.0,10.0,4.0,3.0,0.0,1.0
wallaca01,Cason Wallace,25,2,2.0,10.0,2.0,2.0,2.0,8.0,4.0,4.0,3.0,1.0,2.0
cowarce01,Cedric Coward,1,3,19.0,27.0,11.0,12.0,8.0,57.0,11.0,7.0,5.0,1.0,0.0
cowarce01,Cedric Coward,2,4,18.0,36.0,9.0,10.0,3.0,48.0,23.0,11.0,3.0,2.0,7.0
cowarce01,Cedric Coward,3,4,18.0,41.0,13.0,14.0,9.0,58.0,34.0,14.0,2.0,0.0,4.0
cowarce01,Cedric Coward,4,3,9.0,30.0,12.0,14.0,3.0,33.0,17.0,10.0,2.0,3.0,6.0
cowarce01,Cedric Coward,5,3,17.0,39.0,4.0,6.0,9.0,47.0,17.0,6.0,0.0,0.0,4.0
cowarce01,Cedric Coward,6,4,14.0,37.0,4.0,6.0,2.0,34.0,23.0,9.0,1.0,1.0,8.0
cowarce01,Cedric Coward,7,3,19.0,43.0,4.0,6.0,1.0,43.0,23.0,8.0,1.0,1.0,7.0
cowarce01,Cedric Coward,8,1,7.0,11.0,1.0,1.0,2.0,17.0,12.0,6.0,0.0,0.0,1.0
cowarce01,Cedric Coward,9,3,15.0,30.0,6.0,8.0,3.0,39.0,13.0,8.0,2.0,1.0,9.0
cowarce01,Cedric Coward,10,3,14.0,28.0,9.0,11.0,5.0,42.0,19.0,11.0,1.0,1.0,2.0
cowarce01,Cedric Coward,11,3,18.0,35.0,9.0,9.0,4.0,49.0,31.0,10.0,2.0,1.0,6.0
cowarce01,Cedric Coward,12,2,11.0,24.0,6.0,7.0,6.0,34.0,17.0,5.0,1.0,0.0,7.0
cowarce01,Cedric Coward,13,2,12.0,22.0,3.0,3.0,3.0,30.0,7.0,5.0,0.0,2.0,3.0
cowarce01,Cedric Coward,14,2,12.0,26.0,0.0,0.0,6.0,30.0,10.0,4.0,2.0,2.0,3.0
cowarce01,Cedric Coward,15,4,17.0,43.0,7.0,8.0,5.0,46.0,20.0,15.0,2.0,3.0,11.0
cowarce01,Cedric Coward,16,3,12.0,24.0,4.0,6.0,2.0,30.0,19.0,8.0,3.0,1.0,6.0
cowarce01,Cedric Coward,17,1,1.0,2.0,0.0,0.0,0.0,2.0,3.0,3.0,0.0,0.0,0.0
cowarce01,Cedric Coward,20,2,9.0,21.0,8.0,9.0,4.0,30.0,9.0,1.0,1.0,2.0,5.0
cowarce01,Cedric Coward,21,2,7.0,16.0,3.0,4.0,3.0,20.0,19.0,5.0,2.0,1.0,5.0
cowarce01,Cedric Coward,22,2,11.0,25.0,8.0,9.0,2.0,32.0,7.0,6.0,1.0,1.0,3.0
cowarce01,Cedric Coward,23,3,19.0,36.0,3.0,4.0,5.0,46.0,14.0,10.0,5.0,0.0,3.0
cowarce01,Cedric Coward,24,3,11.0,29.0,12.0,14.0,3.0,37.0,5.0,4.0,2.0,2.0,5.0
cowarce01,Cedric Coward,25,2,15.0,23.0,4.0,5.0,5.0,39.0,11.0,5.0,2.0,2.0,0.0
johnsch06,Chaney Johnson,21,4,5.0,14.0,6.0,8.0,2.0,18.0,15.0,5.0,5.0,2.0,3.0
johnsch06,Chaney Johnson,22,4,13.0,23.0,11.0,14.0,3.0,40.0,23.0,13.0,4.0,3.0,4.0
johnsch06,Chaney Johnson,23,4,13.0,22.0,2.0,2.0,1.0,29.0,11.0,10.0,2.0,0.0,7.0
johnsch06,Chaney Johnson,24,3,12.0,18.0,5.0,6.0,2.0,31.0,15.0,5.0,3.0,4.0,5.0
johnsch06,Chaney Johnson,25,2,8.0,17.0,4.0,5.0,1.0,21.0,15.0,3.0,1.0,0.0,1.0
holmgch01,Chet Holmgren,1,3,23.0,41.0,20.0,22.0,8.0,74.0,30.0,5.0,5.0,1.0,9.0
holmgch01,Chet Holmgren,2,1,6.0,10.0,4.0,6.0,2.0,18.0,11.0,2.0,0.0,4.0,3.0
holmgch01,Chet Holmgren,3,3,16.0,31.0,9.0,10.0,1.0,42.0,19.0,6.0,2.0,4.0,5.0
holmgch01,Chet Holmgren,4,3,23.0,36.0,8.0,9.0,5.0,59.0,22.0,5.0,0.0,4.0,4.0
holmgch01,Chet Holmgren,5,4,27.0,51.0,5.0,8.0,4.0,63.0,28.0,7.0,3.0,8.0,12.0
holmgch01,Chet Holmgren,6,3,21.0,40.0,8.0,12.0,4.0,54.0,26.0,4.0,2.0,4.0,3.0
holmgch01,Chet Holmgren,7,3,26.0,38.0,5.0,8.0,4.0,61.0,25.0,5.0,1.0,4.0,6.0
holmgch01,Chet Holmgren,8,2,12.0,21.0,12.0,15.0,5.0,41.0,15.0,2.0,0.0,4.0,1.0
holmgch01,Chet Holmgren,9,2,12.0,22.0,9.0,9.0,3.0,36.0,12.0,2.0,1.0,2.0,1.0
holmgch01,Chet Holmgren,10,3,20.0,36.0,3.0,6.0,3.0,46.0,24.0,4.0,0.0,6.0,7.0
holmgch01,Chet Holmgren,11,4,27.0,43.0,9.0,11.0,6.0,69.0,44.0,8.0,4.0,15.0,9.0
holmgch01,Chet Holmgren,12,3,21.0,39.0,10.0,16.0,2.0,54.0,28.0,5.0,2.0,6.0,1.0
holmgch01,Chet Holmgren,13,3,14.0,25.0,10.0,12.0,2.0,40.0,30.0,3.0,2.0,12.0,3.0
holmgch01,Chet Holmgren,14,4,27.0,49.0,13.0,19.0,7.0,74.0,38.0,7.0,1.0,6.0,5.0
holmgch01,Chet Holmgren,15,3,17.0,34.0,12.0,13.0,3.0,49.0,23.0,6.0,1.0,11.0,3.0
holmgch01,Chet Holmgren,16,2,12.0,22.0,8.0,12.0,1.0,33.0,24.0,1.0,0.0,0.0,1.0
holmgch01,Chet Holmgren,17,3,14.0,30.0,13.0,13.0,1.0,42.0,27.0,8.0,1.0,4.0,2.0
holmgch01,Chet Holmgren,18,2,8.0,20.0,13.0,16.0,3.0,32.0,22.0,6.0,1.0,3.0,6.0
holmgch01,Chet Holmgren,19,3,16.0,30.0,7.0,9.0,2.0,41.0,39.0,8.0,4.0,8.0,4.0
holmgch01,Chet Holmgren,20,2,15.0,29.0,4.0,6.0,6.0,40.0,19.0,4.0,0.0,2.0,5.0
holmgch01,Chet Holmgren,21,2,14.0,23.0,5.0,5.0,2.0,35.0,18.0,2.0,3.0,1.0,1.0
holmgch01,Chet Holmgren,22,3,16.0,29.0,17.0,19.0,0.0,49.0,24.0,2.0,1.0,4.0,4.0
holmgch01,Chet Holmgren,23,3,14.0,28.0,11.0,13.0,4.0,43.0,23.0,6.0,1.0,5.0,3.0
holmgch01,Chet Holmgren,24,3,17.0,29.0,1.0,2.0,6.0,41.0,20.0,2.0,4.0,7.0,5.0
holmgch01,Chet Holmgren,25,2,16.0,23.0,9.0,13.0,4.0,45.0,24.0,5.0,4.0,6.0,4.0
braunch01,Christian Braun,1,2,9.0,17.0,8.0,8.0,0.0,26.0,7.0,5.0,2.0,0.0,3.0
braunch01,Christian Braun,2,3,13.0,28.0,1.0,2.0,2.0,29.0,12.0,7.0,2.0,2.0,5.0
braunch01,Christian Braun,3,4,20.0,43.0,10.0,15.0,2.0,52.0,24.0,16.0,4.0,1.0,5.0
braunch01,Christian Braun,4,2,6.0,9.0,4.0,4.0,2.0,18.0,5.0,5.0,1.0,0.0,1.0
braunch01,Christian Braun,11,1,1.0,4.0,1.0,2.0,0.0,3.0,2.0,0.0,0.0,1.0,0.0
braunch01,Christian Braun,12,2,2.0,10.0,0.0,1.0,1.0,5.0,9.0,2.0,0.0,2.0,3.0
braunch01,Christian Braun,16,3,8.0,18.0,6.0,8.0,0.0,22.0,11.0,10.0,1.0,1.0,2.0
braunch01,Christian Braun,17,2,13.0,21.0,4.0,4.0,4.0,34.0,12.0,8.0,0.0,0.0,3.0
braunch01,Christian Braun,18,3,14.0,23.0,5.0,7.0,3.0,36.0,15.0,12.0,5.0,0.0,6.0
braunch01,Christian Braun,19,3,15.0,32.0,9.0,10.0,5.0,44.0,21.0,5.0,1.0,2.0,3.0
braunch01,Christian Braun,20,3,12.0,26.0,5.0,9.0,4.0,33.0,15.0,13.0,0.0,0.0,3.0
braunch01,Christian Braun,21,4,18.0,36.0,5.0,8.0,5.0,46.0,23.0,10.0,5.0,1.0,3.0
braunch01,Christian Braun,22,4,28.0,44.0,12.0,12.0,6.0,74.0,22.0,12.0,5.0,0.0,3.0
braunch01,Christian Braun,23,4,18.0,34.0,4.0,5.0,3.0,43.0,11.0,5.0,0.0,1.0,2.0
braunch01,Christian Braun,24,2,14.0,27.0,5.0,5.0,6.0,39.0,14.0,8.0,0.0,1.0,0.0
braunch01,Christian Braun,25,2,11.0,17.0,0.0,1.0,0.0,22.0,8.0,2.0,4.0,0.0,1.0
gilleco01,Collin Gillespie,1,3,10.0,25.0,0.0,0.0,6.0,26.0,9.0,10.0,2.0,2.0,4.0
gilleco01,Collin Gillespie,2,4,19.0,41.0,4.0,5.0,14.0,56.0,14.0,28.0,7.0,4.0,6.0
gilleco01,Collin Gillespie,3,3,7.0,26.0,2.0,4.0,6.0,22.0,16.0,15.0,2.0,0.0,4.0
gilleco01,Collin Gillespie,4,4,11.0,30.0,7.0,8.0,6.0,35.0,19.0,18.0,3.0,0.0,6.0
gilleco01,Collin Gillespie,5,3,19.0,36.0,5.0,5.0,11.0,54.0,13.0,16.0,4.0,0.0,6.0
gilleco01,Collin Gillespie,6,4,27.0,54.0,2.0,2.0,17.0,73.0,9.0,17.0,7.0,1.0,11.0
gilleco01,Collin Gillespie,7,2,15.0,32.0,2.0,2.0,9.0,41.0,6.0,8.0,2.0,0.0,3.0
gilleco01,Collin Gillespie,8,3,11.0,29.0,4.0,4.0,5.0,31.0,13.0,13.0,4.0,1.0,6.0
gilleco01,Collin Gillespie,9,2,10.0,26.0,9.0,10.0,3.0,32.0,11.0,9.0,5.0,1.0,4.0
gilleco01,Collin Gillespie,10,3,18.0,38.0,0.0,0.0,13.0,49.0,14.0,24.0,6.0,1.0,8.0
gilleco01,Collin Gillespie,11,4,25.0,53.0,1.0,2.0,14.0,65.0,15.0,19.0,8.0,1.0,6.0
gilleco01,Collin Gillespie,12,4,10.0,31.0,2.0,3.0,7.0,29.0,22.0,14.0,6.0,0.0,3.0
gilleco01,Collin Gillespie,13,3,14.0,28.0,5.0,6.0,9.0,42.0,10.0,13.0,5.0,0.0,5.0
gilleco01,Collin Gillespie,14,4,20.0,40.0,7.0,8.0,14.0,61.0,19.0,13.0,3.0,1.0,6.0
gilleco01,Collin Gillespie,15,3,14.0,33.0,3.0,4.0,13.0,44.0,11.0,9.0,4.0,0.0,4.0
gilleco01,Collin Gillespie,16,3,16.0,40.0,2.0,2.0,13.0,47.0,11.0,16.0,6.0,0.0,3.0
gilleco01,Collin Gillespie,17,2,4.0,14.0,0.0,0.0,3.0,11.0,13.0,11.0,1.0,0.0,3.0
gilleco01,Collin Gillespie,18,3,16.0,44.0,4.0,5.0,9.0,45.0,10.0,17.0,3.0,0.0,8.0
gilleco01,Collin Gillespie,19,2,13.0,24.0,1.0,1.0,9.0,36.0,6.0,6.0,1.0,1.0,3.0
gilleco01,Collin Gillespie,20,4,19.0,43.0,5.0,5.0,15.0,58.0,18.0,24.0,2.0,0.0,5.0
gilleco01,Collin Gillespie,21,3,6.0,18.0,0.0,0.0,4.0,16.0,19.0,16.0,4.0,1.0,5.0
gilleco01,Collin Gillespie,22,5,24.0,56.0,7.0,7.0,18.0,73.0,17.0,23.0,6.0,0.0,5.0
gilleco01,Collin Gillespie,23,2,4.0,19.0,1.0,1.0,2.0,11.0,6.0,8.0,2.0,1.0,1.0
gilleco01,Collin Gillespie,24,4,13.0,42.0,1.0,1.0,10.0,37.0,13.0,19.0,3.0,1.0,5.0
gilleco01,Collin Gillespie,25,3,7.0,20.0,2.0,2.0,2.0,18.0,13.0,5.0,3.0,0.0,4.0
murraco01,Collin Murray-Boyles,1,1,0.0,4.0,0.0,0.0,0.0,0.0,2.0,0.0,0.0,0.0,1.0
murraco01,Collin Murray-Boyles,2,4,21.0,40.0,5.0,7.0,6.0,53.0,17.0,8.0,6.0,1.0,5.0
murraco01,Collin Murray-Boyles,3,3,6.0,13.0,3.0,6.0,2.0,17.0,12.0,2.0,1.0,4.0,4.0
murraco01,Collin Murray-Boyles,4,2,6.0,8.0,6.0,6.0,1.0,19.0,6.0,2.0,1.0,0.0,1.0
murraco01,Collin Murray-Boyles,5,2,2.0,4.0,2.0,2.0,0.0,6.0,2.0,2.0,0.0,0.0,1.0
murraco01,Collin Murray-Boyles,6,4,6.0,10.0,4.0,9.0,0.0,16.0,15.0,5.0,3.0,0.0,5.0
murraco01,Collin Murray-Boyles,7,4,13.0,18.0,0.0,0.0,3.0,29.0,10.0,6.0,2.0,1.0,7.0
murraco01,Collin Murray-Boyles,8,1,3.0,6.0,0.0,2.0,0.0,6.0,5.0,3.0,0.0,1.0,1.0
murraco01,Collin Murray-Boyles,9,4,12.0,21.0,0.0,1.0,1.0,25.0,17.0,8.0,2.0,2.0,2.0
murraco01,Collin Murray-Boyles,10,1,5.0,9.0,0.0,0.0,1.0,11.0,12.0,0.0,3.0,1.0,3.0
murraco01,Collin Murray-Boyles,11,3,7.0,22.0,1.0,4.0,1.0,16.0,24.0,6.0,2.0,5.0,4.0
murraco01,Collin Murray-Boyles,12,4,19.0,32.0,7.0,8.0,0.0,45.0,39.0,14.0,10.0,5.0,3.0
murraco01,Collin Murray-Boyles,13,4,19.0,35.0,6.0,8.0,0.0,44.0,28.0,17.0,2.0,6.0,4.0
murraco01,Collin Murray-Boyles,15,3,8.0,16.0,4.0,6.0,0.0,20.0,16.0,9.0,4.0,7.0,7.0
murraco01,Collin Murray-Boyles,16,3,15.0,19.0,1.0,2.0,1.0,32.0,9.0,7.0,3.0,5.0,2.0
murraco01,Collin Murray-Boyles,18,2,7.0,9.0,5.0,7.0,0.0,19.0,10.0,1.0,3.0,1.0,1.0
murraco01,Collin Murray-Boyles,19,2,2.0,5.0,3.0,4.0,1.0,8.0,9.0,3.0,2.0,2.0,0.0
murraco01,Collin Murray-Boyles,23,3,11.0,17.0,6.0,9.0,0.0,28.0,11.0,1.0,2.0,7.0,4.0
murraco01,Collin Murray-Boyles,24,4,26.0,40.0,13.0,22.0,0.0,65.0,23.0,8.0,3.0,2.0,3.0
murraco01,Collin Murray-Boyles,25,3,10.0,14.0,5.0,5.0,0.0,25.0,18.0,4.0,3.0,3.0,1.0
sextoco01,Collin Sexton,1,3,18.0,32.0,16.0,20.0,4.0,56.0,5.0,13.0,4.0,0.0,5.0
sextoco01,Collin Sexton,2,4,18.0,36.0,14.0,16.0,6.0,56.0,13.0,24.0,0.0,0.0,15.0
sextoco01,Collin Sexton,3,1,6.0,14.0,3.0,4.0,2.0,17.0,0.0,5.0,1.0,0.0,5.0
sextoco01,Collin Sexton,4,4,18.0,43.0,13.0,14.0,7.0,56.0,10.0,18.0,4.0,0.0,11.0
sextoco01,Collin Sexton,5,4,24.0,54.0,17.0,19.0,3.0,68.0,6.0,15.0,1.0,0.0,8.0
sextoco01,Collin Sexton,6,3,19.0,32.0,13.0,14.0,3.0,54.0,6.0,10.0,4.0,3.0,4.0
sextoco01,Collin Sexton,7,2,7.0,14.0,4.0,4.0,1.0,19.0,7.0,4.0,1.0,1.0,4.0
sextoco01,Collin Sexton,10,2,7.0,16.0,6.0,6.0,5.0,25.0,1.0,4.0,0.0,1.0,1.0
sextoco01,Collin Sexton,11,4,20.0,43.0,17.0,22.0,4.0,61.0,8.0,25.0,6.0,0.0,9.0
sextoco01,Collin Sexton,12,4,20.0,40.0,12.0,13.0,6.0,58.0,8.0,10.0,3.0,0.0,10.0
sextoco01,Collin Sexton,13,3,14.0,26.0,7.0,8.0,2.0,37.0,5.0,11.0,2.0,0.0,6.0
sextoco01,Collin Sexton,14,3,14.0,25.0,6.0,6.0,5.0,39.0,3.0,6.0,6.0,0.0,4.0
sextoco01,Collin Sexton,15,4,15.0,35.0,7.0,8.0,8.0,45.0,8.0,12.0,4.0,2.0,6.0
sextoco01,Collin Sexton,16,2,8.0,18.0,4.0,4.0,2.0,22.0,3.0,4.0,0.0,0.0,5.0
sextoco01,Collin Sexton,17,2,13.0,31.0,8.0,10.0,2.0,36.0,8.0,2.0,3.0,0.0,6.0
sextoco01,Collin Sexton,18,3,7.0,17.0,3.0,4.0,4.0,21.0,4.0,3.0,5.0,1.0,5.0
sextoco01,Collin Sexton,19,3,17.0,32.0,1.0,1.0,7.0,42.0,5.0,6.0,6.0,0.0,9.0
sextoco01,Collin Sexton,20,3,26.0,45.0,14.0,18.0,12.0,78.0,6.0,10.0,2.0,0.0,3.0
sextoco01,Collin Sexton,22,2,7.0,18.0,8.0,10.0,1.0,23.0,6.0,7.0,1.0,0.0,2.0
sextoco01,Collin Sexton,23,4,25.0,51.0,26.0,31.0,13.0,89.0,9.0,11.0,6.0,1.0,5.0
sextoco01,Collin Sexton,24,4,27.0,56.0,9.0,10.0,12.0,75.0,17.0,9.0,6.0,1.0,9.0
sextoco01,Collin Sexton,25,4,30.0,64.0,10.0,13.0,3.0,73.0,17.0,14.0,11.0,0.0,9.0
flaggco01,Cooper Flagg,1,3,18.0,41.0,10.0,10.0,4.0,50.0,19.0,10.0,2.0,2.0,8.0
flaggco01,Cooper Flagg,2,3,10.0,34.0,11.0,11.0,2.0,33.0,20.0,8.0,3.0,1.0,3.0
flaggco01,Cooper Flagg,3,4,24.0,54.0,4.0,5.0,4.0,56.0,27.0,12.0,7.0,3.0,12.0
flaggco01,Cooper Flagg,4,4,32.0,59.0,10.0,18.0,5.0,79.0,28.0,15.0,7.0,5.0,9.0
flaggco01,Cooper Flagg,5,3,22.0,44.0,9.0,12.0,3.0,56.0,15.0,8.0,3.0,1.0,4.0
flaggco01,Cooper Flagg,6,3,23.0,47.0,13.0,15.0,1.0,60.0,22.0,16.0,5.0,0.0,7.0
flaggco01,Cooper Flagg,7,4,31.0,58.0,17.0,19.0,2.0,81.0,21.0,9.0,5.0,4.0,9.0
flaggco01,Cooper Flagg,8,1,10.0,16.0,2.0,3.0,0.0,22.0,5.0,8.0,1.0,1.0,0.0
flaggco01,Cooper Flagg,9,3,29.0,63.0,30.0,35.0,1.0,89.0,21.0,13.0,2.0,6.0,7.0
flaggco01,Cooper Flagg,10,4,39.0,66.0,12.0,19.0,9.0,99.0,27.0,25.0,2.0,3.0,10.0
flaggco01,Cooper Flagg,11,3,14.0,47.0,8.0,8.0,1.0,37.0,20.0,21.0,6.0,2.0,9.0
flaggco01,Cooper Flagg,12,3,22.0,46.0,8.0,9.0,5.0,57.0,19.0,16.0,5.0,2.0,9.0
flaggco01,Cooper Flagg,13,2,13.0,26.0,5.0,6.0,2.0,33.0,6.0,6.0,3.0,2.0,0.0
flaggco01,Cooper Flagg,14,3,22.0,52.0,8.0,15.0,3.0,55.0,25.0,11.0,4.0,0.0,8.0
flaggco01,Cooper Flagg,15,2,33.0,54.0,13.0,16.0,4.0,83.0,22.0,8.0,0.0,2.0,4.0
flaggco01,Cooper Flagg,16,3,31.0,63.0,14.0,15.0,6.0,82.0,19.0,14.0,2.0,5.0,6.0
flaggco01,Cooper Flagg,17,1,8.0,20.0,11.0,14.0,0.0,27.0,5.0,2.0,1.0,0.0,3.0
flaggco01,Cooper Flagg,20,3,21.0,62.0,7.0,8.0,2.0,51.0,21.0,18.0,4.0,7.0,9.0
flaggco01,Cooper Flagg,21,4,30.0,65.0,16.0,20.0,3.0,79.0,28.0,27.0,0.0,3.0,9.0
flaggco01,Cooper Flagg,22,3,22.0,52.0,12.0,15.0,0.0,56.0,23.0,21.0,4.0,7.0,12.0
flaggco01,Cooper Flagg,23,3,31.0,54.0,17.0,18.0,3.0,82.0,15.0,18.0,8.0,1.0,10.0
flaggco01,Cooper Flagg,24,4,44.0,95.0,31.0,36.0,8.0,127.0,28.0,16.0,8.0,5.0,8.0
flaggco01,Cooper Flagg,25,4,30.0,76.0,15.0,15.0,4.0,79.0,30.0,14.0,2.0,2.0,5.0
ryanco01,Cormac Ryan,22,1,1.0,4.0,2.0,3.0,1.0,5.0,0.0,1.0,1.0,0.0,0.0
ryanco01,Cormac Ryan,23,3,5.0,11.0,2.0,2.0,3.0,15.0,1.0,0.0,2.0,1.0,2.0
ryanco01,Cormac Ryan,24,3,18.0,29.0,12.0,12.0,9.0,57.0,7.0,9.0,6.0,1.0,6.0
ryanco01,Cormac Ryan,25,4,29.0,58.0,8.0,9.0,14.0,80.0,20.0,9.0,2.0,1.0,9.0
gaffoda01,Daniel Gafford,2,1,2.0,3.0,3.0,3.0,0.0,7.0,4.0,3.0,0.0,0.0,0.0
gaffoda01,Daniel Gafford,3,4,17.0,23.0,3.0,3.0,0.0,37.0,18.0,1.0,4.0,7.0,4.0
gaffoda01,Daniel Gafford,4,4,18.0,30.0,16.0,21.0,0.0,52.0,31.0,6.0,4.0,8.0,6.0
gaffoda01,Daniel Gafford,5,3,7.0,14.0,6.0,9.0,0.0,20.0,23.0,9.0,3.0,4.0,6.0
gaffoda01,Daniel Gafford,6,2,6.0,11.0,4.0,5.0,0.0,16.0,15.0,0.0,2.0,2.0,3.0
gaffoda01,Daniel Gafford,7,1,0.0,1.0,2.0,2.0,0.0,2.0,5.0,0.0,1.0,0.0,2.0
gaffoda01,Daniel Gafford,9,3,4.0,6.0,5.0,6.0,0.0,13.0,12.0,3.0,1.0,8.0,7.0
gaffoda01,Daniel Gafford,10,4,11.0,17.0,2.0,3.0,0.0,24.0,20.0,1.0,4.0,2.0,4.0
gaffoda01,Daniel Gafford,11,3,14.0,19.0,6.0,8.0,0.0,34.0,23.0,1.0,3.0,5.0,3.0
gaffoda01,Daniel Gafford,12,3,7.0,14.0,2.0,3.0,0.0,16.0,27.0,0.0,1.0,2.0,4.0
gaffoda01,Daniel Gafford,13,1,2.0,2.0,2.0,4.0,0.0,6.0,10.0,0.0,0.0,0.0,0.0
gaffoda01,Daniel Gafford,14,1,0.0,1.0,2.0,2.0,0.0,2.0,2.0,1.0,0.0,2.0,0.0
gaffoda01,Daniel Gafford,15,3,14.0,22.0,7.0,9.0,0.0,35.0,21.0,4.0,1.0,1.0,3.0
gaffoda01,Daniel Gafford,16,3,12.0,18.0,11.0,16.0,0.0,35.0,26.0,5.0,4.0,6.0,2.0
gaffoda01,Daniel Gafford,17,2,3.0,4.0,0.0,0.0,0.0,6.0,10.0,1.0,1.0,4.0,6.0
gaffoda01,Daniel Gafford,18,2,7.0,14.0,2.0,4.0,0.0,16.0,11.0,3.0,3.0,2.0,1.0
gaffoda01,Daniel Gafford,19,3,13.0,22.0,5.0,6.0,0.0,31.0,16.0,3.0,2.0,3.0,3.0
gaffoda01,Daniel Gafford,20,3,20.0,24.0,3.0,5.0,0.0,43.0,30.0,6.0,2.0,4.0,3.0
gaffoda01,Daniel Gafford,21,2,15.0,21.0,6.0,11.0,0.0,36.0,24.0,2.0,1.0,1.0,3.0
gaffoda01,Daniel Gafford,22,2,12.0,18.0,7.0,9.0,0.0,31.0,21.0,1.0,0.0,1.0,2.0
gaffoda01,Daniel Gafford,23,1,8.0,8.0,4.0,8.0,0.0,20.0,7.0,5.0,1.0,1.0,0.0
gaffoda01,Daniel Gafford,24,4,15.0,24.0,12.0,24.0,0.0,42.0,22.0,3.0,4.0,6.0,1.0
garlada01,Darius Garland,3,2,10.0,27.0,2.0,2.0,6.0,28.0,4.0,13.0,1.0,0.0,5.0
garlada01,Darius Garland,4,1,2.0,9.0,6.0,6.0,1.0,11.0,5.0,2.0,2.0,0.0,0.0
garlada01,Darius Garland,5,2,8.0,22.0,9.0,9.0,3.0,28.0,3.0,15.0,0.0,0.0,8.0
garlada01,Darius Garland,6,2,13.0,30.0,5.0,7.0,5.0,36.0,8.0,18.0,1.0,0.0,9.0
garlada01,Darius Garland,7,2,8.0,28.0,5.0,7.0,2.0,23.0,7.0,8.0,2.0,1.0,3.0
garlada01,Darius Garland,8,2,14.0,36.0,13.0,15.0,3.0,44.0,5.0,15.0,3.0,1.0,6.0
garlada01,Darius Garland,9,2,19.0,43.0,3.0,3.0,9.0,50.0,7.0,14.0,1.0,0.0,6.0
garlada01,Darius Garland,10,4,25.0,47.0,7.0,8.0,12.0,69.0,6.0,29.0,2.0,0.0,13.0
garlada01,Darius Garland,11,4,25.0,53.0,11.0,11.0,7.0,68.0,10.0,31.0,3.0,0.0,14.0
garlada01,Darius Garland,12,3,31.0,52.0,2.0,5.0,3.0,67.0,3.0,20.0,2.0,0.0,2.0
garlada01,Darius Garland,13,2,15.0,30.0,5.0,6.0,8.0,43.0,5.0,15.0,4.0,1.0,7.0
garlada01,Darius Garland,20,3,17.0,39.0,4.0,5.0,7.0,45.0,10.0,16.0,1.0,0.0,10.0
garlada01,Darius Garland,21,3,24.0,49.0,6.0,8.0,15.0,69.0,5.0,20.0,5.0,0.0,6.0
garlada01,Darius Garland,22,3,30.0,57.0,6.0,6.0,13.0,79.0,6.0,27.0,4.0,1.0,12.0
garlada01,Darius Garland,23,4,29.0,51.0,9.0,10.0,17.0,84.0,8.0,28.0,4.0,1.0,15.0
garlada01,Darius Garland,24,3,19.0,48.0,4.0,6.0,6.0,48.0,8.0,13.0,4.0,2.0,8.0
garlada01,Darius Garland,25,3,20.0,51.0,8.0,8.0,5.0,53.0,7.0,17.0,4.0,1.0,6.0
mitchda01,Davion Mitchell,1,3,11.0,23.0,2.0,5.0,3.0,27.0,8.0,25.0,3.0,1.0,5.0
mitchda01,Davion Mitchell,2,3,11.0,25.0,1.0,4.0,4.0,27.0,5.0,21.0,2.0,0.0,5.0
mitchda01,Davion Mitchell,3,4,16.0,29.0,3.0,5.0,3.0,38.0,15.0,31.0,11.0,0.0,5.0
mitchda01,Davion Mitchell,4,3,14.0,28.0,5.0,6.0,5.0,38.0,9.0,23.0,3.0,0.0,7.0
mitchda01,Davion Mitchell,5,4,18.0,32.0,7.0,11.0,4.0,47.0,12.0,29.0,2.0,0.0,4.0
mitchda01,Davion Mitchell,6,3,7.0,18.0,3.0,4.0,0.0,17.0,8.0,23.0,6.0,0.0,4.0
mitchda01,Davion Mitchell,7,3,13.0,21.0,0.0,0.0,4.0,30.0,6.0,28.0,2.0,0.0,2.0
mitchda01,Davion Mitchell,8,1,4.0,8.0,2.0,2.0,1.0,11.0,2.0,9.0,1.0,0.0,2.0
mitchda01,Davion Mitchell,9,3,15.0,30.0,0.0,0.0,5.0,35.0,6.0,19.0,3.0,1.0,7.0
mitchda01,Davion Mitchell,10,3,4.0,20.0,0.0,0.0,1.0,9.0,4.0,14.0,5.0,0.0,4.0
mitchda01,Davion Mitchell,11,4,16.0,35.0,0.0,0.0,9.0,41.0,10.0,32.0,4.0,2.0,14.0
mitchda01,Davion Mitchell,12,3,7.0,19.0,1.0,3.0,3.0,18.0,6.0,20.0,2.0,0.0,4.0
mitchda01,Davion Mitchell,13,1,4.0,6.0,0.0,0.0,1.0,9.0,3.0,6.0,1.0,0.0,1.0
mitchda01,Davion Mitchell,14,2,3.0,11.0,4.0,4.0,3.0,13.0,9.0,10.0,3.0,1.0,2.0
mitchda01,Davion Mitchell,15,1,5.0,9.0,0.0,0.0,3.0,13.0,2.0,6.0,2.0,0.0,1.0
mitchda01,Davion Mitchell,16,3,9.0,22.0,1.0,2.0,3.0,22.0,5.0,19.0,1.0,1.0,6.0
mitchda01,Davion Mitchell,17,2,6.0,13.0,6.0,8.0,3.0,21.0,3.0,10.0,0.0,0.0,1.0
mitchda01,Davion Mitchell,18,1,3.0,5.0,0.0,0.0,1.0,7.0,5.0,7.0,1.0,3.0,2.0
mitchda01,Davion Mitchell,19,3,8.0,17.0,0.0,0.0,5.0,21.0,11.0,15.0,2.0,0.0,5.0
mitchda01,Davion Mitchell,20,4,13.0,23.0,0.0,0.0,5.0,31.0,9.0,19.0,3.0,0.0,1.0
mitchda01,Davion Mitchell,21,3,15.0,26.0,4.0,4.0,5.0,39.0,14.0,14.0,2.0,0.0,4.0
mitchda01,Davion Mitchell,22,3,15.0,32.0,0.0,0.0,5.0,35.0,7.0,20.0,3.0,1.0,4.0
mitchda01,Davion Mitchell,23,4,11.0,23.0,2.0,4.0,3.0,27.0,11.0,18.0,5.0,1.0,8.0
mitchda01,Davion Mitchell,24,3,17.0,33.0,0.0,0.0,8.0,42.0,10.0,18.0,0.0,0.0,4.0
mitchda01,Davion Mitchell,25,3,16.0,26.0,1.0,4.0,3.0,36.0,6.0,18.0,1.0,0.0,5.0
sharpda01,Day'Ron Sharpe,1,3,10.0,13.0,1.0,2.0,1.0,22.0,9.0,4.0,4.0,2.0,11.0
sharpda01,Day'Ron Sharpe,2,3,7.0,12.0,5.0,7.0,1.0,20.0,20.0,6.0,2.0,2.0,3.0
sharpda01,Day'Ron Sharpe,3,4,7.0,12.0,10.0,16.0,1.0,25.0,24.0,7.0,3.0,2.0,8.0
sharpda01,Day'Ron Sharpe,4,2,4.0,8.0,2.0,2.0,0.0,10.0,10.0,6.0,1.0,0.0,2.0
sharpda01,Day'Ron Sharpe,5,3,10.0,14.0,5.0,10.0,0.0,25.0,17.0,4.0,3.0,1.0,6.0
sharpda01,Day'Ron Sharpe,6,3,5.0,14.0,3.0,8.0,2.0,15.0,18.0,3.0,1.0,1.0,4.0
sharpda01,Day'Ron Sharpe,7,4,14.0,22.0,9.0,14.0,0.0,37.0,20.0,9.0,4.0,4.0,6.0
sharpda01,Day'Ron Sharpe,8,2,5.0,9.0,6.0,6.0,0.0,16.0,14.0,8.0,4.0,1.0,1.0
sharpda01,Day'Ron Sharpe,9,2,5.0,8.0,2.0,2.0,0.0,12.0,9.0,6.0,0.0,0.0,3.0
sharpda01,Day'Ron Sharpe,10,2,8.0,10.0,2.0,2.0,1.0,19.0,15.0,10.0,4.0,0.0,1.0
sharpda01,Day'Ron Sharpe,11,4,17.0,30.0,8.0,13.0,0.0,42.0,28.0,14.0,7.0,3.0,3.0
sharpda01,Day'Ron Sharpe,12,3,9.0,17.0,1.0,2.0,0.0,19.0,29.0,9.0,4.0,1.0,8.0
sharpda01,Day'Ron Sharpe,13,4,19.0,27.0,10.0,12.0,0.0,48.0,32.0,7.0,0.0,1.0,3.0
sharpda01,Day'Ron Sharpe,14,3,6.0,13.0,7.0,9.0,0.0,19.0,16.0,5.0,6.0,1.0,7.0
sharpda01,Day'Ron Sharpe,15,4,12.0,20.0,13.0,19.0,1.0,38.0,36.0,4.0,5.0,0.0,8.0
sharpda01,Day'Ron Sharpe,16,3,20.0,27.0,2.0,2.0,0.0,42.0,28.0,9.0,6.0,0.0,5.0
sharpda01,Day'Ron Sharpe,17,2,10.0,19.0,5.0,8.0,0.0,25.0,19.0,5.0,2.0,2.0,3.0
sharpda01,Day'Ron Sharpe,18,3,11.0,19.0,5.0,8.0,0.0,27.0,18.0,7.0,4.0,2.0,5.0
sharpda01,Day'Ron Sharpe,19,4,13.0,29.0,4.0,6.0,0.0,30.0,26.0,11.0,3.0,2.0,12.0
sharpda01,Day'Ron Sharpe,20,3,14.0,22.0,1.0,2.0,1.0,30.0,20.0,9.0,2.0,0.0,5.0
sharpda01,Day'Ron Sharpe,21,1,8.0,11.0,2.0,2.0,1.0,19.0,5.0,2.0,2.0,1.0,2.0
foxde01,De'Aaron Fox,3,1,9.0,14.0,4.0,5.0,2.0,24.0,3.0,3.0,1.0,0.0,2.0
foxde01,De'Aaron Fox,4,4,34.0,70.0,8.0,8.0,10.0,86.0,15.0,31.0,4.0,1.0,18.0
foxde01,De'Aaron Fox,5,3,24.0,47.0,23.0,30.0,7.0,78.0,11.0,15.0,5.0,1.0,6.0
foxde01,De'Aaron Fox,6,3,27.0,59.0,17.0,18.0,6.0,77.0,9.0,24.0,5.0,2.0,9.0
foxde01,De'Aaron Fox,7,3,28.0,58.0,20.0,25.0,9.0,85.0,14.0,18.0,4.0,0.0,14.0
foxde01,De'Aaron Fox,8,3,20.0,43.0,7.0,8.0,9.0,56.0,10.0,14.0,5.0,1.0,6.0
foxde01,De'Aaron Fox,9,3,15.0,38.0,5.0,7.0,6.0,41.0,15.0,17.0,4.0,1.0,4.0
foxde01,De'Aaron Fox,10,2,15.0,28.0,2.0,6.0,3.0,35.0,7.0,12.0,1.0,1.0,1.0
foxde01,De'Aaron Fox,11,4,32.0,67.0,13.0,17.0,6.0,83.0,16.0,18.0,8.0,0.0,5.0
foxde01,De'Aaron Fox,12,4,24.0,67.0,6.0,6.0,2.0,56.0,25.0,23.0,3.0,1.0,9.0
foxde01,De'Aaron Fox,13,3,21.0,36.0,8.0,12.0,7.0,57.0,12.0,21.0,1.0,1.0,8.0
foxde01,De'Aaron Fox,14,4,26.0,47.0,6.0,10.0,13.0,71.0,15.0,25.0,5.0,1.0,10.0
foxde01,De'Aaron Fox,15,3,18.0,38.0,4.0,4.0,3.0,43.0,10.0,25.0,3.0,1.0,9.0
foxde01,De'Aaron Fox,16,3,19.0,39.0,5.0,6.0,4.0,47.0,9.0,22.0,3.0,1.0,6.0
foxde01,De'Aaron Fox,17,2,14.0,23.0,4.0,4.0,3.0,35.0,2.0,14.0,5.0,1.0,2.0
foxde01,De'Aaron Fox,18,2,11.0,20.0,8.0,10.0,3.0,33.0,5.0,13.0,1.0,0.0,6.0
foxde01,De'Aaron Fox,19,4,21.0,50.0,4.0,12.0,5.0,51.0,13.0,20.0,5.0,0.0,7.0
foxde01,De'Aaron Fox,20,4,34.0,63.0,4.0,6.0,7.0,79.0,14.0,29.0,4.0,1.0,5.0
foxde01,De'Aaron Fox,21,3,27.0,49.0,8.0,14.0,7.0,69.0,12.0,22.0,4.0,1.0,6.0
foxde01,De'Aaron Fox,22,4,25.0,55.0,14.0,15.0,6.0,70.0,18.0,22.0,3.0,2.0,9.0
foxde01,De'Aaron Fox,23,2,11.0,22.0,3.0,4.0,1.0,26.0,5.0,12.0,2.0,0.0,4.0
foxde01,De'Aaron Fox,24,4,23.0,47.0,6.0,8.0,2.0,54.0,18.0,19.0,8.0,0.0,9.0
foxde01,De'Aaron Fox,25,4,31.0,67.0,8.0,11.0,10.0,80.0,12.0,26.0,5.0,2.0,9.0
meltode01,De'Anthony Melton,7,2,9.0,20.0,6.0,8.0,3.0,27.0,2.0,4.0,4.0,1.0,4.0
meltode01,De'Anthony Melton,8,2,2.0,11.0,5.0,6.0,0.0,9.0,3.0,2.0,3.0,1.0,2.0
meltode01,De'Anthony Melton,9,2,1.0,11.0,2.0,3.0,0.0,4.0,2.0,7.0,3.0,2.0,4.0
meltode01,De'Anthony Melton,10,2,6.0,20.0,6.0,7.0,2.0,20.0,3.0,4.0,3.0,1.0,0.0
meltode01,De'Anthony Melton,11,3,12.0,25.0,2.0,2.0,4.0,30.0,18.0,5.0,6.0,1.0,5.0
meltode01,De'Anthony Melton,12,4,21.0,41.0,5.0,7.0,9.0,56.0,10.0,5.0,4.0,2.0,6.0
meltode01,De'Anthony Melton,13,3,19.0,38.0,6.0,6.0,8.0,52.0,10.0,6.0,2.0,2.0,2.0
meltode01,De'Anthony Melton,14,3,15.0,34.0,8.0,11.0,2.0,40.0,9.0,11.0,4.0,1.0,9.0
meltode01,De'Anthony Melton,15,2,10.0,21.0,7.0,8.0,3.0,30.0,7.0,5.0,5.0,0.0,5.0
meltode01,De'Anthony Melton,16,3,13.0,37.0,3.0,4.0,3.0,32.0,8.0,8.0,9.0,0.0,7.0
meltode01,De'Anthony Melton,17,2,9.0,18.0,4.0,4.0,5.0,27.0,6.0,9.0,0.0,0.0,4.0
meltode01,De'Anthony Melton,18,2,14.0,31.0,6.0,8.0,4.0,38.0,7.0,3.0,5.0,0.0,2.0
meltode01,De'Anthony Melton,19,2,11.0,32.0,11.0,13.0,5.0,38.0,5.0,7.0,1.0,1.0,3.0
meltode01,De'Anthony Melton,20,2,13.0,36.0,1.0,2.0,3.0,30.0,10.0,4.0,4.0,2.0,4.0
meltode01,De'Anthony Melton,21,2,11.0,27.0,7.0,7.0,5.0,34.0,9.0,5.0,3.0,1.0,3.0
meltode01,De'Anthony Melton,22,4,26.0,55.0,9.0,10.0,5.0,66.0,12.0,10.0,4.0,2.0,9.0
meltode01,De'Anthony Melton,23,3,5.0,23.0,3.0,4.0,1.0,14.0,16.0,11.0,9.0,0.0,13.0
meltode01,De'Anthony Melton,24,2,4.0,16.0,0.0,0.0,3.0,11.0,7.0,7.0,3.0,1.0,3.0
meltode01,De'Anthony Melton,25,4,14.0,32.0,9.0,11.0,7.0,44.0,14.0,12.0,4.0,2.0,6.0
derozde01,DeMar DeRozan,1,3,24.0,48.0,6.0,11.0,3.0,57.0,15.0,18.0,5.0,1.0,3.0
derozde01,DeMar DeRozan,2,3,22.0,43.0,23.0,26.0,0.0,67.0,10.0,11.0,2.0,0.0,4.0
derozde01,DeMar DeRozan,3,4,30.0,61.0,17.0,18.0,7.0,84.0,13.0,7.0,3.0,0.0,4.0
derozde01,DeMar DeRozan,4,4,23.0,46.0,6.0,6.0,3.0,55.0,8.0,13.0,6.0,1.0,3.0
derozde01,DeMar DeRozan,5,3,11.0,24.0,19.0,20.0,0.0,41.0,10.0,12.0,4.0,1.0,4.0
derozde01,DeMar DeRozan,6,4,27.0,54.0,24.0,24.0,4.0,82.0,6.0,14.0,7.0,1.0,5.0
derozde01,DeMar DeRozan,7,2,12.0,23.0,0.0,1.0,1.0,25.0,8.0,6.0,3.0,0.0,2.0
derozde01,DeMar DeRozan,8,3,20.0,38.0,6.0,7.0,2.0,48.0,12.0,7.0,3.0,2.0,1.0
derozde01,DeMar DeRozan,9,3,24.0,45.0,22.0,24.0,5.0,75.0,13.0,13.0,9.0,1.0,4.0
derozde01,DeMar DeRozan,10,3,23.0,45.0,21.0,23.0,1.0,68.0,11.0,19.0,3.0,1.0,4.0
derozde01,DeMar DeRozan,11,4,19.0,43.0,18.0,24.0,1.0,57.0,18.0,15.0,5.0,1.0,7.0
derozde01,DeMar DeRozan,12,3,26.0,50.0,11.0,13.0,4.0,67.0,6.0,14.0,5.0,1.0,1.0
derozde01,DeMar DeRozan,13,4,33.0,59.0,22.0,26.0,2.0,90.0,12.0,22.0,7.0,1.0,6.0
derozde01,DeMar DeRozan,14,4,21.0,44.0,25.0,30.0,1.0,68.0,9.0,14.0,1.0,0.0,6.0
derozde01,DeMar DeRozan,15,4,34.0,67.0,26.0,31.0,3.0,97.0,12.0,15.0,0.0,1.0,6.0
derozde01,DeMar DeRozan,16,3,11.0,29.0,13.0,16.0,3.0,38.0,10.0,9.0,2.0,2.0,2.0
derozde01,DeMar DeRozan,17,2,10.0,30.0,7.0,8.0,1.0,28.0,4.0,2.0,0.0,0.0,1.0
derozde01,DeMar DeRozan,18,2,8.0,24.0,17.0,18.0,0.0,33.0,4.0,11.0,2.0,1.0,2.0
derozde01,DeMar DeRozan,19,4,15.0,24.0,19.0,22.0,1.0,50.0,9.0,24.0,3.0,3.0,3.0
derozde01,DeMar DeRozan,20,2,11.0,31.0,10.0,14.0,0.0,32.0,4.0,3.0,1.0,0.0,2.0
derozde01,DeMar DeRozan,21,4,43.0,70.0,32.0,35.0,1.0,119.0,11.0,25.0,7.0,3.0,15.0
derozde01,DeMar DeRozan,22,3,10.0,21.0,5.0,6.0,0.0,25.0,4.0,14.0,0.0,1.0,4.0
derozde01,DeMar DeRozan,23,3,24.0,52.0,13.0,16.0,1.0,62.0,14.0,19.0,0.0,0.0,5.0
derozde01,DeMar DeRozan,24,3,18.0,34.0,12.0,12.0,3.0,51.0,3.0,9.0,2.0,1.0,2.0
aytonde01,Deandre Ayton,1,3,22.0,35.0,3.0,8.0,0.0,47.0,29.0,2.0,1.0,3.0,9.0
aytonde01,Deandre Ayton,2,3,20.0,32.0,2.0,3.0,0.0,42.0,18.0,5.0,2.0,2.0,6.0
aytonde01,Deandre Ayton,3,3,28.0,37.0,6.0,7.0,0.0,62.0,25.0,2.0,1.0,5.0,6.0
aytonde01,Deandre Ayton,4,4,29.0,39.0,2.0,3.0,0.0,60.0,37.0,3.0,5.0,2.0,14.0
aytonde01,Deandre Ayton,5,2,11.0,15.0,0.0,2.0,0.0,22.0,17.0,1.0,2.0,1.0,1.0
aytonde01,Deandre Ayton,6,2,15.0,18.0,9.0,10.0,0.0,39.0,20.0,3.0,1.0,6.0,2.0
aytonde01,Deandre Ayton,7,4,24.0,35.0,1.0,1.0,0.0,49.0,39.0,3.0,3.0,4.0,4.0
aytonde01,Deandre Ayton,8,2,15.0,20.0,1.0,4.0,0.0,31.0,21.0,1.0,3.0,1.0,3.0
aytonde01,Deandre Ayton,10,3,16.0,23.0,1.0,3.0,0.0,33.0,23.0,3.0,3.0,2.0,3.0
aytonde01,Deandre Ayton,11,3,13.0,20.0,3.0,6.0,0.0,29.0,16.0,1.0,3.0,3.0,3.0
aytonde01,Deandre Ayton,12,3,15.0,31.0,1.0,2.0,0.0,31.0,22.0,4.0,1.0,3.0,3.0
aytonde01,Deandre Ayton,13,4,27.0,36.0,13.0,17.0,0.0,67.0,50.0,4.0,1.0,4.0,3.0
aytonde01,Deandre Ayton,14,3,8.0,26.0,1.0,2.0,0.0,17.0,24.0,0.0,0.0,2.0,2.0
aytonde01,Deandre Ayton,15,4,25.0,30.0,7.0,7.0,0.0,57.0,24.0,6.0,2.0,4.0,2.0
aytonde01,Deandre Ayton,16,2,7.0,10.0,3.0,4.0,0.0,17.0,14.0,3.0,1.0,2.0,1.0
aytonde01,Deandre Ayton,17,1,3.0,5.0,0.0,3.0,0.0,6.0,10.0,0.0,0.0,0.0,1.0
aytonde01,Deandre Ayton,18,2,7.0,16.0,3.0,3.0,0.0,17.0,14.0,2.0,1.0,2.0,2.0
aytonde01,Deandre Ayton,19,4,17.0,25.0,5.0,8.0,0.0,39.0,31.0,2.0,4.0,1.0,3.0
aytonde01,Deandre Ayton,20,3,9.0,13.0,1.0,1.0,0.0,19.0,18.0,1.0,0.0,4.0,2.0
aytonde01,Deandre Ayton,21,3,21.0,30.0,4.0,12.0,0.0,46.0,31.0,5.0,1.0,1.0,2.0
aytonde01,Deandre Ayton,22,4,17.0,25.0,4.0,8.0,0.0,38.0,31.0,3.0,1.0,4.0,5.0
aytonde01,Deandre Ayton,23,2,8.0,9.0,6.0,8.0,0.0,22.0,17.0,0.0,2.0,3.0,3.0
aytonde01,Deandre Ayton,24,4,22.0,34.0,7.0,9.0,0.0,51.0,21.0,3.0,2.0,5.0,2.0
aytonde01,Deandre Ayton,25,4,24.0,37.0,8.0,10.0,0.0,56.0,23.0,2.0,1.0,6.0,1.0
murrade01,Dejounte Murray,19,3,16.0,33.0,11.0,11.0,4.0,47.0,10.0,17.0,6.0,1.0,13.0
murrade01,Dejounte Murray,20,3,16.0,35.0,14.0,17.0,3.0,49.0,22.0,15.0,5.0,1.0,8.0
murrade01,Dejounte Murray,21,2,26.0,38.0,4.0,7.0,6.0,62.0,12.0,10.0,3.0,0.0,6.0
murrade01,Dejounte Murray,22,2,11.0,25.0,3.0,3.0,4.0,29.0,7.0,20.0,2.0,0.0,8.0
murrade01,Dejounte Murray,23,3,15.0,41.0,6.0,6.0,2.0,38.0,16.0,22.0,5.0,1.0,7.0
murrade01,Dejounte Murray,24,1,4.0,10.0,1.0,1.0,0.0,9.0,8.0,5.0,2.0,0.0,5.0
avdijde01,Deni Avdija,1,3,24.0,50.0,14.0,17.0,7.0,69.0,19.0,12.0,1.0,1.0,10.0
avdijde01,Deni Avdija,2,3,21.0,42.0,18.0,23.0,7.0,67.0,17.0,13.0,2.0,4.0,13.0
avdijde01,Deni Avdija,3,3,27.0,58.0,31.0,34.0,7.0,92.0,27.0,19.0,3.0,3.0,11.0
avdijde01,Deni Avdija,4,4,36.0,71.0,26.0,29.0,12.0,110.0,22.0,18.0,1.0,3.0,13.0
avdijde01,Deni Avdija,5,4,28.0,69.0,24.0,32.0,8.0,88.0,27.0,30.0,3.0,1.0,12.0
avdijde01,Deni Avdija,6,3,24.0,46.0,32.0,45.0,10.0,90.0,29.0,23.0,1.0,2.0,11.0
avdijde01,Deni Avdija,7,4,27.0,55.0,41.0,50.0,9.0,104.0,32.0,35.0,5.0,1.0,17.0
avdijde01,Deni Avdija,8,2,11.0,31.0,17.0,20.0,3.0,42.0,13.0,14.0,2.0,2.0,6.0
avdijde01,Deni Avdija,9,2,18.0,37.0,19.0,22.0,4.0,59.0,12.0,16.0,2.0,0.0,10.0
avdijde01,Deni Avdija,10,4,32.0,71.0,24.0,37.0,8.0,96.0,30.0,36.0,4.0,3.0,19.0
avdijde01,Deni Avdija,11,4,33.0,74.0,33.0,44.0,8.0,107.0,34.0,39.0,5.0,3.0,17.0
avdijde01,Deni Avdija,12,4,36.0,75.0,38.0,43.0,9.0,119.0,22.0,21.0,6.0,1.0,17.0
avdijde01,Deni Avdija,13,1,10.0,18.0,8.0,8.0,2.0,30.0,8.0,8.0,0.0,1.0,3.0
avdijde01,Deni Avdija,14,1,6.0,11.0,6.0,6.0,2.0,20.0,7.0,4.0,0.0,0.0,3.0
avdijde01,Deni Avdija,15,2,10.0,28.0,4.0,9.0,4.0,28.0,17.0,6.0,0.0,2.0,10.0
avdijde01,Deni Avdija,17,2,11.0,30.0,13.0,15.0,2.0,37.0,15.0,11.0,3.0,1.0,6.0
avdijde01,Deni Avdija,18,2,5.0,10.0,5.0,7.0,0.0,15.0,8.0,13.0,0.0,0.0,6.0
avdijde01,Deni Avdija,20,1,6.0,16.0,6.0,6.0,0.0,18.0,5.0,8.0,0.0,3.0,1.0
avdijde01,Deni Avdija,21,3,22.0,46.0,16.0,19.0,4.0,64.0,16.0,24.0,4.0,2.0,15.0
avdijde01,Deni Avdija,22,4,27.0,69.0,38.0,47.0,6.0,98.0,31.0,29.0,1.0,2.0,16.0
avdijde01,Deni Avdija,23,4,24.0,49.0,26.0,38.0,2.0,76.0,25.0,20.0,4.0,3.0,16.0
avdijde01,Deni Avdija,24,2,15.0,35.0,21.0,25.0,3.0,54.0,19.0,15.0,2.0,1.0,5.0
avdijde01,Deni Avdija,25,4,39.0,74.0,29.0,34.0,8.0,115.0,20.0,28.0,2.0,2.0,16.0
queende01,Derik Queen,1,2,7.0,15.0,4.0,6.0,0.0,18.0,11.0,1.0,1.0,3.0,1.0
queende01,Derik Queen,2,4,8.0,19.0,10.0,12.0,0.0,26.0,18.0,0.0,2.0,1.0,5.0
queende01,Derik Queen,3,3,13.0,29.0,9.0,12.0,1.0,36.0,20.0,17.0,7.0,2.0,10.0
queende01,Derik Queen,4,4,23.0,42.0,10.0,13.0,0.0,56.0,30.0,16.0,2.0,3.0,10.0
queende01,Derik Queen,5,4,29.0,59.0,20.0,25.0,1.0,79.0,33.0,21.0,7.0,5.0,16.0
queende01,Derik Queen,6,4,14.0,32.0,7.0,8.0,0.0,35.0,17.0,16.0,3.0,2.0,5.0
queende01,Derik Queen,7,3,14.0,29.0,11.0,14.0,0.0,39.0,21.0,16.0,3.0,1.0,6.0
queende01,Derik Queen,8,3,21.0,31.0,12.0,14.0,0.0,54.0,23.0,23.0,2.0,5.0,9.0
queende01,Derik Queen,9,2,15.0,24.0,2.0,3.0,1.0,33.0,22.0,7.0,1.0,3.0,5.0
queende01,Derik Queen,10,4,24.0,50.0,16.0,22.0,4.0,68.0,35.0,16.0,5.0,2.0,11.0
queende01,Derik Queen,11,3,12.0,31.0,5.0,8.0,0.0,29.0,22.0,13.0,4.0,8.0,9.0
queende01,Derik Queen,12,4,19.0,40.0,2.0,3.0,0.0,40.0,42.0,28.0,6.0,6.0,14.0
queende01,Derik Queen,13,4,17.0,38.0,8.0,8.0,1.0,43.0,35.0,17.0,2.0,1.0,6.0
queende01,Derik Queen,14,3,6.0,17.0,5.0,6.0,0.0,17.0,17.0,14.0,4.0,1.0,12.0
queende01,Derik Queen,15,3,15.0,31.0,9.0,10.0,1.0,40.0,22.0,10.0,2.0,4.0,8.0
queende01,Derik Queen,16,3,14.0,25.0,6.0,11.0,5.0,39.0,19.0,13.0,3.0,2.0,2.0
queende01,Derik Queen,17,2,8.0,15.0,3.0,4.0,1.0,20.0,10.0,1.0,3.0,2.0,3.0
queende01,Derik Queen,18,2,9.0,15.0,9.0,12.0,1.0,28.0,18.0,4.0,3.0,2.0,7.0
queende01,Derik Queen,19,4,15.0,37.0,11.0,14.0,0.0,41.0,28.0,8.0,2.0,3.0,7.0
queende01,Derik Queen,20,4,10.0,26.0,10.0,10.0,1.0,31.0,16.0,15.0,0.0,3.0,6.0
queende01,Derik Queen,21,2,1.0,6.0,0.0,0.0,1.0,3.0,9.0,4.0,1.0,3.0,4.0
queende01,Derik Queen,22,4,9.0,18.0,16.0,16.0,3.0,37.0,16.0,8.0,6.0,2.0,8.0
queende01,Derik Queen,23,4,17.0,44.0,7.0,13.0,1.0,42.0,27.0,6.0,2.0,3.0,7.0
queende01,Derik Queen,24,3,8.0,24.0,6.0,6.0,0.0,22.0,16.0,10.0,8.0,2.0,6.0
queende01,Derik Queen,25,3,26.0,51.0,19.0,23.0,1.0,72.0,45.0,15.0,5.0,6.0,13.0
jonesde02,Derrick Jones Jr.,1,3,13.0,16.0,1.0,2.0,6.0,33.0,7.0,3.0,2.0,3.0,3.0
jonesde02,Derrick Jones Jr.,2,2,8.0,16.0,0.0,0.0,3.0,19.0,5.0,2.0,0.0,2.0,0.0
jonesde02,Derrick Jones Jr.,3,4,15.0,29.0,9.0,12.0,6.0,45.0,8.0,3.0,3.0,3.0,2.0
jonesde02,Derrick Jones Jr.,4,4,13.0,31.0,12.0,14.0,1.0,39.0,11.0,6.0,6.0,7.0,5.0
jonesde02,Derrick Jones Jr.,10,1,1.0,4.0,1.0,1.0,0.0,3.0,3.0,0.0,0.0,0.0,1.0
jonesde02,Derrick Jones Jr.,11,3,15.0,21.0,1.0,2.0,6.0,37.0,11.0,6.0,2.0,3.0,3.0
jonesde02,Derrick Jones Jr.,16,3,9.0,16.0,5.0,7.0,2.0,25.0,9.0,4.0,5.0,2.0,2.0
jonesde02,Derrick Jones Jr.,17,2,6.0,15.0,2.0,2.0,4.0,18.0,2.0,3.0,1.0,4.0,1.0
jonesde02,Derrick Jones Jr.,18,3,16.0,37.0,6.0,8.0,3.0,41.0,14.0,6.0,2.0,3.0,3.0
jonesde02,Derrick Jones Jr.,19,2,13.0,20.0,5.0,7.0,4.0,35.0,3.0,1.0,1.0,2.0,1.0
jonesde02,Derrick Jones Jr.,20,4,18.0,41.0,10.0,12.0,3.0,49.0,15.0,4.0,4.0,3.0,4.0
jonesde02,Derrick Jones Jr.,21,4,15.0,29.0,5.0,7.0,5.0,40.0,20.0,7.0,10.0,7.0,4.0
jonesde02,Derrick Jones Jr.,22,4,19.0,39.0,7.0,10.0,6.0,51.0,15.0,12.0,4.0,2.0,3.0
jonesde02,Derrick Jones Jr.,23,4,12.0,25.0,1.0,1.0,1.0,26.0,19.0,4.0,3.0,3.0,3.0
jonesde02,Derrick Jones Jr.,24,3,5.0,12.0,1.0,2.0,0.0,11.0,10.0,4.0,1.0,3.0,1.0
jonesde02,Derrick Jones Jr.,25,4,11.0,28.0,5.0,6.0,5.0,32.0,21.0,4.0,1.0,3.0,4.0
whitede01,Derrick White,1,3,18.0,56.0,9.0,10.0,10.0,55.0,11.0,11.0,6.0,5.0,2.0
whitede01,Derrick White,2,4,18.0,61.0,7.0,8.0,7.0,50.0,14.0,17.0,4.0,3.0,5.0
whitede01,Derrick White,3,4,21.0,51.0,8.0,12.0,9.0,59.0,13.0,28.0,12.0,5.0,5.0
whitede01,Derrick White,4,3,20.0,48.0,9.0,10.0,11.0,60.0,17.0,20.0,2.0,5.0,5.0
whitede01,Derrick White,5,3,13.0,39.0,5.0,6.0,6.0,37.0,13.0,13.0,5.0,5.0,6.0
whitede01,Derrick White,6,2,13.0,29.0,9.0,10.0,8.0,43.0,8.0,8.0,3.0,3.0,3.0
whitede01,Derrick White,7,4,37.0,72.0,4.0,5.0,20.0,98.0,18.0,25.0,2.0,5.0,14.0
whitede01,Derrick White,8,1,3.0,12.0,3.0,3.0,2.0,11.0,2.0,3.0,0.0,0.0,4.0
whitede01,Derrick White,9,3,26.0,58.0,9.0,10.0,18.0,79.0,16.0,14.0,1.0,6.0,7.0
whitede01,Derrick White,10,3,18.0,47.0,8.0,9.0,8.0,52.0,15.0,15.0,7.0,3.0,7.0
whitede01,Derrick White,11,3,23.0,49.0,17.0,18.0,9.0,72.0,16.0,20.0,3.0,11.0,5.0
whitede01,Derrick White,12,4,28.0,74.0,7.0,7.0,11.0,74.0,22.0,19.0,5.0,8.0,4.0
whitede01,Derrick White,13,3,11.0,32.0,8.0,8.0,3.0,33.0,15.0,22.0,3.0,3.0,7.0
whitede01,Derrick White,14,3,10.0,39.0,8.0,9.0,4.0,32.0,21.0,17.0,1.0,3.0,2.0
whitede01,Derrick White,15,4,21.0,48.0,4.0,4.0,7.0,53.0,17.0,24.0,5.0,3.0,12.0
whitede01,Derrick White,16,4,27.0,72.0,11.0,11.0,14.0,79.0,7.0,25.0,1.0,4.0,5.0
whitede01,Derrick White,17,1,3.0,9.0,1.0,2.0,2.0,9.0,4.0,9.0,2.0,2.0,0.0
whitede01,Derrick White,18,2,9.0,26.0,2.0,2.0,2.0,22.0,10.0,16.0,2.0,5.0,4.0
whitede01,Derrick White,19,4,25.0,57.0,8.0,9.0,17.0,75.0,23.0,26.0,5.0,10.0,9.0
whitede01,Derrick White,20,4,24.0,60.0,16.0,16.0,9.0,73.0,14.0,21.0,4.0,2.0,3.0
whitede01,Derrick White,21,2,14.0,33.0,15.0,17.0,6.0,49.0,11.0,12.0,1.0,2.0,3.0
whitede01,Derrick White,22,4,24.0,54.0,4.0,5.0,9.0,61.0,21.0,10.0,9.0,3.0,10.0
whitede01,Derrick White,23,2,6.0,24.0,8.0,9.0,2.0,22.0,6.0,11.0,0.0,0.0,4.0
whitede01,Derrick White,24,4,16.0,34.0,0.0,0.0,8.0,40.0,19.0,19.0,2.0,3.0,6.0
whitede01,Derrick White,25,3,9.0,24.0,4.0,4.0,7.0,29.0,7.0,9.0,3.0,0.0,2.0
banede01,Desmond Bane,1,3,19.0,44.0,10.0,11.0,4.0,52.0,16.0,11.0,1.0,2.0,11.0
banede01,Desmond Bane,2,4,20.0,49.0,6.0,6.0,4.0,50.0,12.0,15.0,2.0,0.0,5.0
banede01,Desmond Bane,3,3,14.0,30.0,8.0,11.0,4.0,40.0,14.0,15.0,2.0,2.0,5.0
banede01,Desmond Bane,4,4,32.0,72.0,16.0,16.0,9.0,89.0,18.0,21.0,1.0,1.0,12.0
banede01,Desmond Bane,5,4,26.0,60.0,22.0,23.0,9.0,83.0,20.0,20.0,7.0,0.0,8.0
banede01,Desmond Bane,6,2,19.0,40.0,13.0,14.0,1.0,52.0,10.0,8.0,3.0,2.0,4.0
banede01,Desmond Bane,7,4,27.0,63.0,10.0,10.0,8.0,72.0,15.0,18.0,2.0,1.0,5.0
banede01,Desmond Bane,8,2,21.0,41.0,5.0,5.0,8.0,55.0,12.0,12.0,2.0,0.0,4.0
banede01,Desmond Bane,9,2,16.0,32.0,3.0,4.0,3.0,38.0,8.0,9.0,2.0,3.0,6.0
banede01,Desmond Bane,10,4,28.0,63.0,20.0,22.0,6.0,82.0,19.0,18.0,3.0,6.0,11.0
banede01,Desmond Bane,11,4,30.0,64.0,13.0,13.0,8.0,81.0,23.0,19.0,3.0,3.0,5.0
banede01,Desmond Bane,12,4,27.0,59.0,17.0,19.0,3.0,74.0,15.0,15.0,4.0,0.0,13.0
banede01,Desmond Bane,13,2,9.0,25.0,4.0,4.0,2.0,24.0,8.0,8.0,2.0,3.0,5.0
banede01,Desmond Bane,14,2,15.0,27.0,6.0,6.0,5.0,41.0,9.0,7.0,2.0,0.0,4.0
banede01,Desmond Bane,15,4,38.0,65.0,9.0,9.0,14.0,99.0,10.0,11.0,4.0,1.0,5.0
banede01,Desmond Bane,16,3,16.0,35.0,16.0,19.0,4.0,52.0,8.0,8.0,6.0,2.0,7.0
banede01,Desmond Bane,17,2,19.0,28.0,8.0,8.0,10.0,56.0,5.0,6.0,2.0,1.0,6.0
banede01,Desmond Bane,18,3,31.0,46.0,13.0,18.0,12.0,87.0,13.0,6.0,6.0,2.0,3.0
banede01,Desmond Bane,19,3,26.0,52.0,8.0,9.0,9.0,69.0,11.0,17.0,4.0,0.0,4.0
banede01,Desmond Bane,20,4,28.0,52.0,26.0,26.0,5.0,87.0,18.0,20.0,5.0,0.0,6.0
banede01,Desmond Bane,21,3,27.0,50.0,19.0,20.0,5.0,78.0,11.0,16.0,4.0,1.0,4.0
banede01,Desmond Bane,22,4,25.0,56.0,9.0,9.0,11.0,70.0,16.0,12.0,6.0,1.0,8.0
banede01,Desmond Bane,23,4,23.0,49.0,21.0,23.0,7.0,74.0,16.0,18.0,2.0,0.0,7.0
banede01,Desmond Bane,24,4,27.0,61.0,25.0,31.0,10.0,89.0,21.0,16.0,5.0,2.0,10.0
banede01,Desmond Bane,25,4,20.0,42.0,7.0,10.0,6.0,53.0,10.0,12.0,6.0,4.0,6.0
bookede01,Devin Booker,1,3,25.0,45.0,26.0,31.0,4.0,80.0,11.0,17.0,1.0,0.0,18.0
bookede01,Devin Booker,2,4,44.0,90.0,25.0,30.0,17.0,130.0,17.0,35.0,2.0,3.0,11.0
bookede01,Devin Booker,3,3,31.0,65.0,17.0,17.0,4.0,83.0,19.0,20.0,4.0,0.0,13.0
bookede01,Devin Booker,4,4,37.0,77.0,28.0,29.0,3.0,105.0,10.0,26.0,4.0,1.0,14.0
bookede01,Devin Booker,5,3,17.0,49.0,21.0,26.0,4.0,59.0,14.0,22.0,5.0,2.0,12.0
bookede01,Devin Booker,6,4,21.0,59.0,34.0,40.0,6.0,82.0,22.0,24.0,4.0,2.0,13.0
bookede01,Devin Booker,7,1,4.0,7.0,2.0,2.0,1.0,11.0,2.0,3.0,0.0,0.0,1.0
bookede01,Devin Booker,8,1,7.0,17.0,13.0,16.0,0.0,27.0,6.0,7.0,1.0,1.0,1.0
bookede01,Devin Booker,9,2,22.0,46.0,15.0,18.0,4.0,63.0,3.0,7.0,4.0,2.0,5.0
bookede01,Devin Booker,10,3,23.0,48.0,21.0,27.0,4.0,71.0,14.0,20.0,3.0,0.0,12.0
bookede01,Devin Booker,11,4,39.0,80.0,28.0,33.0,5.0,111.0,16.0,23.0,2.0,1.0,9.0
bookede01,Devin Booker,12,4,30.0,72.0,20.0,23.0,8.0,88.0,7.0,27.0,3.0,0.0,9.0
bookede01,Devin Booker,13,2,13.0,37.0,23.0,25.0,2.0,51.0,13.0,13.0,2.0,0.0,8.0
bookede01,Devin Booker,14,3,31.0,62.0,12.0,13.0,8.0,82.0,11.0,11.0,2.0,0.0,11.0
bookede01,Devin Booker,16,1,5.0,12.0,10.0,11.0,1.0,21.0,2.0,9.0,0.0,0.0,4.0
bookede01,Devin Booker,17,1,7.0,16.0,2.0,3.0,3.0,19.0,4.0,6.0,2.0,0.0,3.0
bookede01,Devin Booker,18,1,2.0,6.0,1.0,2.0,0.0,5.0,1.0,0.0,0.0,0.0,1.0
bookede01,Devin Booker,20,4,32.0,79.0,30.0,31.0,12.0,106.0,17.0,22.0,4.0,1.0,13.0
bookede01,Devin Booker,21,3,34.0,72.0,23.0,26.0,10.0,101.0,15.0,12.0,2.0,2.0,8.0
bookede01,Devin Booker,22,5,47.0,104.0,33.0,39.0,8.0,135.0,16.0,27.0,2.0,2.0,18.0
bookede01,Devin Booker,23,2,13.0,28.0,20.0,23.0,2.0,48.0,6.0,16.0,1.0,1.0,1.0
bookede01,Devin Booker,24,4,42.0,84.0,26.0,30.0,12.0,122.0,13.0,22.0,3.0,0.0,10.0
bookede01,Devin Booker,25,2,20.0,43.0,24.0,25.0,4.0,68.0,9.0,17.0,0.0,0.0,7.0
vassede01,Devin Vassell,1,3,20.0,45.0,1.0,3.0,11.0,52.0,10.0,6.0,4.0,0.0,6.0
vassede01,Devin Vassell,2,3,13.0,35.0,4.0,5.0,6.0,36.0,15.0,8.0,2.0,1.0,5.0
vassede01,Devin Vassell,3,3,15.0,39.0,6.0,8.0,10.0,46.0,8.0,7.0,4.0,1.0,1.0
vassede01,Devin Vassell,4,4,17.0,41.0,7.0,7.0,5.0,46.0,12.0,10.0,4.0,0.0,3.0
vassede01,Devin Vassell,5,3,14.0,35.0,6.0,6.0,8.0,42.0,12.0,10.0,4.0,5.0,5.0
vassede01,Devin Vassell,6,3,31.0,54.0,7.0,7.0,11.0,80.0,10.0,5.0,4.0,0.0,1.0
vassede01,Devin Vassell,7,3,18.0,41.0,7.0,8.0,12.0,55.0,14.0,6.0,0.0,3.0,3.0
vassede01,Devin Vassell,8,3,9.0,28.0,12.0,13.0,6.0,36.0,12.0,12.0,4.0,2.0,2.0
vassede01,Devin Vassell,9,3,17.0,38.0,4.0,4.0,9.0,47.0,19.0,7.0,3.0,2.0,3.0
vassede01,Devin Vassell,10,3,11.0,32.0,5.0,7.0,6.0,33.0,12.0,6.0,0.0,1.0,0.0
vassede01,Devin Vassell,11,1,3.0,10.0,0.0,0.0,1.0,7.0,4.0,0.0,0.0,0.0,1.0
vassede01,Devin Vassell,14,1,5.0,12.0,1.0,3.0,2.0,13.0,1.0,1.0,1.0,0.0,1.0
vassede01,Devin Vassell,15,3,14.0,30.0,1.0,2.0,5.0,34.0,8.0,5.0,2.0,1.0,2.0
vassede01,Devin Vassell,16,3,14.0,37.0,4.0,4.0,2.0,34.0,14.0,9.0,1.0,1.0,2.0
vassede01,Devin Vassell,17,2,6.0,13.0,3.0,3.0,2.0,17.0,6.0,3.0,2.0,0.0,2.0
vassede01,Devin Vassell,18,2,8.0,16.0,0.0,0.0,4.0,20.0,5.0,5.0,0.0,1.0,3.0
vassede01,Devin Vassell,19,4,30.0,51.0,2.0,5.0,19.0,81.0,21.0,14.0,4.0,1.0,6.0
vassede01,Devin Vassell,20,4,14.0,36.0,9.0,12.0,9.0,46.0,17.0,10.0,3.0,3.0,3.0
vassede01,Devin Vassell,21,3,12.0,29.0,10.0,13.0,7.0,41.0,8.0,8.0,3.0,0.0,2.0
vassede01,Devin Vassell,22,2,11.0,21.0,4.0,4.0,6.0,32.0,5.0,6.0,1.0,0.0,2.0
vassede01,Devin Vassell,23,3,15.0,27.0,2.0,3.0,9.0,41.0,13.0,9.0,5.0,1.0,0.0
vassede01,Devin Vassell,24,4,15.0,43.0,7.0,8.0,9.0,46.0,24.0,11.0,1.0,2.0,2.0
vassede01,Devin Vassell,25,4,18.0,42.0,4.0,5.0,7.0,47.0,18.0,9.0,5.0,0.0,5.0
brookdi01,Dillon Brooks,1,3,22.0,59.0,5.0,5.0,9.0,58.0,10.0,7.0,8.0,2.0,7.0
brookdi01,Dillon Brooks,3,1,4.0,6.0,6.0,7.0,2.0,16.0,2.0,3.0,2.0,0.0,1.0
brookdi01,Dillon Brooks,4,4,36.0,70.0,20.0,21.0,10.0,102.0,14.0,5.0,6.0,0.0,8.0
brookdi01,Dillon Brooks,5,3,23.0,52.0,4.0,8.0,9.0,59.0,10.0,7.0,6.0,0.0,8.0
brookdi01,Dillon Brooks,6,4,31.0,70.0,19.0,21.0,7.0,88.0,12.0,4.0,4.0,0.0,10.0
brookdi01,Dillon Brooks,7,2,25.0,50.0,4.0,7.0,2.0,56.0,6.0,6.0,1.0,0.0,7.0
brookdi01,Dillon Brooks,8,3,17.0,45.0,10.0,13.0,8.0,52.0,5.0,3.0,1.0,0.0,5.0
brookdi01,Dillon Brooks,9,2,18.0,34.0,3.0,5.0,7.0,46.0,12.0,5.0,1.0,0.0,5.0
brookdi01,Dillon Brooks,10,3,22.0,45.0,7.0,9.0,6.0,57.0,7.0,2.0,4.0,0.0,3.0
brookdi01,Dillon Brooks,11,4,31.0,66.0,15.0,15.0,9.0,86.0,12.0,6.0,4.0,0.0,7.0
brookdi01,Dillon Brooks,12,4,28.0,66.0,8.0,8.0,15.0,79.0,19.0,11.0,1.0,0.0,6.0
brookdi01,Dillon Brooks,13,3,17.0,53.0,8.0,10.0,4.0,46.0,11.0,2.0,2.0,1.0,5.0
brookdi01,Dillon Brooks,14,4,25.0,69.0,11.0,11.0,9.0,70.0,21.0,7.0,3.0,3.0,3.0
brookdi01,Dillon Brooks,15,4,38.0,71.0,27.0,32.0,12.0,115.0,18.0,11.0,4.0,2.0,6.0
brookdi01,Dillon Brooks,16,3,24.0,63.0,10.0,11.0,5.0,63.0,12.0,4.0,3.0,0.0,4.0
brookdi01,Dillon Brooks,17,2,20.0,45.0,4.0,5.0,2.0,46.0,9.0,5.0,2.0,0.0,5.0
brookdi01,Dillon Brooks,18,1,2.0,7.0,0.0,0.0,1.0,5.0,3.0,0.0,0.0,0.0,0.0
brookdi01,Dillon Brooks,24,3,15.0,40.0,2.0,2.0,5.0,37.0,10.0,6.0,2.0,1.0,4.0
brookdi01,Dillon Brooks,25,3,19.0,48.0,7.0,12.0,5.0,50.0,10.0,5.0,3.0,0.0,5.0
sabondo01,Domantas Sabonis,1,2,10.0,17.0,1.0,3.0,1.0,22.0,26.0,4.0,3.0,0.0,4.0
sabondo01,Domantas Sabonis,2,3,21.0,42.0,9.0,12.0,1.0,52.0,42.0,15.0,3.0,1.0,10.0
sabondo01,Domantas Sabonis,3,2,10.0,27.0,13.0,16.0,0.0,33.0,30.0,8.0,2.0,0.0,5.0
sabondo01,Domantas Sabonis,4,4,33.0,59.0,14.0,20.0,2.0,82.0,37.0,14.0,5.0,1.0,9.0
sabondo01,Domantas Sabonis,13,2,7.0,9.0,7.0,9.0,0.0,21.0,14.0,7.0,1.0,1.0,10.0
sabondo01,Domantas Sabonis,14,3,18.0,29.0,5.0,7.0,1.0,42.0,33.0,17.0,3.0,0.0,6.0
sabondo01,Domantas Sabonis,15,2,11.0,20.0,3.0,6.0,0.0,25.0,19.0,10.0,0.0,1.0,6.0
sabondo01,Domantas Sabonis,16,1,10.0,18.0,4.0,4.0,0.0,24.0,15.0,3.0,1.0,0.0,1.0
barlodo01,Dominick Barlow,1,2,5.0,10.0,5.0,6.0,0.0,15.0,12.0,5.0,0.0,1.0,3.0
barlodo01,Dominick Barlow,4,1,4.0,8.0,0.0,0.0,2.0,10.0,8.0,3.0,0.0,2.0,2.0
barlodo01,Dominick Barlow,5,4,10.0,18.0,1.0,2.0,2.0,23.0,13.0,6.0,3.0,5.0,5.0
barlodo01,Dominick Barlow,6,3,13.0,24.0,4.0,5.0,1.0,31.0,22.0,9.0,3.0,4.0,4.0
barlodo01,Dominick Barlow,7,4,10.0,25.0,10.0,11.0,1.0,31.0,23.0,5.0,5.0,3.0,3.0
barlodo01,Dominick Barlow,8,2,8.0,14.0,4.0,5.0,1.0,21.0,15.0,2.0,2.0,2.0,1.0
barlodo01,Dominick Barlow,9,2,14.0,20.0,3.0,5.0,1.0,32.0,8.0,3.0,2.0,1.0,1.0
barlodo01,Dominick Barlow,10,2,3.0,7.0,3.0,4.0,0.0,9.0,10.0,4.0,3.0,0.0,3.0
barlodo01,Dominick Barlow,11,3,9.0,15.0,3.0,4.0,1.0,22.0,8.0,0.0,3.0,1.0,2.0
barlodo01,Dominick Barlow,12,4,17.0,27.0,4.0,5.0,3.0,41.0,23.0,2.0,0.0,3.0,5.0
barlodo01,Dominick Barlow,13,3,4.0,9.0,0.0,0.0,0.0,8.0,10.0,0.0,3.0,1.0,0.0
barlodo01,Dominick Barlow,14,4,11.0,19.0,6.0,9.0,2.0,30.0,19.0,6.0,6.0,0.0,2.0
barlodo01,Dominick Barlow,15,4,10.0,16.0,6.0,7.0,0.0,26.0,11.0,3.0,5.0,0.0,0.0
barlodo01,Dominick Barlow,16,4,22.0,40.0,8.0,11.0,3.0,55.0,29.0,3.0,5.0,2.0,2.0
barlodo01,Dominick Barlow,17,1,6.0,10.0,0.0,0.0,1.0,13.0,4.0,1.0,2.0,1.0,2.0
barlodo01,Dominick Barlow,18,3,6.0,19.0,6.0,10.0,0.0,18.0,11.0,3.0,3.0,5.0,2.0
barlodo01,Dominick Barlow,19,3,8.0,11.0,6.0,10.0,1.0,23.0,13.0,2.0,4.0,0.0,1.0
barlodo01,Dominick Barlow,20,3,5.0,17.0,1.0,1.0,0.0,11.0,5.0,3.0,1.0,3.0,3.0
barlodo01,Dominick Barlow,21,5,20.0,35.0,9.0,16.0,2.0,51.0,22.0,5.0,5.0,4.0,6.0
barlodo01,Dominick Barlow,22,3,9.0,16.0,3.0,4.0,0.0,21.0,19.0,6.0,0.0,3.0,5.0
barlodo01,Dominick Barlow,23,3,4.0,8.0,4.0,6.0,0.0,12.0,14.0,9.0,1.0,3.0,0.0
barlodo01,Dominick Barlow,24,4,11.0,16.0,3.0,4.0,0.0,25.0,19.0,5.0,0.0,5.0,3.0
barlodo01,Dominick Barlow,25,4,6.0,16.0,5.0,6.0,0.0,17.0,22.0,2.0,7.0,4.0,1.0
clingdo01,Donovan Clingan,1,3,10.0,17.0,7.0,7.0,4.0,31.0,24.0,6.0,3.0,3.0,2.0
clingdo01,Donovan Clingan,2,3,12.0,26.0,2.0,3.0,0.0,26.0,36.0,7.0,2.0,5.0,2.0
clingdo01,Donovan Clingan,3,3,9.0,19.0,2.0,2.0,2.0,22.0,19.0,0.0,4.0,5.0,1.0
clingdo01,Donovan Clingan,4,4,15.0,34.0,4.0,4.0,2.0,36.0,38.0,2.0,0.0,5.0,4.0
clingdo01,Donovan Clingan,5,4,21.0,40.0,10.0,14.0,4.0,56.0,51.0,12.0,3.0,9.0,4.0
clingdo01,Donovan Clingan,6,2,8.0,16.0,5.0,7.0,2.0,23.0,22.0,5.0,1.0,2.0,1.0
clingdo01,Donovan Clingan,7,2,6.0,16.0,4.0,5.0,0.0,16.0,24.0,3.0,0.0,1.0,3.0
clingdo01,Donovan Clingan,8,1,1.0,3.0,1.0,2.0,0.0,3.0,10.0,3.0,1.0,3.0,1.0
clingdo01,Donovan Clingan,9,2,12.0,16.0,6.0,16.0,3.0,33.0,22.0,4.0,1.0,4.0,3.0
clingdo01,Donovan Clingan,10,4,21.0,31.0,5.0,10.0,6.0,53.0,50.0,8.0,1.0,5.0,5.0
clingdo01,Donovan Clingan,11,4,24.0,37.0,5.0,10.0,6.0,59.0,43.0,6.0,0.0,1.0,1.0
clingdo01,Donovan Clingan,12,4,16.0,33.0,4.0,4.0,4.0,40.0,47.0,12.0,2.0,7.0,7.0
clingdo01,Donovan Clingan,13,4,18.0,34.0,16.0,22.0,3.0,55.0,49.0,9.0,0.0,1.0,6.0
clingdo01,Donovan Clingan,14,2,9.0,18.0,0.0,0.0,2.0,20.0,24.0,4.0,3.0,1.0,1.0
clingdo01,Donovan Clingan,15,4,16.0,42.0,3.0,5.0,3.0,38.0,53.0,9.0,1.0,10.0,8.0
clingdo01,Donovan Clingan,16,3,18.0,32.0,6.0,7.0,5.0,47.0,51.0,6.0,1.0,4.0,4.0
clingdo01,Donovan Clingan,17,3,17.0,29.0,7.0,11.0,5.0,46.0,34.0,11.0,1.0,9.0,2.0
clingdo01,Donovan Clingan,18,2,15.0,25.0,2.0,4.0,6.0,38.0,22.0,5.0,1.0,4.0,5.0
clingdo01,Donovan Clingan,19,3,12.0,26.0,4.0,8.0,5.0,33.0,39.0,12.0,4.0,4.0,6.0
clingdo01,Donovan Clingan,20,3,12.0,23.0,9.0,16.0,1.0,34.0,33.0,4.0,2.0,6.0,6.0
clingdo01,Donovan Clingan,21,3,14.0,31.0,13.0,15.0,2.0,43.0,41.0,10.0,4.0,12.0,2.0
clingdo01,Donovan Clingan,22,4,30.0,52.0,13.0,16.0,8.0,81.0,49.0,9.0,2.0,5.0,7.0
clingdo01,Donovan Clingan,23,4,14.0,33.0,4.0,8.0,1.0,33.0,52.0,4.0,4.0,15.0,9.0
clingdo01,Donovan Clingan,24,2,4.0,9.0,0.0,0.0,0.0,8.0,13.0,3.0,2.0,1.0,3.0
clingdo01,Donovan Clingan,25,4,22.0,42.0,6.0,7.0,10.0,60.0,46.0,8.0,1.0,8.0,2.0
mitchdo01,Donovan Mitchell,1,3,31.0,60.0,19.0,25.0,9.0,90.0,7.0,14.0,6.0,1.0,11.0
mitchdo01,Donovan Mitchell,2,3,30.0,51.0,12.0,15.0,15.0,87.0,7.0,13.0,2.0,2.0,11.0
mitchdo01,Donovan Mitchell,3,3,33.0,65.0,18.0,18.0,15.0,99.0,15.0,19.0,6.0,1.0,6.0
mitchdo01,Donovan Mitchell,4,3,27.0,67.0,26.0,32.0,9.0,89.0,26.0,19.0,4.0,2.0,12.0
mitchdo01,Donovan Mitchell,5,4,47.0,83.0,17.0,21.0,16.0,127.0,25.0,20.0,5.0,0.0,13.0
mitchdo01,Donovan Mitchell,6,3,28.0,64.0,8.0,9.0,13.0,77.0,11.0,19.0,5.0,0.0,11.0
mitchdo01,Donovan Mitchell,7,4,48.0,96.0,22.0,26.0,15.0,133.0,20.0,22.0,4.0,1.0,14.0
mitchdo01,Donovan Mitchell,8,2,23.0,55.0,10.0,11.0,9.0,65.0,6.0,11.0,4.0,1.0,5.0
mitchdo01,Donovan Mitchell,9,1,11.0,23.0,6.0,6.0,4.0,32.0,1.0,5.0,0.0,0.0,3.0
mitchdo01,Donovan Mitchell,10,4,40.0,76.0,13.0,15.0,14.0,107.0,18.0,21.0,7.0,1.0,8.0
mitchdo01,Donovan Mitchell,11,4,37.0,75.0,19.0,25.0,14.0,107.0,24.0,22.0,9.0,1.0,13.0
mitchdo01,Donovan Mitchell,12,2,19.0,41.0,14.0,16.0,6.0,58.0,10.0,16.0,2.0,0.0,5.0
mitchdo01,Donovan Mitchell,13,3,22.0,53.0,12.0,13.0,13.0,69.0,19.0,23.0,3.0,0.0,7.0
mitchdo01,Donovan Mitchell,14,4,39.0,93.0,24.0,30.0,10.0,112.0,17.0,26.0,7.0,0.0,13.0
mitchdo01,Donovan Mitchell,15,4,36.0,73.0,15.0,17.0,13.0,100.0,12.0,24.0,5.0,1.0,15.0
mitchdo01,Donovan Mitchell,16,2,23.0,43.0,13.0,13.0,5.0,64.0,7.0,13.0,6.0,2.0,5.0
mitchdo01,Donovan Mitchell,17,2,22.0,42.0,13.0,14.0,5.0,62.0,4.0,15.0,4.0,2.0,7.0
mitchdo01,Donovan Mitchell,18,3,25.0,53.0,15.0,17.0,4.0,69.0,13.0,14.0,4.0,0.0,8.0
mitchdo01,Donovan Mitchell,19,1,5.0,18.0,11.0,14.0,2.0,23.0,5.0,4.0,3.0,0.0,3.0
mitchdo01,Donovan Mitchell,20,1,9.0,18.0,9.0,11.0,3.0,30.0,7.0,5.0,1.0,2.0,0.0
mitchdo01,Donovan Mitchell,21,4,34.0,75.0,15.0,15.0,9.0,92.0,11.0,30.0,7.0,0.0,6.0
mitchdo01,Donovan Mitchell,22,2,13.0,37.0,16.0,20.0,4.0,46.0,15.0,6.0,2.0,1.0,1.0
mitchdo01,Donovan Mitchell,23,3,27.0,54.0,15.0,15.0,7.0,76.0,12.0,13.0,4.0,0.0,7.0
mitchdo01,Donovan Mitchell,24,4,37.0,69.0,24.0,26.0,9.0,107.0,17.0,20.0,4.0,1.0,12.0
mitchdo01,Donovan Mitchell,25,1,12.0,19.0,6.0,6.0,1.0,31.0,7.0,4.0,0.0,1.0,2.0
divindo01,Donte DiVincenzo,1,3,12.0,27.0,6.0,8.0,7.0,37.0,6.0,9.0,5.0,2.0,7.0
divindo01,Donte DiVincenzo,2,3,13.0,31.0,7.0,8.0,11.0,44.0,10.0,14.0,3.0,0.0,4.0
divindo01,Donte DiVincenzo,3,4,18.0,43.0,8.0,9.0,13.0,57.0,22.0,15.0,4.0,3.0,3.0
divindo01,Donte DiVincenzo,4,3,14.0,33.0,10.0,11.0,7.0,45.0,12.0,8.0,2.0,1.0,5.0
divindo01,Donte DiVincenzo,5,3,10.0,25.0,6.0,7.0,9.0,35.0,12.0,11.0,5.0,2.0,5.0
divindo01,Donte DiVincenzo,6,4,21.0,46.0,4.0,6.0,15.0,61.0,17.0,15.0,3.0,0.0,4.0
divindo01,Donte DiVincenzo,7,3,12.0,32.0,1.0,1.0,10.0,35.0,12.0,12.0,3.0,2.0,2.0
divindo01,Donte DiVincenzo,8,3,15.0,40.0,4.0,6.0,7.0,41.0,16.0,14.0,5.0,3.0,4.0
divindo01,Donte DiVincenzo,9,3,18.0,39.0,4.0,9.0,12.0,52.0,20.0,9.0,5.0,1.0,5.0
divindo01,Donte DiVincenzo,10,3,9.0,27.0,4.0,6.0,6.0,28.0,15.0,22.0,6.0,1.0,2.0
divindo01,Donte DiVincenzo,11,4,13.0,41.0,0.0,0.0,8.0,34.0,20.0,17.0,6.0,1.0,4.0
divindo01,Donte DiVincenzo,12,4,25.0,47.0,0.0,0.0,18.0,68.0,18.0,19.0,6.0,2.0,7.0
divindo01,Donte DiVincenzo,13,3,11.0,30.0,0.0,0.0,8.0,30.0,17.0,14.0,3.0,2.0,7.0
divindo01,Donte DiVincenzo,14,3,16.0,41.0,4.0,4.0,12.0,48.0,15.0,12.0,5.0,1.0,8.0
divindo01,Donte DiVincenzo,15,4,16.0,38.0,0.0,0.0,13.0,45.0,15.0,19.0,9.0,4.0,8.0
divindo01,Donte DiVincenzo,16,4,14.0,33.0,3.0,6.0,12.0,43.0,16.0,13.0,4.0,0.0,6.0
divindo01,Donte DiVincenzo,17,2,5.0,15.0,0.0,0.0,3.0,13.0,8.0,11.0,5.0,0.0,3.0
divindo01,Donte DiVincenzo,18,2,7.0,11.0,0.0,0.0,6.0,20.0,11.0,12.0,1.0,0.0,5.0
divindo01,Donte DiVincenzo,19,3,18.0,36.0,4.0,5.0,14.0,54.0,7.0,13.0,6.0,0.0,2.0
divindo01,Donte DiVincenzo,20,3,7.0,20.0,4.0,4.0,5.0,23.0,11.0,12.0,4.0,0.0,3.0
divindo01,Donte DiVincenzo,21,4,14.0,32.0,1.0,2.0,8.0,37.0,24.0,6.0,3.0,0.0,5.0
divindo01,Donte DiVincenzo,22,4,11.0,40.0,0.0,0.0,8.0,30.0,10.0,14.0,4.0,3.0,8.0
divindo01,Donte DiVincenzo,23,2,13.0,33.0,3.0,4.0,10.0,39.0,6.0,4.0,2.0,2.0,3.0
divindo01,Donte DiVincenzo,24,4,12.0,39.0,2.0,3.0,11.0,37.0,5.0,7.0,3.0,2.0,5.0
divindo01,Donte DiVincenzo,25,4,15.0,36.0,3.0,6.0,11.0,44.0,11.0,11.0,2.0,2.0,3.0
greendr01,Draymond Green,1,3,12.0,21.0,3.0,7.0,6.0,33.0,18.0,22.0,1.0,3.0,10.0
greendr01,Draymond Green,2,4,10.0,25.0,3.0,4.0,6.0,29.0,25.0,21.0,4.0,1.0,8.0
greendr01,Draymond Green,3,3,8.0,17.0,0.0,2.0,6.0,22.0,14.0,15.0,2.0,2.0,11.0
greendr01,Draymond Green,4,4,8.0,39.0,4.0,4.0,3.0,23.0,25.0,22.0,4.0,4.0,16.0
greendr01,Draymond Green,5,2,9.0,19.0,1.0,2.0,4.0,23.0,11.0,13.0,3.0,3.0,6.0
greendr01,Draymond Green,6,2,5.0,17.0,2.0,2.0,2.0,14.0,18.0,12.0,1.0,2.0,5.0
greendr01,Draymond Green,7,2,6.0,14.0,0.0,0.0,4.0,16.0,12.0,4.0,0.0,2.0,4.0
greendr01,Draymond Green,8,1,5.0,8.0,2.0,2.0,2.0,14.0,8.0,7.0,3.0,1.0,8.0
greendr01,Draymond Green,9,2,5.0,11.0,0.0,0.0,1.0,11.0,9.0,4.0,3.0,3.0,6.0
greendr01,Draymond Green,10,3,14.0,26.0,4.0,8.0,5.0,37.0,16.0,12.0,2.0,0.0,6.0
greendr01,Draymond Green,11,3,8.0,13.0,6.0,7.0,3.0,25.0,16.0,17.0,2.0,2.0,6.0
greendr01,Draymond Green,12,4,13.0,31.0,4.0,6.0,6.0,36.0,23.0,31.0,4.0,1.0,6.0
greendr01,Draymond Green,13,3,13.0,27.0,3.0,3.0,7.0,36.0,15.0,9.0,2.0,2.0,11.0
greendr01,Draymond Green,14,3,5.0,19.0,2.0,2.0,0.0,12.0,15.0,15.0,4.0,1.0,6.0
greendr01,Draymond Green,15,2,5.0,16.0,1.0,1.0,4.0,15.0,8.0,13.0,1.0,2.0,5.0
greendr01,Draymond Green,16,3,6.0,19.0,3.0,4.0,5.0,20.0,16.0,10.0,1.0,0.0,4.0
greendr01,Draymond Green,17,2,11.0,21.0,3.0,4.0,6.0,31.0,16.0,10.0,2.0,0.0,9.0
greendr01,Draymond Green,18,1,0.0,7.0,0.0,0.0,0.0,0.0,2.0,3.0,0.0,0.0,1.0
greendr01,Draymond Green,19,2,8.0,19.0,0.0,0.0,2.0,18.0,13.0,12.0,0.0,2.0,3.0
greendr01,Draymond Green,20,3,11.0,21.0,2.0,3.0,6.0,30.0,11.0,19.0,4.0,0.0,9.0
greendr01,Draymond Green,21,2,6.0,12.0,1.0,2.0,5.0,18.0,9.0,15.0,1.0,2.0,1.0
greendr01,Draymond Green,22,4,11.0,30.0,3.0,4.0,6.0,31.0,24.0,22.0,4.0,1.0,13.0
greendr01,Draymond Green,23,4,14.0,30.0,5.0,9.0,4.0,37.0,20.0,27.0,7.0,3.0,14.0
greendr01,Draymond Green,24,3,10.0,22.0,2.0,2.0,7.0,29.0,17.0,22.0,3.0,4.0,3.0
greendr01,Draymond Green,25,3,2.0,7.0,5.0,6.0,1.0,10.0,15.0,19.0,3.0,1.0,10.0
robindu01,Duncan Robinson,1,3,8.0,23.0,5.0,6.0,6.0,27.0,7.0,3.0,1.0,3.0,1.0
robindu01,Duncan Robinson,2,3,13.0,26.0,6.0,7.0,9.0,41.0,11.0,4.0,0.0,1.0,1.0
robindu01,Duncan Robinson,3,4,15.0,34.0,3.0,5.0,11.0,44.0,8.0,10.0,5.0,0.0,4.0
robindu01,Duncan Robinson,4,3,18.0,36.0,2.0,3.0,13.0,51.0,11.0,6.0,4.0,1.0,2.0
robindu01,Duncan Robinson,5,3,14.0,28.0,2.0,3.0,12.0,42.0,8.0,9.0,5.0,0.0,3.0
robindu01,Duncan Robinson,6,4,16.0,45.0,5.0,6.0,10.0,47.0,12.0,11.0,5.0,2.0,3.0
robindu01,Duncan Robinson,7,2,6.0,14.0,4.0,5.0,5.0,21.0,9.0,1.0,2.0,0.0,2.0
robindu01,Duncan Robinson,8,1,5.0,10.0,1.0,1.0,4.0,15.0,4.0,2.0,0.0,1.0,1.0
robindu01,Duncan Robinson,9,3,8.0,21.0,3.0,3.0,5.0,24.0,6.0,3.0,1.0,0.0,1.0
robindu01,Duncan Robinson,10,4,13.0,37.0,6.0,8.0,11.0,43.0,11.0,9.0,1.0,2.0,0.0
robindu01,Duncan Robinson,11,3,10.0,23.0,3.0,4.0,4.0,27.0,6.0,9.0,2.0,0.0,2.0
robindu01,Duncan Robinson,12,3,14.0,27.0,2.0,3.0,11.0,41.0,8.0,2.0,1.0,1.0,5.0
robindu01,Duncan Robinson,13,2,13.0,21.0,1.0,3.0,8.0,35.0,3.0,2.0,0.0,1.0,1.0
robindu01,Duncan Robinson,14,4,17.0,41.0,4.0,7.0,14.0,52.0,9.0,6.0,2.0,3.0,4.0
robindu01,Duncan Robinson,15,4,13.0,39.0,0.0,0.0,8.0,34.0,9.0,7.0,2.0,0.0,2.0
robindu01,Duncan Robinson,16,3,16.0,35.0,3.0,3.0,15.0,50.0,8.0,6.0,1.0,0.0,2.0
robindu01,Duncan Robinson,17,2,12.0,18.0,4.0,6.0,3.0,31.0,7.0,5.0,1.0,1.0,2.0
robindu01,Duncan Robinson,18,2,8.0,18.0,2.0,2.0,8.0,26.0,4.0,2.0,0.0,0.0,1.0
robindu01,Duncan Robinson,19,4,12.0,39.0,5.0,5.0,8.0,37.0,11.0,12.0,1.0,2.0,3.0
robindu01,Duncan Robinson,20,4,10.0,25.0,9.0,11.0,8.0,37.0,8.0,10.0,3.0,3.0,2.0
robindu01,Duncan Robinson,21,4,19.0,26.0,1.0,2.0,10.0,49.0,14.0,12.0,1.0,0.0,2.0
robindu01,Duncan Robinson,22,3,12.0,28.0,2.0,3.0,7.0,33.0,9.0,7.0,2.0,1.0,2.0
robindu01,Duncan Robinson,23,3,13.0,28.0,2.0,3.0,11.0,39.0,9.0,8.0,0.0,0.0,2.0
robindu01,Duncan Robinson,24,3,15.0,27.0,4.0,5.0,11.0,45.0,7.0,7.0,2.0,0.0,3.0
robindu01,Duncan Robinson,25,3,18.0,29.0,4.0,6.0,8.0,48.0,6.0,6.0,2.0,0.0,3.0
cardwdy01,Dylan Cardwell,1,2,1.0,5.0,1.0,2.0,0.0,3.0,4.0,0.0,2.0,3.0,2.0
cardwdy01,Dylan Cardwell,2,1,1.0,1.0,0.0,0.0,0.0,2.0,1.0,0.0,0.0,0.0,0.0
cardwdy01,Dylan Cardwell,9,3,5.0,7.0,4.0,10.0,0.0,14.0,19.0,1.0,1.0,10.0,3.0
cardwdy01,Dylan Cardwell,10,3,5.0,9.0,6.0,8.0,0.0,16.0,21.0,7.0,6.0,3.0,2.0
cardwdy01,Dylan Cardwell,12,3,9.0,20.0,1.0,4.0,0.0,19.0,28.0,3.0,0.0,2.0,2.0
cardwdy01,Dylan Cardwell,13,4,11.0,18.0,2.0,2.0,0.0,24.0,32.0,4.0,2.0,5.0,3.0
cardwdy01,Dylan Cardwell,14,4,9.0,11.0,0.0,2.0,0.0,18.0,37.0,10.0,5.0,10.0,1.0
cardwdy01,Dylan Cardwell,15,4,7.0,9.0,3.0,4.0,0.0,17.0,24.0,1.0,1.0,8.0,6.0
cardwdy01,Dylan Cardwell,16,3,14.0,22.0,3.0,4.0,0.0,31.0,36.0,6.0,2.0,4.0,3.0
cardwdy01,Dylan Cardwell,17,2,5.0,10.0,2.0,4.0,0.0,12.0,21.0,4.0,3.0,2.0,2.0
cardwdy01,Dylan Cardwell,21,2,1.0,2.0,0.0,2.0,0.0,2.0,13.0,2.0,1.0,0.0,0.0
cardwdy01,Dylan Cardwell,22,3,9.0,17.0,3.0,6.0,0.0,21.0,24.0,7.0,1.0,1.0,2.0
cardwdy01,Dylan Cardwell,23,4,7.0,17.0,1.0,1.0,0.0,15.0,26.0,8.0,1.0,3.0,5.0
cardwdy01,Dylan Cardwell,24,3,11.0,14.0,0.0,0.0,1.0,23.0,22.0,6.0,2.0,10.0,7.0
cardwdy01,Dylan Cardwell,25,3,10.0,17.0,0.0,2.0,1.0,21.0,24.0,3.0,3.0,6.0,1.0
harpedy01,Dylan Harper,1,3,18.0,37.0,10.0,12.0,2.0,48.0,15.0,13.0,3.0,0.0,7.0
harpedy01,Dylan Harper,2,3,14.0,27.0,5.0,6.0,3.0,36.0,9.0,10.0,1.0,0.0,4.0
harpedy01,Dylan Harper,6,3,14.0,27.0,6.0,8.0,1.0,35.0,3.0,5.0,6.0,0.0,0.0
harpedy01,Dylan Harper,7,3,11.0,33.0,10.0,16.0,2.0,34.0,10.0,17.0,2.0,0.0,7.0
harpedy01,Dylan Harper,8,3,19.0,41.0,3.0,6.0,2.0,43.0,10.0,10.0,2.0,1.0,7.0
harpedy01,Dylan Harper,9,3,12.0,27.0,4.0,5.0,3.0,31.0,10.0,10.0,0.0,0.0,5.0
harpedy01,Dylan Harper,10,3,10.0,21.0,3.0,3.0,0.0,23.0,13.0,24.0,8.0,0.0,3.0
harpedy01,Dylan Harper,11,4,17.0,44.0,3.0,5.0,4.0,41.0,11.0,5.0,5.0,3.0,6.0
harpedy01,Dylan Harper,12,4,5.0,25.0,0.0,0.0,1.0,11.0,11.0,7.0,3.0,1.0,4.0
harpedy01,Dylan Harper,13,3,13.0,29.0,5.0,6.0,3.0,34.0,10.0,11.0,0.0,0.0,2.0
harpedy01,Dylan Harper,14,4,13.0,25.0,5.0,5.0,1.0,32.0,15.0,15.0,2.0,4.0,5.0
harpedy01,Dylan Harper,15,3,23.0,36.0,2.0,4.0,3.0,51.0,11.0,10.0,2.0,3.0,6.0
harpedy01,Dylan Harper,16,2,8.0,15.0,3.0,4.0,1.0,20.0,9.0,7.0,1.0,3.0,1.0
harpedy01,Dylan Harper,17,2,12.0,18.0,4.0,4.0,1.0,29.0,8.0,14.0,1.0,0.0,1.0
harpedy01,Dylan Harper,18,2,12.0,20.0,3.0,4.0,2.0,29.0,6.0,6.0,1.0,0.0,5.0
harpedy01,Dylan Harper,19,4,16.0,34.0,6.0,10.0,2.0,40.0,13.0,21.0,7.0,0.0,6.0
harpedy01,Dylan Harper,20,4,22.0,33.0,5.0,7.0,7.0,56.0,8.0,13.0,2.0,1.0,7.0
harpedy01,Dylan Harper,21,2,10.0,19.0,0.0,0.0,2.0,22.0,9.0,10.0,0.0,1.0,2.0
harpedy01,Dylan Harper,22,3,17.0,31.0,5.0,5.0,5.0,44.0,14.0,13.0,0.0,0.0,3.0
harpedy01,Dylan Harper,23,3,19.0,30.0,0.0,0.0,7.0,45.0,10.0,14.0,1.0,3.0,4.0
harpedy01,Dylan Harper,24,4,25.0,41.0,2.0,3.0,5.0,57.0,13.0,16.0,4.0,1.0,8.0
harpedy01,Dylan Harper,25,4,21.0,43.0,6.0,6.0,4.0,52.0,16.0,15.0,3.0,3.0,6.0
daniedy01,Dyson Daniels,1,3,7.0,17.0,3.0,6.0,1.0,18.0,16.0,7.0,5.0,2.0,7.0
daniedy01,Dyson Daniels,2,4,20.0,43.0,5.0,8.0,0.0,45.0,24.0,17.0,13.0,2.0,5.0
daniedy01,Dyson Daniels,3,3,15.0,27.0,3.0,4.0,2.0,35.0,22.0,27.0,5.0,1.0,7.0
daniedy01,Dyson Daniels,4,4,11.0,26.0,2.0,3.0,0.0,24.0,18.0,31.0,9.0,1.0,10.0
daniedy01,Dyson Daniels,5,4,26.0,49.0,3.0,4.0,1.0,56.0,32.0,21.0,9.0,2.0,11.0
daniedy01,Dyson Daniels,6,3,18.0,33.0,1.0,5.0,1.0,38.0,26.0,24.0,5.0,0.0,9.0
daniedy01,Dyson Daniels,7,4,22.0,57.0,7.0,8.0,1.0,52.0,17.0,18.0,8.0,0.0,9.0
daniedy01,Dyson Daniels,8,2,19.0,29.0,6.0,10.0,1.0,45.0,20.0,9.0,2.0,3.0,6.0
daniedy01,Dyson Daniels,9,3,14.0,35.0,5.0,10.0,0.0,33.0,18.0,18.0,3.0,0.0,4.0
daniedy01,Dyson Daniels,10,2,9.0,14.0,3.0,4.0,0.0,21.0,14.0,12.0,4.0,0.0,6.0
daniedy01,Dyson Daniels,11,4,25.0,42.0,5.0,8.0,0.0,55.0,25.0,36.0,7.0,6.0,7.0
daniedy01,Dyson Daniels,12,4,23.0,46.0,6.0,9.0,0.0,52.0,32.0,30.0,7.0,2.0,8.0
daniedy01,Dyson Daniels,13,2,9.0,15.0,0.0,0.0,0.0,18.0,13.0,6.0,3.0,0.0,1.0
daniedy01,Dyson Daniels,14,3,13.0,31.0,2.0,3.0,0.0,28.0,24.0,22.0,3.0,1.0,4.0
daniedy01,Dyson Daniels,15,4,23.0,45.0,1.0,2.0,2.0,49.0,24.0,32.0,11.0,2.0,5.0
daniedy01,Dyson Daniels,16,3,11.0,29.0,1.0,3.0,1.0,24.0,13.0,14.0,3.0,0.0,3.0
daniedy01,Dyson Daniels,17,1,9.0,12.0,3.0,4.0,0.0,21.0,3.0,4.0,0.0,0.0,2.0
daniedy01,Dyson Daniels,18,3,12.0,27.0,2.0,6.0,0.0,26.0,24.0,13.0,6.0,0.0,4.0
daniedy01,Dyson Daniels,19,3,15.0,25.0,0.0,0.0,1.0,31.0,18.0,25.0,10.0,1.0,2.0
daniedy01,Dyson Daniels,20,2,14.0,20.0,0.0,0.0,1.0,29.0,19.0,7.0,2.0,3.0,2.0
daniedy01,Dyson Daniels,21,2,10.0,19.0,2.0,2.0,0.0,22.0,14.0,14.0,6.0,0.0,1.0
daniedy01,Dyson Daniels,22,4,28.0,44.0,7.0,10.0,2.0,65.0,28.0,14.0,9.0,1.0,7.0
daniedy01,Dyson Daniels,23,3,16.0,30.0,0.0,0.0,2.0,34.0,24.0,13.0,5.0,3.0,6.0
daniedy01,Dyson Daniels,24,3,18.0,30.0,4.0,5.0,4.0,44.0,22.0,15.0,8.0,0.0,6.0
daniedy01,Dyson Daniels,25,3,15.0,32.0,4.0,8.0,2.0,36.0,29.0,21.0,6.0,1.0,3.0
mobleev01,Evan Mobley,1,3,18.0,43.0,16.0,21.0,6.0,58.0,24.0,14.0,6.0,5.0,8.0
mobleev01,Evan Mobley,2,4,29.0,62.0,13.0,21.0,6.0,77.0,38.0,17.0,8.0,7.0,11.0
mobleev01,Evan Mobley,3,3,25.0,47.0,11.0,17.0,4.0,65.0,23.0,11.0,2.0,4.0,6.0
mobleev01,Evan Mobley,4,3,17.0,38.0,9.0,19.0,7.0,50.0,32.0,12.0,1.0,5.0,7.0
mobleev01,Evan Mobley,5,4,27.0,47.0,16.0,33.0,2.0,72.0,34.0,12.0,2.0,7.0,12.0
mobleev01,Evan Mobley,6,3,23.0,41.0,7.0,7.0,8.0,61.0,33.0,15.0,2.0,3.0,7.0
mobleev01,Evan Mobley,7,4,29.0,58.0,10.0,12.0,3.0,71.0,35.0,16.0,3.0,10.0,5.0
mobleev01,Evan Mobley,8,1,7.0,17.0,7.0,9.0,2.0,23.0,13.0,6.0,0.0,0.0,0.0
mobleev01,Evan Mobley,10,2,8.0,17.0,2.0,2.0,0.0,18.0,13.0,5.0,1.0,1.0,5.0
mobleev01,Evan Mobley,11,4,23.0,42.0,7.0,13.0,2.0,55.0,32.0,16.0,3.0,15.0,5.0
mobleev01,Evan Mobley,12,3,27.0,43.0,6.0,9.0,3.0,63.0,14.0,11.0,4.0,3.0,8.0
mobleev01,Evan Mobley,13,3,19.0,32.0,6.0,10.0,3.0,47.0,27.0,18.0,4.0,11.0,7.0
mobleev01,Evan Mobley,14,4,30.0,65.0,11.0,15.0,1.0,72.0,41.0,15.0,2.0,9.0,6.0
mobleev01,Evan Mobley,15,1,9.0,16.0,1.0,4.0,1.0,20.0,9.0,2.0,0.0,2.0,1.0
mobleev01,Evan Mobley,18,2,11.0,20.0,2.0,2.0,1.0,25.0,11.0,3.0,1.0,1.0,3.0
mobleev01,Evan Mobley,19,3,19.0,34.0,9.0,18.0,5.0,52.0,32.0,4.0,1.0,5.0,4.0
mobleev01,Evan Mobley,20,2,15.0,28.0,8.0,11.0,4.0,42.0,13.0,5.0,2.0,3.0,2.0
mobleev01,Evan Mobley,21,4,35.0,54.0,8.0,20.0,2.0,80.0,39.0,11.0,1.0,9.0,7.0
mobleev01,Evan Mobley,22,3,32.0,50.0,7.0,16.0,0.0,71.0,37.0,8.0,2.0,5.0,2.0
mobleev01,Evan Mobley,23,3,21.0,31.0,7.0,11.0,1.0,50.0,24.0,13.0,1.0,1.0,5.0
mobleev01,Evan Mobley,24,3,23.0,36.0,6.0,9.0,0.0,52.0,31.0,12.0,2.0,3.0,3.0
mobleev01,Evan Mobley,25,3,22.0,38.0,11.0,18.0,1.0,56.0,31.0,8.0,0.0,4.0,8.0
wagnefr01,Franz Wagner,1,3,26.0,49.0,12.0,16.0,4.0,68.0,17.0,9.0,5.0,0.0,9.0
wagnefr01,Franz Wagner,2,4,30.0,61.0,21.0,27.0,9.0,90.0,22.0,15.0,4.0,2.0,4.0
wagnefr01,Franz Wagner,3,3,20.0,50.0,22.0,23.0,3.0,65.0,20.0,11.0,2.0,1.0,9.0
wagnefr01,Franz Wagner,4,4,30.0,70.0,32.0,39.0,9.0,101.0,29.0,19.0,5.0,3.0,7.0
wagnefr01,Franz Wagner,5,4,30.0,59.0,26.0,31.0,4.0,90.0,28.0,18.0,2.0,1.0,5.0
wagnefr01,Franz Wagner,6,2,16.0,32.0,9.0,12.0,1.0,42.0,12.0,4.0,4.0,0.0,2.0
wagnefr01,Franz Wagner,7,4,35.0,61.0,13.0,16.0,6.0,89.0,18.0,12.0,6.0,2.0,7.0
wagnefr01,Franz Wagner,13,2,11.0,29.0,7.0,8.0,3.0,32.0,13.0,5.0,0.0,0.0,4.0
wagnefr01,Franz Wagner,17,2,7.0,17.0,2.0,2.0,3.0,19.0,2.0,8.0,2.0,0.0,1.0
wagnefr01,Franz Wagner,24,3,17.0,35.0,7.0,9.0,0.0,41.0,10.0,5.0,1.0,1.0,4.0
wagnefr01,Franz Wagner,25,3,22.0,44.0,12.0,15.0,6.0,62.0,6.0,7.0,1.0,1.0,6.0
antetgi01,Giannis Antetokounmpo,1,3,41.0,60.0,22.0,35.0,4.0,108.0,48.0,21.0,2.0,3.0,9.0
antetgi01,Giannis Antetokounmpo,2,2,24.0,35.0,14.0,21.0,1.0,63.0,19.0,15.0,2.0,3.0,5.0
antetgi01,Giannis Antetokounmpo,3,4,53.0,92.0,25.0,40.0,2.0,133.0,44.0,20.0,4.0,4.0,11.0
antetgi01,Giannis Antetokounmpo,4,3,32.0,51.0,21.0,33.0,2.0,87.0,25.0,29.0,3.0,5.0,17.0
antetgi01,Giannis Antetokounmpo,5,1,6.0,10.0,2.0,3.0,0.0,14.0,5.0,4.0,1.0,0.0,4.0
antetgi01,Giannis Antetokounmpo,6,2,22.0,29.0,14.0,22.0,1.0,59.0,23.0,10.0,3.0,0.0,5.0
antetgi01,Giannis Antetokounmpo,7,2,10.0,17.0,8.0,13.0,0.0,28.0,8.0,5.0,1.0,1.0,5.0
antetgi01,Giannis Antetokounmpo,10,1,10.0,15.0,8.0,10.0,1.0,29.0,8.0,1.0,1.0,1.0,2.0
antetgi01,Giannis Antetokounmpo,11,4,47.0,72.0,30.0,39.0,0.0,124.0,40.0,16.0,2.0,0.0,14.0
antetgi01,Giannis Antetokounmpo,12,3,34.0,50.0,15.0,25.0,3.0,86.0,24.0,21.0,3.0,4.0,8.0
antetgi01,Giannis Antetokounmpo,13,2,16.0,25.0,13.0,23.0,1.0,46.0,13.0,6.0,3.0,0.0,10.0
antetgi01,Giannis Antetokounmpo,14,3,19.0,31.0,24.0,34.0,0.0,62.0,44.0,20.0,2.0,1.0,10.0
antetgi01,Giannis Antetokounmpo,20,3,26.0,47.0,18.0,30.0,0.0,70.0,25.0,14.0,5.0,1.0,7.0
antetgi01,Giannis Antetokounmpo,21,3,33.0,64.0,18.0,29.0,0.0,84.0,26.0,14.0,2.0,1.0,8.0
bitadgo01,Goga Bitadze,1,3,5.0,8.0,4.0,5.0,0.0,14.0,22.0,6.0,1.0,3.0,1.0
bitadgo01,Goga Bitadze,2,4,16.0,20.0,2.0,5.0,2.0,36.0,18.0,4.0,2.0,5.0,2.0
bitadgo01,Goga Bitadze,3,3,2.0,4.0,2.0,4.0,0.0,6.0,11.0,4.0,1.0,5.0,1.0
bitadgo01,Goga Bitadze,4,4,7.0,11.0,13.0,15.0,0.0,27.0,20.0,2.0,3.0,5.0,3.0
bitadgo01,Goga Bitadze,5,3,9.0,10.0,4.0,4.0,0.0,22.0,15.0,9.0,4.0,2.0,3.0
bitadgo01,Goga Bitadze,6,2,7.0,11.0,0.0,0.0,0.0,14.0,12.0,2.0,2.0,2.0,1.0
bitadgo01,Goga Bitadze,7,4,11.0,14.0,4.0,4.0,0.0,26.0,21.0,6.0,2.0,7.0,3.0
bitadgo01,Goga Bitadze,8,2,3.0,4.0,1.0,1.0,0.0,7.0,9.0,2.0,1.0,3.0,2.0
bitadgo01,Goga Bitadze,9,2,5.0,9.0,1.0,2.0,0.0,11.0,8.0,3.0,3.0,4.0,0.0
bitadgo01,Goga Bitadze,10,1,0.0,3.0,2.0,2.0,0.0,2.0,5.0,0.0,2.0,1.0,1.0
bitadgo01,Goga Bitadze,11,4,10.0,13.0,3.0,5.0,0.0,23.0,20.0,6.0,2.0,4.0,3.0
bitadgo01,Goga Bitadze,12,4,16.0,25.0,0.0,2.0,0.0,32.0,31.0,2.0,7.0,4.0,0.0
bitadgo01,Goga Bitadze,13,2,6.0,9.0,2.0,3.0,0.0,14.0,9.0,2.0,0.0,2.0,2.0
bitadgo01,Goga Bitadze,14,2,1.0,4.0,0.0,0.0,0.0,2.0,8.0,1.0,0.0,1.0,0.0
bitadgo01,Goga Bitadze,15,1,2.0,2.0,0.0,0.0,0.0,4.0,2.0,0.0,0.0,0.0,0.0
bitadgo01,Goga Bitadze,16,1,3.0,3.0,0.0,0.0,0.0,6.0,1.0,0.0,0.0,1.0,0.0
bitadgo01,Goga Bitadze,18,1,2.0,2.0,0.0,0.0,0.0,4.0,3.0,0.0,0.0,1.0,1.0
bitadgo01,Goga Bitadze,20,4,10.0,13.0,8.0,15.0,0.0,28.0,19.0,7.0,0.0,1.0,2.0
bitadgo01,Goga Bitadze,21,1,0.0,2.0,0.0,0.0,0.0,0.0,2.0,0.0,0.0,0.0,0.0
bitadgo01,Goga Bitadze,22,4,7.0,9.0,3.0,4.0,0.0,17.0,13.0,8.0,1.0,1.0,2.0
bitadgo01,Goga Bitadze,23,4,7.0,14.0,8.0,11.0,0.0,22.0,15.0,7.0,2.0,0.0,6.0
bitadgo01,Goga Bitadze,24,4,5.0,9.0,5.0,6.0,0.0,15.0,19.0,5.0,1.0,4.0,6.0
bitadgo01,Goga Bitadze,25,4,18.0,26.0,7.0,9.0,0.0,43.0,37.0,8.0,3.0,5.0,4.0
allengr01,Grayson Allen,1,3,16.0,36.0,4.0,4.0,11.0,47.0,10.0,17.0,3.0,1.0,4.0
allengr01,Grayson Allen,2,4,22.0,57.0,11.0,14.0,13.0,68.0,15.0,18.0,4.0,1.0,11.0
allengr01,Grayson Allen,3,3,18.0,40.0,0.0,0.0,12.0,48.0,7.0,12.0,7.0,1.0,5.0
allengr01,Grayson Allen,4,3,25.0,40.0,12.0,16.0,15.0,77.0,8.0,9.0,7.0,1.0,3.0
allengr01,Grayson Allen,6,1,4.0,11.0,0.0,0.0,2.0,10.0,1.0,3.0,2.0,0.0,0.0
allengr01,Grayson Allen,7,1,3.0,12.0,2.0,2.0,1.0,9.0,2.0,0.0,1.0,0.0,3.0
allengr01,Grayson Allen,8,3,12.0,36.0,7.0,9.0,4.0,35.0,6.0,15.0,6.0,0.0,5.0
allengr01,Grayson Allen,12,4,13.0,39.0,6.0,6.0,9.0,41.0,13.0,10.0,6.0,2.0,8.0
allengr01,Grayson Allen,13,3,24.0,58.0,9.0,9.0,17.0,74.0,9.0,4.0,3.0,3.0,5.0
allengr01,Grayson Allen,14,4,21.0,54.0,12.0,15.0,10.0,64.0,17.0,20.0,5.0,0.0,3.0
allengr01,Grayson Allen,15,4,23.0,54.0,20.0,24.0,12.0,78.0,12.0,24.0,4.0,1.0,6.0
allengr01,Grayson Allen,16,2,16.0,34.0,2.0,2.0,11.0,45.0,6.0,8.0,2.0,0.0,6.0
allengr01,Grayson Allen,18,1,8.0,22.0,7.0,7.0,4.0,27.0,7.0,2.0,1.0,1.0,2.0
allengr01,Grayson Allen,19,2,11.0,36.0,13.0,14.0,7.0,42.0,4.0,7.0,1.0,1.0,3.0
allengr01,Grayson Allen,20,3,16.0,44.0,8.0,8.0,11.0,51.0,7.0,22.0,8.0,0.0,6.0
allengr01,Grayson Allen,21,2,7.0,15.0,10.0,13.0,3.0,27.0,5.0,9.0,1.0,0.0,2.0
allengr01,Grayson Allen,22,1,3.0,7.0,5.0,6.0,2.0,13.0,1.0,2.0,0.0,0.0,0.0
allengr01,Grayson Allen,23,2,15.0,35.0,1.0,1.0,9.0,40.0,8.0,6.0,3.0,0.0,2.0
allengr01,Grayson Allen,24,3,9.0,26.0,6.0,9.0,5.0,29.0,9.0,4.0,3.0,0.0,3.0
allengr01,Grayson Allen,25,2,3.0,11.0,9.0,9.0,1.0,16.0,8.0,3.0,2.0,1.0,6.0
joneshe01,Herbert Jones,1,2,6.0,22.0,2.0,2.0,3.0,17.0,16.0,5.0,4.0,1.0,4.0
joneshe01,Herbert Jones,2,4,13.0,26.0,4.0,6.0,9.0,39.0,8.0,8.0,3.0,0.0,6.0
joneshe01,Herbert Jones,3,3,16.0,30.0,0.0,1.0,6.0,38.0,13.0,7.0,6.0,1.0,5.0
joneshe01,Herbert Jones,4,4,13.0,37.0,7.0,10.0,4.0,37.0,11.0,11.0,5.0,1.0,6.0
joneshe01,Herbert Jones,5,3,7.0,26.0,4.0,4.0,3.0,21.0,13.0,6.0,5.0,1.0,5.0
joneshe01,Herbert Jones,8,3,11.0,26.0,7.0,7.0,2.0,31.0,13.0,5.0,4.0,2.0,1.0
joneshe01,Herbert Jones,9,2,9.0,20.0,2.0,2.0,3.0,23.0,6.0,6.0,9.0,1.0,1.0
joneshe01,Herbert Jones,10,1,4.0,7.0,0.0,0.0,1.0,9.0,2.0,4.0,1.0,0.0,1.0
joneshe01,Herbert Jones,12,1,1.0,9.0,0.0,0.0,1.0,3.0,3.0,0.0,1.0,0.0,1.0
joneshe01,Herbert Jones,14,2,4.0,13.0,0.0,0.0,1.0,9.0,3.0,7.0,2.0,4.0,2.0
joneshe01,Herbert Jones,15,3,12.0,26.0,3.0,4.0,3.0,30.0,10.0,11.0,5.0,2.0,3.0
joneshe01,Herbert Jones,16,3,7.0,19.0,2.0,2.0,5.0,21.0,13.0,9.0,6.0,1.0,4.0
joneshe01,Herbert Jones,17,2,6.0,17.0,0.0,2.0,3.0,15.0,8.0,8.0,2.0,2.0,5.0
joneshe01,Herbert Jones,18,2,8.0,21.0,4.0,4.0,2.0,22.0,5.0,6.0,1.0,1.0,3.0
joneshe01,Herbert Jones,19,4,11.0,34.0,4.0,4.0,6.0,32.0,16.0,16.0,8.0,2.0,4.0
joneshe01,Herbert Jones,20,4,13.0,36.0,2.0,2.0,4.0,32.0,13.0,11.0,10.0,1.0,6.0
joneshe01,Herbert Jones,21,2,8.0,21.0,3.0,5.0,5.0,24.0,11.0,4.0,4.0,0.0,3.0
joneshe01,Herbert Jones,22,4,14.0,36.0,3.0,3.0,9.0,40.0,12.0,12.0,8.0,3.0,4.0
joneshe01,Herbert Jones,23,4,14.0,36.0,2.0,2.0,6.0,36.0,7.0,14.0,3.0,4.0,4.0
joneshe01,Herbert Jones,24,3,6.0,16.0,1.0,2.0,4.0,17.0,8.0,5.0,1.0,0.0,5.0
quickim01,Immanuel Quickley,1,3,16.0,42.0,12.0,17.0,2.0,46.0,16.0,21.0,5.0,0.0,6.0
quickim01,Immanuel Quickley,2,4,13.0,32.0,9.0,11.0,8.0,43.0,11.0,23.0,5.0,0.0,7.0
quickim01,Immanuel Quickley,3,3,18.0,42.0,9.0,11.0,10.0,55.0,17.0,19.0,4.0,0.0,4.0
quickim01,Immanuel Quickley,4,3,25.0,40.0,1.0,2.0,10.0,61.0,12.0,18.0,2.0,0.0,5.0
quickim01,Immanuel Quickley,5,4,23.0,47.0,4.0,4.0,13.0,63.0,24.0,21.0,7.0,1.0,5.0
quickim01,Immanuel Quickley,6,4,27.0,67.0,4.0,9.0,9.0,67.0,16.0,31.0,3.0,0.0,8.0
quickim01,Immanuel Quickley,7,4,29.0,51.0,9.0,10.0,11.0,78.0,10.0,22.0,4.0,0.0,9.0
quickim01,Immanuel Quickley,9,4,15.0,51.0,7.0,9.0,7.0,44.0,19.0,31.0,3.0,1.0,7.0
quickim01,Immanuel Quickley,10,3,18.0,43.0,24.0,24.0,10.0,70.0,13.0,19.0,4.0,2.0,8.0
quickim01,Immanuel Quickley,11,3,12.0,41.0,11.0,13.0,6.0,41.0,10.0,16.0,2.0,0.0,2.0
quickim01,Immanuel Quickley,12,4,25.0,67.0,12.0,19.0,12.0,74.0,14.0,23.0,6.0,1.0,5.0
quickim01,Immanuel Quickley,13,2,12.0,27.0,0.0,0.0,3.0,27.0,9.0,7.0,2.0,0.0,2.0
quickim01,Immanuel Quickley,14,4,33.0,54.0,19.0,20.0,16.0,101.0,27.0,27.0,8.0,0.0,7.0
quickim01,Immanuel Quickley,15,3,14.0,34.0,3.0,5.0,6.0,37.0,16.0,13.0,6.0,0.0,6.0
quickim01,Immanuel Quickley,16,3,22.0,41.0,4.0,5.0,12.0,60.0,11.0,19.0,3.0,0.0,2.0
quickim01,Immanuel Quickley,17,1,7.0,15.0,0.0,0.0,4.0,18.0,2.0,5.0,0.0,0.0,0.0
quickim01,Immanuel Quickley,18,2,16.0,31.0,9.0,10.0,5.0,46.0,5.0,12.0,3.0,0.0,2.0
quickim01,Immanuel Quickley,19,3,22.0,41.0,11.0,14.0,9.0,64.0,9.0,15.0,1.0,0.0,5.0
quickim01,Immanuel Quickley,20,3,14.0,38.0,6.0,7.0,7.0,41.0,8.0,27.0,6.0,0.0,5.0
quickim01,Immanuel Quickley,21,4,19.0,51.0,14.0,15.0,8.0,60.0,15.0,17.0,6.0,0.0,4.0
quickim01,Immanuel Quickley,22,3,14.0,31.0,2.0,2.0,6.0,36.0,9.0,16.0,7.0,0.0,2.0
quickim01,Immanuel Quickley,25,3,7.0,19.0,0.0,0.0,4.0,18.0,9.0,13.0,5.0,0.0,1.0
harteis01,Isaiah Hartenstein,1,3,11.0,22.0,3.0,6.0,0.0,25.0,32.0,9.0,4.0,0.0,5.0
harteis01,Isaiah Hartenstein,2,4,23.0,32.0,5.0,8.0,0.0,51.0,48.0,16.0,4.0,3.0,8.0
harteis01,Isaiah Hartenstein,3,4,29.0,38.0,13.0,17.0,0.0,71.0,50.0,11.0,7.0,4.0,10.0
harteis01,Isaiah Hartenstein,4,3,15.0,21.0,1.0,2.0,0.0,31.0,27.0,7.0,2.0,1.0,7.0
harteis01,Isaiah Hartenstein,5,4,16.0,26.0,7.0,11.0,0.0,39.0,39.0,19.0,5.0,6.0,9.0
harteis01,Isaiah Hartenstein,6,1,6.0,10.0,3.0,6.0,0.0,15.0,7.0,2.0,1.0,1.0,0.0
harteis01,Isaiah Hartenstein,8,1,5.0,9.0,0.0,0.0,0.0,10.0,9.0,1.0,1.0,1.0,3.0
harteis01,Isaiah Hartenstein,9,1,0.0,2.0,1.0,2.0,0.0,1.0,10.0,0.0,0.0,1.0,2.0
harteis01,Isaiah Hartenstein,10,3,11.0,20.0,4.0,5.0,0.0,26.0,27.0,6.0,2.0,1.0,6.0
harteis01,Isaiah Hartenstein,15,2,5.0,10.0,5.0,6.0,0.0,15.0,10.0,3.0,1.0,0.0,5.0
harteis01,Isaiah Hartenstein,16,2,6.0,10.0,4.0,8.0,0.0,16.0,18.0,21.0,0.0,2.0,5.0
harteis01,Isaiah Hartenstein,17,2,7.0,11.0,4.0,6.0,0.0,18.0,13.0,12.0,3.0,0.0,3.0
harteis01,Isaiah Hartenstein,18,2,10.0,12.0,3.0,8.0,0.0,23.0,15.0,8.0,1.0,2.0,2.0
harteis01,Isaiah Hartenstein,19,3,12.0,22.0,3.0,7.0,0.0,27.0,22.0,9.0,4.0,6.0,2.0
harteis01,Isaiah Hartenstein,20,1,0.0,0.0,0.0,0.0,0.0,0.0,5.0,2.0,0.0,0.0,1.0
harteis01,Isaiah Hartenstein,21,1,0.0,3.0,0.0,0.0,0.0,0.0,12.0,3.0,0.0,2.0,1.0
harteis01,Isaiah Hartenstein,22,2,4.0,9.0,1.0,4.0,0.0,9.0,27.0,18.0,2.0,1.0,3.0
harteis01,Isaiah Hartenstein,23,4,13.0,24.0,2.0,3.0,0.0,28.0,46.0,11.0,7.0,1.0,8.0
harteis01,Isaiah Hartenstein,24,2,7.0,9.0,3.0,4.0,0.0,17.0,14.0,5.0,2.0,3.0,1.0
harteis01,Isaiah Hartenstein,25,2,4.0,6.0,2.0,2.0,0.0,10.0,12.0,3.0,1.0,1.0,1.0
joeis01,Isaiah Joe,2,2,12.0,24.0,1.0,2.0,8.0,33.0,11.0,2.0,2.0,0.0,0.0
joeis01,Isaiah Joe,3,4,18.0,42.0,8.0,10.0,14.0,58.0,11.0,3.0,1.0,1.0,5.0
joeis01,Isaiah Joe,4,3,10.0,27.0,14.0,14.0,8.0,42.0,8.0,7.0,4.0,0.0,5.0
joeis01,Isaiah Joe,5,4,14.0,29.0,8.0,8.0,11.0,47.0,7.0,9.0,3.0,2.0,3.0
joeis01,Isaiah Joe,6,3,10.0,21.0,5.0,5.0,5.0,30.0,8.0,2.0,0.0,0.0,1.0
joeis01,Isaiah Joe,7,1,3.0,4.0,0.0,0.0,3.0,9.0,3.0,3.0,0.0,0.0,2.0
joeis01,Isaiah Joe,9,2,7.0,12.0,0.0,0.0,6.0,20.0,8.0,4.0,2.0,1.0,2.0
joeis01,Isaiah Joe,10,4,5.0,13.0,4.0,4.0,4.0,18.0,8.0,4.0,2.0,0.0,1.0
joeis01,Isaiah Joe,11,4,7.0,19.0,0.0,0.0,6.0,20.0,6.0,6.0,0.0,0.0,1.0
joeis01,Isaiah Joe,12,4,5.0,21.0,10.0,14.0,4.0,24.0,9.0,2.0,3.0,2.0,0.0
joeis01,Isaiah Joe,13,3,7.0,11.0,2.0,4.0,6.0,22.0,6.0,2.0,0.0,0.0,1.0
joeis01,Isaiah Joe,14,4,13.0,33.0,5.0,5.0,7.0,38.0,9.0,6.0,2.0,0.0,2.0
joeis01,Isaiah Joe,15,3,11.0,27.0,0.0,0.0,10.0,32.0,8.0,7.0,3.0,1.0,3.0
joeis01,Isaiah Joe,16,3,14.0,30.0,9.0,9.0,8.0,45.0,8.0,4.0,5.0,2.0,2.0
joeis01,Isaiah Joe,17,3,17.0,34.0,9.0,10.0,14.0,57.0,8.0,5.0,2.0,0.0,1.0
joeis01,Isaiah Joe,18,2,9.0,19.0,7.0,8.0,8.0,33.0,9.0,4.0,7.0,0.0,4.0
joeis01,Isaiah Joe,19,4,16.0,34.0,3.0,3.0,13.0,48.0,13.0,7.0,5.0,0.0,1.0
joeis01,Isaiah Joe,20,3,12.0,32.0,13.0,14.0,4.0,41.0,8.0,4.0,1.0,0.0,1.0
joeis01,Isaiah Joe,21,3,14.0,26.0,0.0,1.0,7.0,35.0,9.0,2.0,0.0,2.0,1.0
joeis01,Isaiah Joe,22,3,8.0,22.0,5.0,5.0,6.0,27.0,11.0,6.0,1.0,0.0,4.0
joeis01,Isaiah Joe,23,4,11.0,26.0,1.0,1.0,9.0,32.0,6.0,2.0,4.0,0.0,1.0
joeis01,Isaiah Joe,24,3,12.0,19.0,1.0,1.0,10.0,35.0,3.0,1.0,3.0,0.0,3.0
joeis01,Isaiah Joe,25,2,12.0,18.0,5.0,5.0,10.0,39.0,4.0,2.0,0.0,0.0,1.0
stewais01,Isaiah Stewart,1,3,12.0,24.0,4.0,8.0,5.0,33.0,20.0,3.0,1.0,7.0,1.0
stewais01,Isaiah Stewart,2,3,9.0,21.0,3.0,6.0,2.0,23.0,17.0,5.0,1.0,5.0,4.0
stewais01,Isaiah Stewart,3,3,15.0,29.0,6.0,6.0,4.0,40.0,23.0,6.0,0.0,7.0,3.0
stewais01,Isaiah Stewart,4,1,6.0,11.0,1.0,1.0,1.0,14.0,7.0,1.0,0.0,0.0,2.0
stewais01,Isaiah Stewart,5,3,10.0,18.0,7.0,7.0,3.0,30.0,13.0,4.0,0.0,8.0,4.0
stewais01,Isaiah Stewart,6,4,13.0,23.0,4.0,8.0,2.0,32.0,28.0,3.0,1.0,3.0,7.0
stewais01,Isaiah Stewart,7,4,14.0,22.0,7.0,8.0,4.0,39.0,17.0,1.0,1.0,12.0,4.0
stewais01,Isaiah Stewart,8,1,7.0,9.0,2.0,2.0,1.0,17.0,5.0,5.0,0.0,0.0,0.0
stewais01,Isaiah Stewart,9,3,10.0,23.0,7.0,10.0,2.0,29.0,26.0,1.0,2.0,6.0,6.0
stewais01,Isaiah Stewart,10,4,13.0,33.0,3.0,4.0,2.0,31.0,15.0,4.0,0.0,9.0,3.0
stewais01,Isaiah Stewart,11,3,12.0,18.0,3.0,4.0,2.0,29.0,9.0,4.0,2.0,9.0,7.0
stewais01,Isaiah Stewart,12,2,17.0,25.0,1.0,4.0,3.0,38.0,12.0,1.0,1.0,4.0,0.0
stewais01,Isaiah Stewart,13,2,3.0,9.0,4.0,4.0,1.0,11.0,11.0,5.0,1.0,3.0,4.0
stewais01,Isaiah Stewart,14,4,14.0,27.0,11.0,12.0,1.0,40.0,23.0,5.0,0.0,5.0,3.0
stewais01,Isaiah Stewart,15,4,17.0,28.0,7.0,10.0,0.0,41.0,10.0,4.0,1.0,3.0,3.0
stewais01,Isaiah Stewart,16,3,10.0,17.0,9.0,10.0,1.0,30.0,11.0,3.0,2.0,1.0,4.0
stewais01,Isaiah Stewart,17,1,1.0,2.0,0.0,0.0,0.0,2.0,0.0,0.0,0.0,0.0,0.0
stewais01,Isaiah Stewart,20,4,14.0,25.0,13.0,18.0,5.0,46.0,17.0,5.0,2.0,4.0,4.0
stewais01,Isaiah Stewart,21,3,12.0,22.0,3.0,3.0,0.0,27.0,17.0,6.0,0.0,4.0,3.0
stewais01,Isaiah Stewart,25,3,12.0,16.0,4.0,6.0,1.0,29.0,9.0,0.0,1.0,3.0,4.0
zubaciv01,Ivica Zubac,1,3,21.0,32.0,6.0,7.0,0.0,48.0,20.0,10.0,0.0,3.0,6.0
zubaciv01,Ivica Zubac,2,2,12.0,19.0,4.0,4.0,0.0,28.0,23.0,2.0,0.0,4.0,3.0
zubaciv01,Ivica Zubac,3,4,25.0,43.0,10.0,14.0,0.0,60.0,51.0,11.0,5.0,1.0,10.0
zubaciv01,Ivica Zubac,4,4,32.0,49.0,10.0,15.0,0.0,74.0,44.0,6.0,2.0,6.0,10.0
zubaciv01,Ivica Zubac,5,4,38.0,63.0,3.0,3.0,0.0,79.0,59.0,11.0,1.0,1.0,4.0
zubaciv01,Ivica Zubac,6,3,17.0,35.0,4.0,6.0,0.0,38.0,33.0,13.0,2.0,5.0,5.0
zubaciv01,Ivica Zubac,7,4,24.0,41.0,7.0,13.0,0.0,55.0,49.0,10.0,1.0,2.0,9.0
zubaciv01,Ivica Zubac,8,1,13.0,14.0,7.0,11.0,0.0,33.0,7.0,1.0,1.0,2.0,1.0
zubaciv01,Ivica Zubac,9,3,8.0,16.0,6.0,7.0,0.0,22.0,26.0,6.0,0.0,3.0,7.0
zubaciv01,Ivica Zubac,11,1,2.0,6.0,0.0,0.0,0.0,4.0,7.0,1.0,0.0,1.0,0.0
zubaciv01,Ivica Zubac,12,4,19.0,31.0,16.0,20.0,0.0,54.0,34.0,10.0,2.0,5.0,11.0
zubaciv01,Ivica Zubac,13,2,11.0,16.0,3.0,5.0,0.0,25.0,25.0,4.0,0.0,0.0,2.0
zubaciv01,Ivica Zubac,14,4,23.0,40.0,9.0,11.0,0.0,55.0,52.0,3.0,2.0,1.0,7.0
zubaciv01,Ivica Zubac,15,3,15.0,21.0,6.0,13.0,0.0,36.0,34.0,6.0,0.0,1.0,6.0
zubaciv01,Ivica Zubac,16,1,3.0,3.0,2.0,3.0,0.0,8.0,9.0,2.0,0.0,1.0,1.0
zubaciv01,Ivica Zubac,21,3,13.0,25.0,3.0,4.0,0.0,29.0,21.0,5.0,1.0,1.0,3.0
zubaciv01,Ivica Zubac,22,2,12.0,28.0,5.0,6.0,0.0,29.0,15.0,4.0,1.0,3.0,1.0
moranja01,Ja Morant,1,3,22.0,50.0,20.0,21.0,2.0,66.0,8.0,17.0,2.0,0.0,5.0
moranja01,Ja Morant,2,3,21.0,56.0,14.0,14.0,3.0,59.0,12.0,23.0,4.0,0.0,10.0
moranja01,Ja Morant,3,4,21.0,73.0,22.0,24.0,3.0,67.0,18.0,39.0,6.0,1.0,21.0
moranja01,Ja Morant,4,2,6.0,16.0,9.0,10.0,2.0,23.0,4.0,12.0,0.0,0.0,9.0
moranja01,Ja Morant,8,1,7.0,20.0,5.0,7.0,2.0,21.0,4.0,10.0,0.0,1.0,4.0
moranja01,Ja Morant,9,1,4.0,12.0,3.0,3.0,1.0,12.0,3.0,4.0,1.0,1.0,1.0
moranja01,Ja Morant,10,2,14.0,27.0,7.0,8.0,3.0,38.0,4.0,17.0,1.0,0.0,7.0
moranja01,Ja Morant,11,2,23.0,40.0,10.0,13.0,0.0,56.0,5.0,14.0,4.0,0.0,7.0
moranja01,Ja Morant,13,1,7.0,13.0,7.0,9.0,3.0,24.0,5.0,13.0,1.0,0.0,2.0
moranja01,Ja Morant,14,1,7.0,15.0,8.0,8.0,1.0,23.0,2.0,12.0,1.0,3.0,5.0
smithja05,Jabari Smith Jr.,1,2,10.0,29.0,2.0,2.0,5.0,27.0,11.0,2.0,2.0,1.0,2.0
smithja05,Jabari Smith Jr.,2,3,17.0,33.0,8.0,9.0,6.0,48.0,15.0,5.0,5.0,5.0,1.0
smithja05,Jabari Smith Jr.,3,3,13.0,29.0,6.0,8.0,5.0,37.0,21.0,5.0,0.0,1.0,6.0
smithja05,Jabari Smith Jr.,4,3,19.0,38.0,3.0,4.0,6.0,47.0,23.0,6.0,2.0,2.0,2.0
smithja05,Jabari Smith Jr.,5,2,12.0,32.0,3.0,5.0,8.0,35.0,20.0,6.0,0.0,1.0,3.0
smithja05,Jabari Smith Jr.,6,3,15.0,30.0,11.0,15.0,6.0,47.0,13.0,6.0,4.0,2.0,3.0
smithja05,Jabari Smith Jr.,7,4,23.0,48.0,14.0,17.0,4.0,64.0,25.0,7.0,2.0,4.0,7.0
smithja05,Jabari Smith Jr.,8,1,6.0,14.0,4.0,4.0,2.0,18.0,10.0,4.0,1.0,0.0,4.0
smithja05,Jabari Smith Jr.,9,4,25.0,59.0,4.0,7.0,14.0,68.0,37.0,10.0,2.0,2.0,10.0
smithja05,Jabari Smith Jr.,10,3,18.0,31.0,2.0,2.0,9.0,47.0,15.0,3.0,3.0,2.0,0.0
smithja05,Jabari Smith Jr.,11,3,15.0,41.0,6.0,6.0,6.0,42.0,25.0,6.0,1.0,4.0,4.0
smithja05,Jabari Smith Jr.,12,4,18.0,58.0,5.0,10.0,4.0,45.0,26.0,6.0,5.0,4.0,5.0
smithja05,Jabari Smith Jr.,13,4,25.0,61.0,13.0,19.0,13.0,76.0,30.0,3.0,2.0,5.0,6.0
smithja05,Jabari Smith Jr.,14,3,17.0,37.0,3.0,5.0,4.0,41.0,18.0,9.0,2.0,3.0,3.0
smithja05,Jabari Smith Jr.,15,4,17.0,39.0,6.0,6.0,9.0,49.0,31.0,9.0,6.0,8.0,5.0
smithja05,Jabari Smith Jr.,16,4,23.0,46.0,15.0,18.0,10.0,71.0,25.0,6.0,3.0,5.0,4.0
smithja05,Jabari Smith Jr.,17,2,10.0,23.0,5.0,5.0,4.0,29.0,22.0,3.0,1.0,1.0,3.0
smithja05,Jabari Smith Jr.,18,2,14.0,21.0,2.0,3.0,6.0,36.0,11.0,2.0,2.0,2.0,1.0
smithja05,Jabari Smith Jr.,19,3,24.0,36.0,1.0,2.0,7.0,56.0,12.0,4.0,3.0,4.0,4.0
smithja05,Jabari Smith Jr.,20,2,5.0,16.0,9.0,11.0,1.0,20.0,16.0,5.0,1.0,1.0,5.0
smithja05,Jabari Smith Jr.,21,3,19.0,40.0,5.0,5.0,7.0,50.0,16.0,7.0,4.0,1.0,3.0
smithja05,Jabari Smith Jr.,22,4,27.0,59.0,12.0,16.0,10.0,76.0,26.0,10.0,2.0,3.0,4.0
smithja05,Jabari Smith Jr.,23,4,23.0,56.0,8.0,11.0,9.0,63.0,37.0,9.0,1.0,4.0,10.0
smithja05,Jabari Smith Jr.,24,4,25.0,53.0,4.0,4.0,14.0,68.0,27.0,7.0,2.0,2.0,6.0
smithja05,Jabari Smith Jr.,25,3,18.0,45.0,11.0,15.0,8.0,55.0,17.0,3.0,0.0,4.0,4.0
mcdanja02,Jaden McDaniels,1,3,14.0,37.0,7.0,10.0,4.0,39.0,12.0,3.0,2.0,6.0,3.0
mcdanja02,Jaden McDaniels,2,3,27.0,45.0,9.0,9.0,6.0,69.0,14.0,8.0,1.0,4.0,7.0
mcdanja02,Jaden McDaniels,3,4,30.0,45.0,8.0,10.0,10.0,78.0,19.0,10.0,5.0,5.0,9.0
mcdanja02,Jaden McDaniels,4,3,19.0,37.0,4.0,4.0,2.0,44.0,14.0,9.0,4.0,2.0,5.0
mcdanja02,Jaden McDaniels,5,2,9.0,18.0,7.0,8.0,3.0,28.0,10.0,5.0,6.0,1.0,4.0
mcdanja02,Jaden McDaniels,6,4,15.0,37.0,2.0,2.0,5.0,37.0,22.0,11.0,4.0,1.0,9.0
mcdanja02,Jaden McDaniels,7,3,23.0,37.0,6.0,7.0,6.0,58.0,12.0,9.0,5.0,4.0,4.0
mcdanja02,Jaden McDaniels,8,3,16.0,41.0,8.0,10.0,2.0,42.0,15.0,10.0,3.0,1.0,6.0
mcdanja02,Jaden McDaniels,9,3,8.0,28.0,8.0,8.0,2.0,26.0,12.0,9.0,1.0,1.0,3.0
mcdanja02,Jaden McDaniels,10,2,16.0,23.0,3.0,4.0,2.0,37.0,7.0,8.0,1.0,2.0,5.0
mcdanja02,Jaden McDaniels,11,4,11.0,22.0,6.0,6.0,4.0,32.0,16.0,13.0,5.0,3.0,5.0
mcdanja02,Jaden McDaniels,12,4,27.0,45.0,11.0,16.0,4.0,69.0,14.0,5.0,6.0,4.0,4.0
mcdanja02,Jaden McDaniels,13,3,18.0,37.0,13.0,16.0,6.0,55.0,18.0,14.0,3.0,5.0,3.0
mcdanja02,Jaden McDaniels,14,3,14.0,33.0,4.0,4.0,5.0,37.0,14.0,12.0,2.0,2.0,11.0
mcdanja02,Jaden McDaniels,15,4,23.0,42.0,5.0,5.0,12.0,63.0,13.0,11.0,0.0,5.0,8.0
mcdanja02,Jaden McDaniels,16,4,22.0,39.0,6.0,6.0,6.0,56.0,8.0,9.0,1.0,2.0,5.0
mcdanja02,Jaden McDaniels,17,2,14.0,24.0,7.0,10.0,4.0,39.0,11.0,9.0,3.0,6.0,2.0
mcdanja02,Jaden McDaniels,18,2,8.0,23.0,9.0,10.0,1.0,26.0,14.0,7.0,3.0,4.0,9.0
mcdanja02,Jaden McDaniels,19,3,26.0,38.0,4.0,5.0,5.0,61.0,14.0,7.0,7.0,5.0,6.0
mcdanja02,Jaden McDaniels,20,3,9.0,23.0,8.0,9.0,1.0,27.0,13.0,7.0,5.0,0.0,5.0
mcdanja02,Jaden McDaniels,21,4,15.0,27.0,2.0,2.0,2.0,34.0,6.0,6.0,2.0,1.0,11.0
mcdanja02,Jaden McDaniels,22,4,27.0,56.0,7.0,10.0,7.0,68.0,21.0,13.0,9.0,3.0,4.0
mcdanja02,Jaden McDaniels,23,1,10.0,17.0,2.0,3.0,3.0,25.0,2.0,0.0,2.0,2.0,1.0
mcdanja02,Jaden McDaniels,25,2,16.0,35.0,1.0,2.0,1.0,34.0,9.0,4.0,1.0,4.0,2.0
jaqueja01,Jaime Jaquez Jr.,1,3,22.0,31.0,3.0,5.0,0.0,47.0,21.0,12.0,4.0,0.0,6.0
jaqueja01,Jaime Jaquez Jr.,2,3,22.0,38.0,19.0,23.0,2.0,65.0,20.0,15.0,1.0,0.0,8.0
jaqueja01,Jaime Jaquez Jr.,3,4,26.0,53.0,5.0,7.0,2.0,59.0,29.0,23.0,3.0,2.0,4.0
jaqueja01,Jaime Jaquez Jr.,4,3,20.0,47.0,15.0,19.0,1.0,56.0,25.0,18.0,1.0,2.0,4.0
jaqueja01,Jaime Jaquez Jr.,5,4,24.0,46.0,8.0,10.0,1.0,57.0,15.0,25.0,3.0,0.0,14.0
jaqueja01,Jaime Jaquez Jr.,6,2,9.0,17.0,4.0,6.0,1.0,23.0,10.0,8.0,0.0,0.0,4.0
jaqueja01,Jaime Jaquez Jr.,7,4,22.0,49.0,12.0,16.0,1.0,57.0,17.0,16.0,5.0,2.0,9.0
jaqueja01,Jaime Jaquez Jr.,8,1,5.0,12.0,0.0,0.0,0.0,10.0,3.0,3.0,0.0,0.0,1.0
jaqueja01,Jaime Jaquez Jr.,9,4,28.0,52.0,7.0,10.0,3.0,66.0,17.0,14.0,3.0,0.0,13.0
jaqueja01,Jaime Jaquez Jr.,10,3,25.0,45.0,12.0,14.0,3.0,65.0,13.0,8.0,4.0,1.0,7.0
jaqueja01,Jaime Jaquez Jr.,11,3,20.0,28.0,4.0,9.0,1.0,45.0,9.0,17.0,3.0,0.0,3.0
jaqueja01,Jaime Jaquez Jr.,12,2,8.0,15.0,4.0,6.0,1.0,21.0,7.0,5.0,2.0,0.0,8.0
jaqueja01,Jaime Jaquez Jr.,13,1,7.0,16.0,2.0,2.0,0.0,16.0,4.0,8.0,0.0,1.0,0.0
jaqueja01,Jaime Jaquez Jr.,14,5,22.0,52.0,8.0,11.0,4.0,56.0,31.0,26.0,4.0,1.0,13.0
jaqueja01,Jaime Jaquez Jr.,15,4,28.0,54.0,6.0,7.0,4.0,66.0,25.0,18.0,5.0,1.0,8.0
jaqueja01,Jaime Jaquez Jr.,16,3,15.0,38.0,4.0,6.0,2.0,36.0,19.0,16.0,0.0,1.0,10.0
jaqueja01,Jaime Jaquez Jr.,17,2,11.0,29.0,9.0,12.0,1.0,32.0,12.0,9.0,5.0,4.0,3.0
jaqueja01,Jaime Jaquez Jr.,18,2,10.0,21.0,2.0,2.0,0.0,22.0,10.0,6.0,1.0,0.0,3.0
jaqueja01,Jaime Jaquez Jr.,19,3,18.0,35.0,4.0,6.0,2.0,42.0,9.0,8.0,2.0,0.0,6.0
jaqueja01,Jaime Jaquez Jr.,20,4,26.0,53.0,19.0,22.0,7.0,78.0,20.0,22.0,0.0,3.0,6.0
jaqueja01,Jaime Jaquez Jr.,21,3,13.0,32.0,5.0,6.0,2.0,33.0,12.0,22.0,3.0,0.0,2.0
jaqueja01,Jaime Jaquez Jr.,22,1,2.0,3.0,2.0,2.0,0.0,6.0,1.0,6.0,0.0,0.0,1.0
jaqueja01,Jaime Jaquez Jr.,23,4,25.0,50.0,1.0,3.0,8.0,59.0,14.0,16.0,0.0,2.0,6.0
jaqueja01,Jaime Jaquez Jr.,24,3,24.0,47.0,10.0,10.0,5.0,63.0,19.0,11.0,1.0,1.0,4.0
jaqueja01,Jaime Jaquez Jr.,25,4,32.0,52.0,1.0,2.0,7.0,72.0,13.0,20.0,0.0,0.0,9.0
laravja01,Jake LaRavia,1,3,7.0,17.0,4.0,7.0,4.0,22.0,9.0,6.0,2.0,0.0,3.0
laravja01,Jake LaRavia,2,4,26.0,38.0,8.0,14.0,8.0,68.0,27.0,12.0,8.0,1.0,6.0
laravja01,Jake LaRavia,3,3,12.0,26.0,6.0,9.0,2.0,32.0,16.0,9.0,5.0,1.0,5.0
laravja01,Jake LaRavia,4,4,7.0,28.0,6.0,6.0,1.0,21.0,11.0,6.0,6.0,2.0,4.0
laravja01,Jake LaRavia,5,2,8.0,16.0,2.0,3.0,3.0,21.0,5.0,4.0,1.0,1.0,0.0
laravja01,Jake LaRavia,6,3,6.0,16.0,0.0,0.0,2.0,14.0,8.0,2.0,1.0,1.0,2.0
laravja01,Jake LaRavia,7,4,9.0,21.0,5.0,6.0,3.0,26.0,12.0,2.0,5.0,1.0,5.0
laravja01,Jake LaRavia,8,2,2.0,10.0,2.0,2.0,0.0,6.0,8.0,2.0,3.0,2.0,1.0
laravja01,Jake LaRavia,9,2,9.0,17.0,4.0,6.0,2.0,24.0,17.0,10.0,2.0,0.0,1.0
laravja01,Jake LaRavia,10,3,9.0,21.0,7.0,9.0,3.0,28.0,11.0,6.0,4.0,4.0,5.0
laravja01,Jake LaRavia,11,3,20.0,37.0,8.0,9.0,8.0,56.0,18.0,7.0,7.0,2.0,3.0
laravja01,Jake LaRavia,12,3,13.0,25.0,1.0,2.0,7.0,34.0,14.0,3.0,5.0,0.0,3.0
laravja01,Jake LaRavia,13,5,13.0,34.0,9.0,9.0,6.0,41.0,19.0,15.0,6.0,0.0,4.0
laravja01,Jake LaRavia,14,3,9.0,18.0,5.0,7.0,4.0,27.0,12.0,4.0,3.0,5.0,8.0
laravja01,Jake LaRavia,15,4,8.0,24.0,3.0,4.0,3.0,22.0,13.0,9.0,9.0,3.0,4.0
laravja01,Jake LaRavia,16,3,13.0,21.0,7.0,11.0,1.0,34.0,9.0,3.0,4.0,2.0,6.0
laravja01,Jake LaRavia,17,3,10.0,20.0,11.0,11.0,4.0,35.0,9.0,4.0,1.0,1.0,4.0
laravja01,Jake LaRavia,18,2,3.0,3.0,0.0,0.0,1.0,7.0,4.0,3.0,1.0,1.0,1.0
laravja01,Jake LaRavia,19,4,12.0,30.0,4.0,7.0,5.0,33.0,19.0,5.0,3.0,1.0,1.0
laravja01,Jake LaRavia,20,4,8.0,19.0,4.0,4.0,1.0,21.0,8.0,6.0,1.0,0.0,2.0
laravja01,Jake LaRavia,21,3,3.0,12.0,6.0,8.0,0.0,12.0,11.0,8.0,2.0,1.0,1.0
laravja01,Jake LaRavia,22,4,5.0,14.0,5.0,6.0,2.0,17.0,14.0,3.0,5.0,2.0,3.0
laravja01,Jake LaRavia,23,3,6.0,9.0,0.0,0.0,1.0,13.0,8.0,2.0,5.0,1.0,5.0
laravja01,Jake LaRavia,24,4,13.0,29.0,9.0,10.0,3.0,38.0,23.0,5.0,6.0,3.0,4.0
laravja01,Jake LaRavia,25,4,9.0,18.0,0.0,2.0,4.0,22.0,21.0,9.0,9.0,3.0,6.0
poeltja01,Jakob Poeltl,1,3,12.0,16.0,0.0,5.0,0.0,24.0,19.0,8.0,1.0,1.0,4.0
poeltja01,Jakob Poeltl,2,1,1.0,6.0,0.0,0.0,0.0,2.0,2.0,1.0,0.0,1.0,4.0
poeltja01,Jakob Poeltl,3,2,8.0,11.0,4.0,4.0,0.0,20.0,19.0,1.0,1.0,1.0,2.0
poeltja01,Jakob Poeltl,4,3,20.0,25.0,14.0,24.0,0.0,54.0,26.0,6.0,4.0,3.0,1.0
poeltja01,Jakob Poeltl,5,3,15.0,18.0,5.0,8.0,0.0,35.0,26.0,6.0,1.0,1.0,3.0
poeltja01,Jakob Poeltl,6,3,11.0,16.0,1.0,1.0,0.0,23.0,33.0,13.0,5.0,2.0,7.0
poeltja01,Jakob Poeltl,7,3,11.0,21.0,4.0,5.0,0.0,26.0,18.0,5.0,2.0,1.0,5.0
poeltja01,Jakob Poeltl,8,1,5.0,7.0,0.0,0.0,0.0,10.0,9.0,3.0,2.0,0.0,2.0
poeltja01,Jakob Poeltl,9,2,5.0,7.0,0.0,0.0,0.0,10.0,10.0,2.0,0.0,1.0,5.0
poeltja01,Jakob Poeltl,17,1,4.0,7.0,1.0,2.0,0.0,9.0,6.0,0.0,0.0,0.0,1.0
poeltja01,Jakob Poeltl,18,2,4.0,5.0,0.0,0.0,0.0,8.0,8.0,3.0,2.0,0.0,2.0
poeltja01,Jakob Poeltl,19,2,12.0,18.0,9.0,10.0,0.0,33.0,17.0,5.0,4.0,4.0,1.0
poeltja01,Jakob Poeltl,20,3,16.0,20.0,2.0,3.0,0.0,34.0,24.0,8.0,3.0,4.0,4.0
poeltja01,Jakob Poeltl,21,3,16.0,24.0,3.0,5.0,0.0,35.0,29.0,6.0,0.0,4.0,2.0
poeltja01,Jakob Poeltl,22,3,17.0,25.0,6.0,9.0,0.0,40.0,19.0,6.0,3.0,3.0,2.0
poeltja01,Jakob Poeltl,23,3,19.0,27.0,1.0,4.0,0.0,39.0,24.0,7.0,3.0,2.0,2.0
poeltja01,Jakob Poeltl,24,4,23.0,32.0,7.0,10.0,0.0,53.0,18.0,6.0,4.0,1.0,3.0
poeltja01,Jakob Poeltl,25,4,18.0,25.0,2.0,8.0,0.0,38.0,16.0,7.0,5.0,3.0,7.0
brunsja01,Jalen Brunson,1,3,29.0,64.0,24.0,26.0,9.0,91.0,12.0,17.0,3.0,0.0,6.0
brunsja01,Jalen Brunson,2,3,36.0,72.0,16.0,21.0,8.0,96.0,11.0,13.0,4.0,0.0,6.0
brunsja01,Jalen Brunson,3,3,21.0,51.0,9.0,9.0,7.0,58.0,8.0,26.0,2.0,0.0,10.0
brunsja01,Jalen Brunson,4,2,21.0,42.0,14.0,17.0,7.0,63.0,8.0,16.0,0.0,0.0,8.0
brunsja01,Jalen Brunson,5,2,23.0,44.0,10.0,12.0,5.0,61.0,6.0,16.0,1.0,1.0,3.0
brunsja01,Jalen Brunson,6,4,42.0,87.0,20.0,23.0,11.0,115.0,12.0,18.0,2.0,0.0,8.0
brunsja01,Jalen Brunson,7,4,34.0,77.0,27.0,32.0,9.0,104.0,8.0,29.0,4.0,0.0,7.0
brunsja01,Jalen Brunson,8,2,29.0,46.0,9.0,14.0,8.0,75.0,7.0,12.0,1.0,1.0,5.0
brunsja01,Jalen Brunson,9,3,32.0,71.0,20.0,22.0,10.0,94.0,16.0,24.0,3.0,0.0,3.0
brunsja01,Jalen Brunson,10,2,25.0,54.0,8.0,10.0,10.0,68.0,4.0,9.0,2.0,0.0,6.0
brunsja01,Jalen Brunson,11,4,40.0,91.0,19.0,23.0,13.0,112.0,13.0,27.0,3.0,0.0,8.0
brunsja01,Jalen Brunson,12,4,38.0,71.0,14.0,14.0,14.0,104.0,15.0,20.0,1.0,1.0,14.0
brunsja01,Jalen Brunson,13,1,2.0,3.0,0.0,0.0,0.0,4.0,0.0,0.0,0.0,0.0,1.0
brunsja01,Jalen Brunson,14,3,28.0,65.0,9.0,12.0,8.0,73.0,9.0,17.0,0.0,0.0,6.0
brunsja01,Jalen Brunson,15,4,26.0,65.0,16.0,17.0,11.0,79.0,12.0,24.0,3.0,2.0,8.0
brunsja01,Jalen Brunson,16,4,37.0,84.0,22.0,27.0,10.0,106.0,16.0,25.0,6.0,0.0,8.0
brunsja01,Jalen Brunson,17,2,18.0,37.0,6.0,8.0,6.0,48.0,9.0,12.0,1.0,0.0,3.0
brunsja01,Jalen Brunson,18,3,25.0,51.0,18.0,21.0,4.0,72.0,14.0,23.0,2.0,1.0,11.0
brunsja01,Jalen Brunson,19,3,24.0,52.0,12.0,16.0,11.0,71.0,12.0,14.0,0.0,1.0,6.0
brunsja01,Jalen Brunson,20,4,26.0,72.0,15.0,19.0,8.0,75.0,14.0,47.0,3.0,0.0,12.0
brunsja01,Jalen Brunson,21,4,39.0,84.0,29.0,32.0,8.0,115.0,14.0,34.0,7.0,1.0,11.0
brunsja01,Jalen Brunson,22,2,16.0,38.0,5.0,7.0,3.0,40.0,5.0,12.0,3.0,0.0,5.0
brunsja01,Jalen Brunson,23,3,34.0,64.0,16.0,19.0,6.0,90.0,8.0,25.0,1.0,0.0,8.0
brunsja01,Jalen Brunson,24,2,11.0,27.0,5.0,6.0,2.0,29.0,7.0,18.0,1.0,0.0,5.0
brunsja01,Jalen Brunson,25,3,33.0,63.0,11.0,14.0,7.0,84.0,7.0,25.0,4.0,0.0,7.0
durenja01,Jalen Duren,1,3,16.0,28.0,13.0,15.0,0.0,45.0,30.0,2.0,2.0,5.0,6.0
durenja01,Jalen Duren,2,3,21.0,30.0,20.0,24.0,0.0,62.0,30.0,6.0,2.0,4.0,9.0
durenja01,Jalen Duren,3,4,34.0,51.0,19.0,23.0,0.0,87.0,58.0,7.0,6.0,4.0,7.0
durenja01,Jalen Duren,4,1,6.0,10.0,7.0,11.0,0.0,19.0,14.0,3.0,2.0,0.0,5.0
durenja01,Jalen Duren,5,3,27.0,35.0,20.0,30.0,0.0,74.0,29.0,11.0,2.0,1.0,6.0
durenja01,Jalen Duren,6,3,15.0,28.0,15.0,20.0,0.0,45.0,40.0,5.0,1.0,4.0,11.0
durenja01,Jalen Duren,7,4,25.0,38.0,13.0,19.0,0.0,63.0,41.0,4.0,1.0,2.0,11.0
durenja01,Jalen Duren,8,1,6.0,10.0,2.0,4.0,0.0,14.0,7.0,2.0,1.0,1.0,0.0
durenja01,Jalen Duren,9,3,20.0,42.0,2.0,4.0,0.0,42.0,27.0,3.0,5.0,2.0,3.0
durenja01,Jalen Duren,10,4,34.0,49.0,10.0,16.0,0.0,78.0,41.0,8.0,1.0,5.0,6.0
durenja01,Jalen Duren,11,2,12.0,20.0,2.0,4.0,0.0,26.0,13.0,2.0,6.0,0.0,6.0
durenja01,Jalen Duren,13,2,14.0,25.0,3.0,6.0,0.0,31.0,26.0,6.0,1.0,2.0,2.0
durenja01,Jalen Duren,14,4,29.0,44.0,16.0,20.0,0.0,74.0,37.0,5.0,4.0,3.0,5.0
durenja01,Jalen Duren,15,4,31.0,47.0,17.0,23.0,0.0,79.0,44.0,10.0,4.0,1.0,2.0
durenja01,Jalen Duren,16,2,8.0,16.0,7.0,8.0,0.0,23.0,16.0,1.0,1.0,0.0,3.0
durenja01,Jalen Duren,17,1,5.0,7.0,5.0,5.0,0.0,15.0,5.0,2.0,1.0,0.0,1.0
durenja01,Jalen Duren,18,1,12.0,20.0,2.0,5.0,0.0,26.0,13.0,2.0,1.0,0.0,0.0
durenja01,Jalen Duren,19,4,39.0,61.0,25.0,34.0,0.0,103.0,55.0,7.0,5.0,5.0,4.0
durenja01,Jalen Duren,20,4,27.0,47.0,18.0,26.0,0.0,72.0,40.0,6.0,1.0,5.0,6.0
durenja01,Jalen Duren,21,4,35.0,43.0,20.0,30.0,0.0,90.0,38.0,4.0,3.0,5.0,4.0
durenja01,Jalen Duren,22,3,30.0,44.0,23.0,28.0,0.0,83.0,29.0,3.0,3.0,1.0,4.0
durenja01,Jalen Duren,23,4,28.0,43.0,30.0,33.0,0.0,86.0,48.0,18.0,2.0,5.0,13.0
durenja01,Jalen Duren,24,3,25.0,36.0,19.0,24.0,0.0,69.0,30.0,10.0,1.0,3.0,9.0
durenja01,Jalen Duren,25,3,23.0,29.0,13.0,18.0,0.0,59.0,27.0,11.0,1.0,1.0,7.0
johnsja05,Jalen Johnson,1,2,12.0,23.0,10.0,12.0,0.0,34.0,15.0,9.0,2.0,1.0,6.0
johnsja05,Jalen Johnson,2,4,40.0,66.0,11.0,14.0,2.0,93.0,39.0,21.0,7.0,1.0,8.0
johnsja05,Jalen Johnson,3,2,14.0,25.0,7.0,8.0,3.0,38.0,13.0,9.0,2.0,0.0,9.0
johnsja05,Jalen Johnson,4,4,35.0,58.0,18.0,23.0,8.0,96.0,48.0,37.0,10.0,1.0,13.0
johnsja05,Jalen Johnson,5,4,35.0,70.0,18.0,23.0,9.0,97.0,39.0,36.0,6.0,2.0,12.0
johnsja05,Jalen Johnson,6,3,22.0,51.0,26.0,35.0,7.0,77.0,33.0,26.0,4.0,3.0,14.0
johnsja05,Jalen Johnson,7,3,28.0,55.0,17.0,18.0,7.0,80.0,43.0,35.0,4.0,0.0,10.0
johnsja05,Jalen Johnson,8,2,12.0,36.0,6.0,6.0,1.0,31.0,21.0,24.0,3.0,1.0,8.0
johnsja05,Jalen Johnson,9,3,34.0,58.0,21.0,22.0,7.0,96.0,33.0,24.0,2.0,1.0,13.0
johnsja05,Jalen Johnson,10,3,28.0,56.0,9.0,13.0,3.0,68.0,27.0,32.0,2.0,4.0,11.0
johnsja05,Jalen Johnson,11,3,32.0,57.0,10.0,16.0,8.0,82.0,27.0,26.0,4.0,1.0,11.0
johnsja05,Jalen Johnson,12,4,35.0,67.0,8.0,14.0,6.0,84.0,42.0,24.0,3.0,5.0,14.0
johnsja05,Jalen Johnson,13,3,13.0,40.0,8.0,10.0,3.0,37.0,22.0,17.0,2.0,0.0,10.0
johnsja05,Jalen Johnson,14,3,31.0,63.0,15.0,22.0,6.0,83.0,49.0,23.0,1.0,1.0,11.0
johnsja05,Jalen Johnson,15,3,23.0,64.0,14.0,18.0,7.0,67.0,33.0,23.0,7.0,1.0,11.0
johnsja05,Jalen Johnson,16,3,31.0,57.0,15.0,20.0,5.0,82.0,36.0,34.0,3.0,2.0,8.0
johnsja05,Jalen Johnson,17,1,7.0,15.0,4.0,5.0,1.0,19.0,13.0,9.0,4.0,1.0,3.0
johnsja05,Jalen Johnson,18,3,26.0,66.0,20.0,23.0,2.0,74.0,38.0,20.0,3.0,2.0,11.0
johnsja05,Jalen Johnson,19,2,5.0,13.0,3.0,6.0,0.0,13.0,11.0,8.0,3.0,0.0,3.0
johnsja05,Jalen Johnson,20,2,19.0,36.0,14.0,16.0,3.0,55.0,15.0,16.0,4.0,0.0,8.0
johnsja05,Jalen Johnson,21,3,27.0,53.0,9.0,13.0,8.0,71.0,26.0,29.0,3.0,2.0,6.0
johnsja05,Jalen Johnson,22,3,23.0,50.0,3.0,4.0,6.0,55.0,31.0,25.0,4.0,0.0,12.0
johnsja05,Jalen Johnson,23,3,29.0,60.0,13.0,14.0,11.0,82.0,19.0,28.0,2.0,1.0,11.0
johnsja05,Jalen Johnson,24,3,21.0,42.0,12.0,16.0,2.0,56.0,37.0,18.0,2.0,1.0,9.0
johnsja05,Jalen Johnson,25,3,18.0,47.0,10.0,11.0,5.0,51.0,31.0,13.0,2.0,0.0,12.0
slawsja01,Jalen Slawson,21,3,4.0,15.0,3.0,4.0,2.0,13.0,15.0,8.0,4.0,3.0,5.0
slawsja01,Jalen Slawson,22,2,8.0,17.0,5.0,5.0,4.0,25.0,8.0,7.0,4.0,5.0,0.0
slawsja01,Jalen Slawson,23,2,0.0,3.0,0.0,0.0,0.0,0.0,4.0,2.0,1.0,0.0,0.0
slawsja01,Jalen Slawson,24,2,10.0,19.0,0.0,0.0,7.0,27.0,14.0,7.0,4.0,3.0,5.0
slawsja01,Jalen Slawson,25,4,12.0,23.0,4.0,8.0,2.0,30.0,16.0,12.0,7.0,3.0,7.0
smithja04,Jalen Smith,1,2,6.0,15.0,4.0,6.0,2.0,18.0,8.0,2.0,1.0,0.0,2.0
smithja04,Jalen Smith,2,4,13.0,25.0,2.0,4.0,4.0,32.0,22.0,2.0,1.0,2.0,2.0
smithja04,Jalen Smith,3,3,13.0,20.0,6.0,8.0,7.0,39.0,20.0,7.0,0.0,1.0,6.0
smithja04,Jalen Smith,4,3,11.0,29.0,0.0,0.0,6.0,28.0,24.0,5.0,0.0,1.0,2.0
smithja04,Jalen Smith,5,4,17.0,38.0,3.0,3.0,7.0,44.0,20.0,5.0,3.0,8.0,2.0
smithja04,Jalen Smith,6,2,7.0,11.0,2.0,2.0,3.0,19.0,11.0,1.0,0.0,0.0,4.0
smithja04,Jalen Smith,8,2,4.0,11.0,2.0,2.0,1.0,11.0,10.0,2.0,2.0,3.0,2.0
smithja04,Jalen Smith,9,3,4.0,8.0,3.0,4.0,0.0,11.0,16.0,4.0,0.0,0.0,3.0
smithja04,Jalen Smith,10,3,7.0,18.0,4.0,5.0,5.0,23.0,22.0,7.0,0.0,2.0,0.0
smithja04,Jalen Smith,11,4,17.0,32.0,6.0,7.0,6.0,46.0,35.0,4.0,4.0,8.0,4.0
smithja04,Jalen Smith,12,1,3.0,11.0,1.0,2.0,0.0,7.0,9.0,0.0,0.0,2.0,1.0
smithja04,Jalen Smith,13,4,17.0,39.0,10.0,15.0,8.0,52.0,42.0,9.0,3.0,4.0,4.0
smithja04,Jalen Smith,14,3,16.0,29.0,2.0,3.0,7.0,41.0,22.0,1.0,2.0,2.0,2.0
smithja04,Jalen Smith,15,3,14.0,23.0,2.0,5.0,7.0,37.0,23.0,3.0,2.0,0.0,4.0
smithja04,Jalen Smith,16,2,11.0,18.0,4.0,5.0,3.0,29.0,14.0,2.0,1.0,0.0,2.0
smithja04,Jalen Smith,18,3,12.0,23.0,6.0,7.0,6.0,36.0,22.0,5.0,4.0,4.0,5.0
smithja04,Jalen Smith,20,1,1.0,6.0,1.0,4.0,1.0,4.0,3.0,0.0,0.0,1.0,0.0
smithja04,Jalen Smith,21,2,8.0,24.0,6.0,6.0,4.0,26.0,16.0,3.0,0.0,1.0,1.0
smithja04,Jalen Smith,22,2,8.0,14.0,5.0,5.0,2.0,23.0,9.0,1.0,1.0,0.0,4.0
smithja04,Jalen Smith,23,2,6.0,9.0,0.0,0.0,3.0,15.0,7.0,2.0,0.0,3.0,3.0
suggsja01,Jalen Suggs,1,2,10.0,12.0,0.0,0.0,5.0,25.0,7.0,6.0,2.0,0.0,6.0
suggsja01,Jalen Suggs,2,3,8.0,21.0,8.0,9.0,2.0,26.0,10.0,16.0,7.0,1.0,9.0
suggsja01,Jalen Suggs,3,3,15.0,24.0,8.0,9.0,8.0,46.0,13.0,13.0,6.0,0.0,8.0
suggsja01,Jalen Suggs,4,2,9.0,21.0,7.0,8.0,3.0,28.0,9.0,9.0,1.0,2.0,7.0
suggsja01,Jalen Suggs,5,3,20.0,41.0,15.0,16.0,7.0,62.0,11.0,16.0,4.0,3.0,10.0
suggsja01,Jalen Suggs,6,2,6.0,24.0,4.0,4.0,2.0,18.0,9.0,12.0,6.0,3.0,3.0
suggsja01,Jalen Suggs,7,4,28.0,68.0,7.0,9.0,10.0,73.0,14.0,17.0,11.0,3.0,8.0
suggsja01,Jalen Suggs,8,2,17.0,29.0,7.0,10.0,5.0,46.0,5.0,11.0,2.0,0.0,6.0
suggsja01,Jalen Suggs,11,2,8.0,17.0,4.0,5.0,2.0,22.0,6.0,7.0,4.0,0.0,4.0
suggsja01,Jalen Suggs,14,1,3.0,6.0,2.0,2.0,1.0,9.0,1.0,6.0,0.0,0.0,1.0
suggsja01,Jalen Suggs,15,4,15.0,55.0,4.0,5.0,5.0,39.0,22.0,26.0,6.0,3.0,10.0
suggsja01,Jalen Suggs,16,3,17.0,31.0,4.0,6.0,9.0,47.0,21.0,23.0,8.0,6.0,8.0
suggsja01,Jalen Suggs,17,2,8.0,21.0,2.0,2.0,5.0,23.0,4.0,20.0,9.0,4.0,3.0
suggsja01,Jalen Suggs,18,1,3.0,8.0,0.0,0.0,3.0,9.0,3.0,3.0,0.0,1.0,3.0
suggsja01,Jalen Suggs,19,2,5.0,23.0,3.0,4.0,4.0,17.0,4.0,4.0,2.0,2.0,6.0
suggsja01,Jalen Suggs,20,4,23.0,45.0,5.0,5.0,10.0,61.0,12.0,22.0,8.0,4.0,10.0
suggsja01,Jalen Suggs,21,3,20.0,43.0,8.0,11.0,6.0,54.0,11.0,18.0,6.0,0.0,8.0
suggsja01,Jalen Suggs,22,4,18.0,44.0,2.0,2.0,7.0,45.0,16.0,18.0,5.0,3.0,10.0
suggsja01,Jalen Suggs,23,2,8.0,19.0,1.0,1.0,4.0,21.0,8.0,9.0,1.0,2.0,7.0
suggsja01,Jalen Suggs,24,4,21.0,54.0,7.0,7.0,8.0,57.0,21.0,33.0,11.0,1.0,16.0
suggsja01,Jalen Suggs,25,4,20.0,43.0,2.0,2.0,16.0,58.0,13.0,23.0,6.0,2.0,9.0
willija06,Jalen Williams,6,2,10.0,30.0,6.0,6.0,1.0,27.0,12.0,13.0,2.0,4.0,2.0
willija06,Jalen Williams,7,3,25.0,46.0,10.0,10.0,2.0,62.0,14.0,19.0,4.0,1.0,4.0
willija06,Jalen Williams,8,2,10.0,24.0,9.0,10.0,3.0,32.0,12.0,9.0,5.0,0.0,5.0
willija06,Jalen Williams,9,2,14.0,30.0,5.0,6.0,4.0,37.0,8.0,7.0,4.0,1.0,5.0
willija06,Jalen Williams,10,4,27.0,61.0,10.0,15.0,3.0,67.0,18.0,22.0,6.0,0.0,8.0
willija06,Jalen Williams,11,4,28.0,54.0,11.0,12.0,1.0,68.0,25.0,23.0,4.0,1.0,10.0
willija06,Jalen Williams,12,4,30.0,60.0,15.0,21.0,2.0,77.0,17.0,26.0,5.0,1.0,9.0
willija06,Jalen Williams,13,3,14.0,31.0,4.0,4.0,2.0,34.0,8.0,16.0,2.0,1.0,4.0
willija06,Jalen Williams,17,2,17.0,29.0,15.0,18.0,2.0,51.0,7.0,6.0,1.0,0.0,3.0
willija06,Jalen Williams,23,4,25.0,50.0,13.0,17.0,2.0,65.0,14.0,19.0,2.0,0.0,7.0
willija06,Jalen Williams,24,2,9.0,19.0,6.0,6.0,1.0,25.0,11.0,15.0,2.0,0.0,3.0
willija06,Jalen Williams,25,1,7.0,12.0,4.0,4.0,0.0,18.0,6.0,6.0,2.0,0.0,3.0
murraja01,Jamal Murray,1,2,19.0,37.0,6.0,6.0,4.0,48.0,9.0,15.0,4.0,0.0,5.0
murraja01,Jamal Murray,2,3,30.0,58.0,13.0,14.0,9.0,82.0,14.0,12.0,2.0,0.0,5.0
murraja01,Jamal Murray,3,3,18.0,44.0,10.0,10.0,6.0,52.0,19.0,18.0,4.0,3.0,7.0
murraja01,Jamal Murray,4,3,21.0,53.0,13.0,15.0,6.0,61.0,14.0,24.0,5.0,0.0,9.0
murraja01,Jamal Murray,5,4,36.0,70.0,14.0,17.0,13.0,99.0,15.0,31.0,3.0,2.0,10.0
murraja01,Jamal Murray,6,3,32.0,59.0,10.0,12.0,16.0,90.0,10.0,19.0,1.0,1.0,8.0
murraja01,Jamal Murray,7,4,44.0,74.0,13.0,14.0,18.0,119.0,18.0,30.0,5.0,1.0,8.0
murraja01,Jamal Murray,8,1,4.0,13.0,2.0,3.0,1.0,11.0,3.0,9.0,2.0,0.0,1.0
murraja01,Jamal Murray,9,3,24.0,52.0,22.0,25.0,13.0,83.0,9.0,15.0,3.0,0.0,6.0
murraja01,Jamal Murray,10,4,41.0,90.0,15.0,17.0,20.0,117.0,20.0,32.0,2.0,1.0,10.0
murraja01,Jamal Murray,11,4,38.0,90.0,15.0,16.0,11.0,102.0,25.0,40.0,2.0,2.0,9.0
murraja01,Jamal Murray,12,1,8.0,18.0,3.0,4.0,3.0,22.0,8.0,17.0,1.0,0.0,2.0
murraja01,Jamal Murray,13,4,46.0,79.0,22.0,24.0,12.0,126.0,8.0,22.0,6.0,3.0,12.0
murraja01,Jamal Murray,14,2,19.0,38.0,8.0,9.0,6.0,52.0,6.0,16.0,2.0,1.0,5.0
murraja01,Jamal Murray,15,4,27.0,60.0,22.0,28.0,7.0,83.0,18.0,37.0,4.0,2.0,8.0
murraja01,Jamal Murray,16,3,34.0,68.0,20.0,22.0,11.0,99.0,9.0,25.0,1.0,2.0,7.0
murraja01,Jamal Murray,17,2,13.0,34.0,12.0,12.0,2.0,40.0,14.0,18.0,1.0,1.0,3.0
murraja01,Jamal Murray,18,3,20.0,44.0,17.0,20.0,9.0,66.0,16.0,16.0,4.0,1.0,11.0
murraja01,Jamal Murray,19,3,22.0,51.0,13.0,17.0,9.0,66.0,13.0,11.0,2.0,1.0,5.0
murraja01,Jamal Murray,20,3,26.0,46.0,19.0,22.0,14.0,85.0,7.0,18.0,2.0,1.0,9.0
murraja01,Jamal Murray,21,4,32.0,79.0,25.0,27.0,6.0,95.0,18.0,23.0,4.0,1.0,7.0
murraja01,Jamal Murray,22,4,28.0,56.0,19.0,22.0,9.0,84.0,21.0,29.0,2.0,0.0,6.0
murraja01,Jamal Murray,23,4,42.0,76.0,22.0,23.0,19.0,125.0,19.0,31.0,2.0,2.0,11.0
murraja01,Jamal Murray,24,2,18.0,39.0,3.0,3.0,13.0,52.0,9.0,15.0,2.0,2.0,3.0
murraja01,Jamal Murray,25,2,15.0,32.0,8.0,8.0,8.0,46.0,8.0,12.0,0.0,2.0,4.0
hardeja01,James Harden,1,3,19.0,36.0,18.0,20.0,9.0,65.0,15.0,31.0,3.0,1.0,13.0
hardeja01,James Harden,2,2,14.0,34.0,11.0,12.0,5.0,44.0,9.0,15.0,4.0,0.0,7.0
hardeja01,James Harden,3,3,19.0,47.0,16.0,17.0,13.0,67.0,13.0,27.0,2.0,0.0,12.0
hardeja01,James Harden,4,4,40.0,85.0,38.0,42.0,18.0,136.0,39.0,35.0,2.0,4.0,14.0
hardeja01,James Harden,5,4,37.0,83.0,42.0,48.0,17.0,133.0,16.0,26.0,5.0,2.0,14.0
hardeja01,James Harden,6,3,20.0,56.0,32.0,34.0,9.0,81.0,20.0,31.0,4.0,1.0,17.0
hardeja01,James Harden,7,4,29.0,61.0,22.0,26.0,10.0,90.0,13.0,25.0,7.0,2.0,14.0
hardeja01,James Harden,8,1,7.0,18.0,4.0,5.0,4.0,22.0,3.0,7.0,3.0,0.0,4.0
hardeja01,James Harden,9,2,10.0,30.0,6.0,10.0,8.0,34.0,7.0,16.0,5.0,0.0,6.0
hardeja01,James Harden,10,3,24.0,54.0,34.0,36.0,9.0,91.0,10.0,19.0,2.0,0.0,10.0
hardeja01,James Harden,11,3,18.0,43.0,20.0,24.0,3.0,59.0,9.0,24.0,2.0,0.0,3.0
hardeja01,James Harden,12,3,20.0,50.0,25.0,26.0,8.0,73.0,14.0,22.0,5.0,2.0,14.0
hardeja01,James Harden,13,3,26.0,72.0,26.0,28.0,7.0,85.0,11.0,28.0,5.0,1.0,7.0
hardeja01,James Harden,14,4,27.0,71.0,35.0,37.0,8.0,97.0,25.0,33.0,4.0,2.0,21.0
hardeja01,James Harden,15,2,13.0,31.0,8.0,9.0,7.0,41.0,8.0,19.0,4.0,1.0,6.0
hardeja01,James Harden,16,1,7.0,13.0,4.0,4.0,5.0,23.0,2.0,8.0,1.0,0.0,3.0
hardeja01,James Harden,17,2,8.0,20.0,16.0,18.0,3.0,35.0,14.0,18.0,0.0,4.0,8.0
hardeja01,James Harden,18,3,20.0,36.0,6.0,8.0,8.0,54.0,14.0,26.0,5.0,1.0,9.0
hardeja01,James Harden,19,2,13.0,27.0,8.0,12.0,8.0,42.0,11.0,12.0,0.0,0.0,8.0
hardeja01,James Harden,20,2,11.0,33.0,10.0,13.0,5.0,37.0,9.0,17.0,0.0,0.0,5.0
hardeja01,James Harden,21,4,27.0,50.0,15.0,18.0,12.0,81.0,22.0,27.0,2.0,1.0,16.0
hardeja01,James Harden,22,3,25.0,50.0,20.0,24.0,13.0,83.0,18.0,25.0,5.0,2.0,9.0
hardeja01,James Harden,23,3,16.0,37.0,20.0,21.0,9.0,61.0,17.0,28.0,3.0,2.0,8.0
hardeja01,James Harden,24,4,25.0,50.0,16.0,21.0,11.0,77.0,12.0,29.0,4.0,2.0,10.0
hardeja01,James Harden,25,2,12.0,36.0,11.0,11.0,6.0,41.0,5.0,9.0,2.0,0.0,7.0
jacksja02,Jaren Jackson Jr.,1,3,20.0,39.0,12.0,14.0,2.0,54.0,13.0,3.0,1.0,7.0,9.0
jacksja02,Jaren Jackson Jr.,2,4,25.0,46.0,12.0,16.0,7.0,69.0,26.0,7.0,4.0,1.0,7.0
jacksja02,Jaren Jackson Jr.,3,4,22.0,45.0,11.0,15.0,9.0,64.0,21.0,4.0,1.0,9.0,3.0
jacksja02,Jaren Jackson Jr.,4,3,20.0,52.0,18.0,21.0,5.0,63.0,13.0,5.0,1.0,2.0,10.0
jacksja02,Jaren Jackson Jr.,5,1,8.0,20.0,0.0,0.0,2.0,18.0,6.0,3.0,0.0,0.0,3.0
jacksja02,Jaren Jackson Jr.,6,4,31.0,65.0,9.0,11.0,9.0,80.0,19.0,13.0,4.0,1.0,6.0
jacksja02,Jaren Jackson Jr.,7,3,11.0,28.0,4.0,7.0,0.0,26.0,12.0,6.0,7.0,2.0,7.0
jacksja02,Jaren Jackson Jr.,8,1,6.0,13.0,0.0,2.0,0.0,12.0,5.0,3.0,0.0,1.0,1.0
jacksja02,Jaren Jackson Jr.,9,3,30.0,54.0,12.0,15.0,9.0,81.0,24.0,10.0,5.0,8.0,9.0
jacksja02,Jaren Jackson Jr.,10,4,31.0,67.0,18.0,25.0,7.0,87.0,27.0,5.0,5.0,13.0,9.0
jacksja02,Jaren Jackson Jr.,11,3,22.0,41.0,6.0,11.0,4.0,54.0,16.0,6.0,1.0,3.0,6.0
jacksja02,Jaren Jackson Jr.,12,4,28.0,60.0,14.0,15.0,7.0,77.0,25.0,6.0,4.0,8.0,11.0
jacksja02,Jaren Jackson Jr.,13,2,19.0,37.0,4.0,4.0,5.0,47.0,8.0,1.0,3.0,4.0,6.0
jacksja02,Jaren Jackson Jr.,14,2,13.0,30.0,14.0,16.0,3.0,43.0,18.0,5.0,2.0,4.0,7.0
jacksja02,Jaren Jackson Jr.,15,3,24.0,56.0,4.0,4.0,7.0,59.0,20.0,7.0,9.0,4.0,5.0
jacksja02,Jaren Jackson Jr.,16,2,17.0,34.0,13.0,13.0,5.0,52.0,10.0,5.0,3.0,1.0,4.0
jacksja02,Jaren Jackson Jr.,17,2,15.0,32.0,12.0,14.0,3.0,45.0,9.0,5.0,3.0,1.0,4.0
allenja01,Jarrett Allen,1,3,12.0,21.0,10.0,15.0,0.0,34.0,22.0,6.0,5.0,1.0,4.0
allenja01,Jarrett Allen,2,2,11.0,19.0,14.0,15.0,0.0,36.0,13.0,3.0,2.0,1.0,4.0
allenja01,Jarrett Allen,3,3,22.0,38.0,7.0,12.0,0.0,51.0,27.0,6.0,6.0,6.0,3.0
allenja01,Jarrett Allen,4,4,26.0,43.0,14.0,18.0,0.0,66.0,31.0,6.0,1.0,3.0,8.0
allenja01,Jarrett Allen,5,2,8.0,16.0,4.0,4.0,0.0,20.0,13.0,5.0,1.0,1.0,3.0
allenja01,Jarrett Allen,6,1,3.0,6.0,2.0,2.0,0.0,8.0,8.0,1.0,0.0,1.0,2.0
allenja01,Jarrett Allen,8,1,3.0,8.0,3.0,5.0,0.0,9.0,3.0,1.0,0.0,0.0,1.0
allenja01,Jarrett Allen,9,2,13.0,18.0,2.0,2.0,0.0,28.0,18.0,8.0,3.0,3.0,3.0
allenja01,Jarrett Allen,10,4,16.0,20.0,6.0,8.0,1.0,39.0,26.0,9.0,3.0,3.0,7.0
allenja01,Jarrett Allen,11,3,21.0,38.0,9.0,11.0,0.0,51.0,33.0,6.0,3.0,1.0,6.0
allenja01,Jarrett Allen,12,3,19.0,32.0,8.0,13.0,0.0,46.0,33.0,9.0,5.0,1.0,2.0
allenja01,Jarrett Allen,13,3,12.0,19.0,4.0,5.0,0.0,28.0,16.0,6.0,2.0,0.0,6.0
allenja01,Jarrett Allen,14,4,14.0,27.0,24.0,28.0,0.0,52.0,33.0,2.0,5.0,8.0,4.0
allenja01,Jarrett Allen,15,4,34.0,49.0,10.0,17.0,0.0,78.0,37.0,11.0,4.0,5.0,3.0
allenja01,Jarrett Allen,16,2,16.0,20.0,7.0,10.0,0.0,39.0,21.0,4.0,2.0,1.0,1.0
allenja01,Jarrett Allen,17,2,18.0,24.0,7.0,10.0,0.0,43.0,22.0,2.0,0.0,2.0,2.0
allenja01,Jarrett Allen,18,3,20.0,29.0,12.0,21.0,0.0,52.0,37.0,5.0,2.0,3.0,4.0
allenja01,Jarrett Allen,19,4,34.0,47.0,23.0,31.0,0.0,91.0,36.0,7.0,5.0,4.0,5.0
allenja01,Jarrett Allen,20,1,4.0,7.0,0.0,2.0,0.0,8.0,3.0,0.0,1.0,0.0,1.0
allenja01,Jarrett Allen,23,1,8.0,10.0,2.0,2.0,0.0,18.0,10.0,0.0,0.0,1.0,0.0
allenja01,Jarrett Allen,24,2,14.0,21.0,6.0,14.0,0.0,34.0,17.0,2.0,2.0,0.0,1.0
allenja01,Jarrett Allen,25,2,9.0,16.0,11.0,16.0,0.0,29.0,17.0,1.0,3.0,2.0,5.0
smallja01,Javon Small,1,3,7.0,17.0,6.0,8.0,5.0,25.0,4.0,17.0,0.0,1.0,4.0
smallja01,Javon Small,2,3,2.0,9.0,2.0,2.0,1.0,7.0,4.0,5.0,0.0,0.0,4.0
smallja01,Javon Small,3,2,1.0,2.0,0.0,0.0,0.0,2.0,0.0,0.0,0.0,0.0,0.0
smallja01,Javon Small,10,2,0.0,6.0,0.0,0.0,0.0,0.0,2.0,7.0,1.0,0.0,1.0
smallja01,Javon Small,11,2,4.0,8.0,3.0,3.0,1.0,12.0,6.0,8.0,1.0,0.0,2.0
smallja01,Javon Small,12,2,5.0,14.0,1.0,2.0,3.0,14.0,4.0,9.0,2.0,1.0,7.0
smallja01,Javon Small,14,1,2.0,2.0,2.0,2.0,1.0,7.0,0.0,2.0,0.0,0.0,1.0
smallja01,Javon Small,15,1,3.0,9.0,0.0,2.0,1.0,7.0,4.0,6.0,1.0,0.0,0.0
smallja01,Javon Small,16,3,14.0,29.0,6.0,6.0,4.0,38.0,17.0,9.0,0.0,1.0,2.0
smallja01,Javon Small,17,1,3.0,9.0,0.0,0.0,2.0,8.0,3.0,1.0,2.0,0.0,1.0
smallja01,Javon Small,18,2,8.0,16.0,6.0,8.0,4.0,26.0,5.0,6.0,6.0,2.0,2.0
smallja01,Javon Small,19,4,16.0,31.0,12.0,13.0,9.0,53.0,20.0,21.0,3.0,1.0,3.0
smallja01,Javon Small,20,2,4.0,11.0,4.0,5.0,1.0,13.0,9.0,8.0,3.0,2.0,3.0
smallja01,Javon Small,21,4,24.0,46.0,15.0,17.0,10.0,73.0,17.0,22.0,6.0,0.0,8.0
smallja01,Javon Small,22,3,15.0,26.0,1.0,1.0,7.0,38.0,16.0,7.0,1.0,1.0,7.0
smallja01,Javon Small,23,3,10.0,18.0,3.0,4.0,5.0,28.0,8.0,14.0,5.0,0.0,5.0
smallja01,Javon Small,24,2,9.0,16.0,5.0,7.0,4.0,27.0,6.0,8.0,1.0,0.0,4.0
smallja01,Javon Small,25,1,7.0,19.0,2.0,2.0,2.0,18.0,3.0,1.0,2.0,0.0,2.0
greenja02,Javonte Green,1,3,5.0,17.0,2.0,3.0,2.0,14.0,7.0,3.0,2.0,1.0,1.0
greenja02,Javonte Green,2,3,7.0,16.0,0.0,0.0,4.0,18.0,7.0,3.0,4.0,1.0,1.0
greenja02,Javonte Green,3,4,5.0,17.0,7.0,10.0,3.0,20.0,12.0,5.0,4.0,1.0,2.0
greenja02,Javonte Green,4,3,12.0,30.0,13.0,18.0,4.0,41.0,24.0,6.0,3.0,4.0,6.0
greenja02,Javonte Green,5,3,13.0,19.0,7.0,7.0,3.0,36.0,8.0,1.0,4.0,0.0,3.0
greenja02,Javonte Green,6,4,3.0,8.0,0.0,0.0,1.0,7.0,4.0,0.0,2.0,3.0,2.0
greenja02,Javonte Green,7,4,8.0,17.0,2.0,2.0,4.0,22.0,2.0,2.0,4.0,0.0,4.0
greenja02,Javonte Green,8,1,3.0,7.0,2.0,2.0,1.0,9.0,1.0,0.0,3.0,0.0,0.0
greenja02,Javonte Green,9,3,5.0,13.0,1.0,2.0,2.0,13.0,10.0,4.0,9.0,0.0,1.0
greenja02,Javonte Green,10,4,11.0,23.0,3.0,4.0,5.0,30.0,12.0,2.0,6.0,0.0,1.0
greenja02,Javonte Green,11,3,10.0,23.0,5.0,6.0,5.0,30.0,10.0,4.0,2.0,2.0,2.0
greenja02,Javonte Green,12,3,12.0,24.0,5.0,6.0,6.0,35.0,11.0,2.0,11.0,2.0,4.0
greenja02,Javonte Green,13,2,7.0,14.0,2.0,3.0,5.0,21.0,3.0,0.0,2.0,0.0,0.0
greenja02,Javonte Green,14,4,6.0,13.0,9.0,11.0,3.0,24.0,10.0,1.0,7.0,2.0,2.0
greenja02,Javonte Green,15,4,7.0,13.0,3.0,3.0,4.0,21.0,14.0,2.0,1.0,0.0,2.0
greenja02,Javonte Green,16,3,8.0,13.0,3.0,4.0,4.0,23.0,6.0,2.0,6.0,0.0,3.0
greenja02,Javonte Green,17,2,1.0,9.0,5.0,5.0,0.0,7.0,4.0,2.0,0.0,0.0,1.0
greenja02,Javonte Green,18,2,3.0,5.0,4.0,5.0,1.0,11.0,8.0,1.0,2.0,0.0,2.0
greenja02,Javonte Green,19,4,4.0,16.0,0.0,0.0,3.0,11.0,14.0,1.0,2.0,2.0,1.0
greenja02,Javonte Green,20,4,11.0,26.0,7.0,7.0,5.0,34.0,9.0,1.0,3.0,2.0,2.0
greenja02,Javonte Green,21,4,11.0,22.0,9.0,10.0,8.0,39.0,10.0,4.0,10.0,1.0,2.0
greenja02,Javonte Green,22,3,4.0,10.0,0.0,0.0,2.0,10.0,5.0,0.0,1.0,0.0,0.0
greenja02,Javonte Green,23,4,9.0,17.0,4.0,4.0,5.0,27.0,11.0,5.0,4.0,1.0,1.0
greenja02,Javonte Green,24,4,9.0,21.0,4.0,4.0,7.0,29.0,12.0,2.0,4.0,0.0,1.0
greenja02,Javonte Green,25,4,11.0,21.0,8.0,9.0,7.0,37.0,16.0,3.0,6.0,3.0,1.0
huffja01,Jay Huff,1,3,5.0,11.0,0.0,0.0,2.0,12.0,5.0,0.0,0.0,2.0,2.0
huffja01,Jay Huff,2,3,4.0,14.0,4.0,4.0,1.0,13.0,7.0,4.0,0.0,6.0,1.0
huffja01,Jay Huff,3,4,11.0,27.0,4.0,6.0,6.0,32.0,22.0,5.0,1.0,11.0,3.0
huffja01,Jay Huff,4,3,5.0,16.0,1.0,3.0,3.0,14.0,6.0,1.0,0.0,5.0,2.0
huffja01,Jay Huff,5,3,11.0,26.0,2.0,3.0,6.0,30.0,10.0,4.0,1.0,8.0,3.0
huffja01,Jay Huff,6,4,16.0,29.0,6.0,8.0,9.0,47.0,23.0,7.0,1.0,13.0,4.0
huffja01,Jay Huff,7,3,11.0,21.0,2.0,2.0,5.0,29.0,8.0,8.0,2.0,10.0,1.0
huffja01,Jay Huff,8,3,10.0,26.0,7.0,7.0,7.0,34.0,15.0,4.0,2.0,11.0,1.0
huffja01,Jay Huff,9,2,5.0,15.0,5.0,5.0,0.0,15.0,16.0,3.0,0.0,4.0,3.0
huffja01,Jay Huff,10,4,12.0,29.0,4.0,4.0,4.0,32.0,17.0,7.0,2.0,7.0,5.0
huffja01,Jay Huff,11,4,8.0,19.0,2.0,3.0,3.0,21.0,10.0,5.0,3.0,3.0,4.0
huffja01,Jay Huff,12,3,15.0,23.0,2.0,2.0,6.0,38.0,6.0,4.0,3.0,5.0,4.0
huffja01,Jay Huff,13,4,25.0,38.0,1.0,1.0,8.0,59.0,17.0,4.0,4.0,6.0,3.0
huffja01,Jay Huff,14,3,5.0,11.0,0.0,0.0,2.0,12.0,9.0,2.0,2.0,4.0,2.0
huffja01,Jay Huff,15,3,11.0,22.0,2.0,3.0,5.0,29.0,14.0,2.0,3.0,3.0,3.0
huffja01,Jay Huff,16,4,13.0,30.0,5.0,5.0,7.0,38.0,19.0,7.0,3.0,6.0,2.0
huffja01,Jay Huff,17,2,9.0,18.0,2.0,2.0,1.0,21.0,6.0,4.0,4.0,3.0,0.0
huffja01,Jay Huff,18,3,15.0,29.0,10.0,11.0,6.0,46.0,10.0,4.0,1.0,6.0,2.0
huffja01,Jay Huff,19,3,10.0,19.0,3.0,6.0,2.0,25.0,12.0,7.0,1.0,5.0,7.0
huffja01,Jay Huff,20,3,18.0,41.0,5.0,7.0,9.0,50.0,17.0,4.0,2.0,8.0,3.0
huffja01,Jay Huff,21,4,18.0,40.0,4.0,4.0,7.0,47.0,14.0,3.0,1.0,6.0,3.0
huffja01,Jay Huff,22,3,9.0,20.0,2.0,2.0,3.0,23.0,5.0,7.0,1.0,3.0,3.0
huffja01,Jay Huff,23,4,13.0,23.0,4.0,6.0,4.0,34.0,20.0,5.0,1.0,4.0,3.0
huffja01,Jay Huff,24,3,14.0,32.0,0.0,0.0,7.0,35.0,12.0,9.0,2.0,2.0,5.0
huffja01,Jay Huff,25,4,18.0,32.0,5.0,5.0,6.0,47.0,24.0,11.0,1.0,13.0,7.0
brownja02,Jaylen Brown,1,3,30.0,61.0,19.0,25.0,10.0,89.0,16.0,11.0,1.0,0.0,13.0
brownja02,Jaylen Brown,2,4,36.0,62.0,8.0,11.0,9.0,89.0,17.0,19.0,3.0,2.0,15.0
brownja02,Jaylen Brown,3,4,51.0,101.0,24.0,29.0,4.0,130.0,21.0,13.0,5.0,1.0,12.0
brownja02,Jaylen Brown,4,3,30.0,67.0,12.0,17.0,4.0,76.0,25.0,14.0,2.0,1.0,5.0
brownja02,Jaylen Brown,5,3,32.0,63.0,20.0,26.0,6.0,90.0,16.0,16.0,4.0,0.0,12.0
brownja02,Jaylen Brown,6,3,32.0,77.0,21.0,28.0,8.0,93.0,28.0,23.0,8.0,3.0,15.0
brownja02,Jaylen Brown,7,3,35.0,65.0,24.0,27.0,8.0,102.0,20.0,17.0,3.0,1.0,10.0
brownja02,Jaylen Brown,8,1,10.0,17.0,8.0,9.0,2.0,30.0,3.0,3.0,0.0,0.0,4.0
brownja02,Jaylen Brown,9,2,22.0,43.0,17.0,25.0,3.0,64.0,17.0,14.0,2.0,3.0,9.0
brownja02,Jaylen Brown,10,3,38.0,68.0,16.0,20.0,6.0,98.0,19.0,10.0,5.0,2.0,12.0
brownja02,Jaylen Brown,11,3,38.0,70.0,18.0,23.0,8.0,102.0,19.0,19.0,2.0,0.0,9.0
brownja02,Jaylen Brown,12,4,37.0,96.0,14.0,18.0,11.0,99.0,31.0,22.0,1.0,0.0,19.0
brownja02,Jaylen Brown,13,2,23.0,54.0,18.0,19.0,4.0,68.0,13.0,2.0,1.0,1.0,6.0
brownja02,Jaylen Brown,14,4,45.0,105.0,23.0,33.0,9.0,122.0,39.0,24.0,5.0,2.0,13.0
brownja02,Jaylen Brown,15,3,29.0,57.0,8.0,12.0,5.0,71.0,28.0,9.0,5.0,1.0,8.0
brownja02,Jaylen Brown,16,3,37.0,79.0,11.0,16.0,3.0,88.0,20.0,9.0,2.0,2.0,12.0
brownja02,Jaylen Brown,17,1,9.0,20.0,4.0,4.0,2.0,24.0,4.0,4.0,0.0,0.0,2.0
brownja02,Jaylen Brown,18,2,20.0,46.0,12.0,15.0,3.0,55.0,23.0,20.0,3.0,0.0,7.0
brownja02,Jaylen Brown,19,3,25.0,50.0,21.0,26.0,7.0,78.0,25.0,20.0,2.0,4.0,11.0
brownja02,Jaylen Brown,20,3,23.0,53.0,17.0,21.0,4.0,67.0,27.0,22.0,2.0,0.0,10.0
brownja02,Jaylen Brown,21,3,20.0,46.0,17.0,18.0,1.0,58.0,12.0,17.0,4.0,1.0,11.0
brownja02,Jaylen Brown,22,4,40.0,89.0,45.0,49.0,7.0,132.0,26.0,21.0,3.0,1.0,13.0
brownja02,Jaylen Brown,23,1,9.0,17.0,12.0,14.0,1.0,31.0,8.0,8.0,2.0,0.0,5.0
brownja02,Jaylen Brown,24,4,44.0,95.0,26.0,37.0,10.0,124.0,22.0,23.0,5.0,0.0,14.0
brownja02,Jaylen Brown,25,2,21.0,42.0,11.0,14.0,5.0,58.0,12.0,4.0,2.0,1.0,12.0
willija07,Jaylin Williams,1,3,6.0,15.0,0.0,0.0,2.0,14.0,5.0,3.0,1.0,0.0,4.0
willija07,Jaylin Williams,2,4,8.0,23.0,3.0,4.0,7.0,26.0,24.0,13.0,6.0,4.0,2.0
willija07,Jaylin Williams,3,4,4.0,20.0,0.0,0.0,4.0,12.0,20.0,6.0,0.0,4.0,1.0
willija07,Jaylin Williams,4,2,6.0,13.0,2.0,3.0,4.0,18.0,13.0,9.0,1.0,0.0,3.0
willija07,Jaylin Williams,5,4,6.0,16.0,4.0,6.0,6.0,22.0,14.0,12.0,3.0,0.0,7.0
willija07,Jaylin Williams,6,3,8.0,17.0,7.0,9.0,4.0,27.0,15.0,3.0,1.0,2.0,4.0
willija07,Jaylin Williams,7,3,3.0,12.0,2.0,6.0,2.0,10.0,18.0,9.0,3.0,2.0,4.0
willija07,Jaylin Williams,8,2,3.0,8.0,1.0,1.0,1.0,8.0,9.0,6.0,2.0,0.0,0.0
willija07,Jaylin Williams,12,1,1.0,3.0,6.0,6.0,1.0,9.0,5.0,1.0,1.0,1.0,1.0
willija07,Jaylin Williams,13,3,7.0,16.0,3.0,4.0,2.0,19.0,13.0,9.0,0.0,2.0,0.0
willija07,Jaylin Williams,14,3,4.0,12.0,2.0,2.0,3.0,13.0,11.0,6.0,1.0,2.0,4.0
willija07,Jaylin Williams,15,3,6.0,19.0,2.0,2.0,3.0,17.0,19.0,10.0,4.0,5.0,4.0
willija07,Jaylin Williams,16,3,10.0,24.0,9.0,11.0,6.0,35.0,24.0,7.0,1.0,2.0,3.0
willija07,Jaylin Williams,17,3,10.0,19.0,4.0,5.0,5.0,29.0,11.0,10.0,1.0,4.0,5.0
willija07,Jaylin Williams,18,2,5.0,10.0,3.0,4.0,4.0,17.0,7.0,2.0,0.0,1.0,2.0
willija07,Jaylin Williams,19,4,14.0,25.0,9.0,9.0,7.0,44.0,29.0,12.0,1.0,4.0,6.0
willija07,Jaylin Williams,20,3,11.0,24.0,4.0,4.0,8.0,34.0,35.0,12.0,1.0,0.0,8.0
willija07,Jaylin Williams,21,3,15.0,29.0,2.0,4.0,11.0,43.0,17.0,6.0,1.0,2.0,4.0
willija07,Jaylin Williams,22,3,4.0,10.0,2.0,2.0,4.0,14.0,16.0,4.0,0.0,1.0,0.0
willija07,Jaylin Williams,23,4,12.0,19.0,4.0,5.0,9.0,37.0,22.0,7.0,3.0,3.0,2.0
willija07,Jaylin Williams,24,3,4.0,14.0,4.0,5.0,4.0,16.0,22.0,7.0,0.0,3.0,3.0
willija07,Jaylin Williams,25,2,2.0,4.0,0.0,0.0,1.0,5.0,9.0,4.0,0.0,0.0,0.0
tysonja01,Jaylon Tyson,1,3,7.0,12.0,0.0,0.0,4.0,18.0,6.0,3.0,3.0,2.0,4.0
tysonja01,Jaylon Tyson,2,4,21.0,44.0,5.0,7.0,11.0,58.0,13.0,8.0,3.0,3.0,7.0
tysonja01,Jaylon Tyson,3,3,13.0,24.0,4.0,4.0,7.0,37.0,16.0,8.0,5.0,3.0,0.0
tysonja01,Jaylon Tyson,4,1,3.0,10.0,1.0,2.0,2.0,9.0,9.0,1.0,3.0,1.0,0.0
tysonja01,Jaylon Tyson,5,2,9.0,13.0,0.0,0.0,3.0,21.0,12.0,3.0,0.0,0.0,0.0
tysonja01,Jaylon Tyson,6,3,15.0,37.0,3.0,5.0,8.0,41.0,16.0,4.0,6.0,3.0,3.0
tysonja01,Jaylon Tyson,7,4,32.0,49.0,4.0,6.0,8.0,76.0,35.0,11.0,1.0,2.0,5.0
tysonja01,Jaylon Tyson,8,2,9.0,18.0,8.0,8.0,3.0,29.0,19.0,4.0,1.0,0.0,1.0
tysonja01,Jaylon Tyson,9,2,12.0,20.0,4.0,5.0,2.0,30.0,7.0,4.0,2.0,1.0,8.0
tysonja01,Jaylon Tyson,10,4,25.0,50.0,2.0,3.0,5.0,57.0,28.0,6.0,5.0,2.0,7.0
tysonja01,Jaylon Tyson,11,4,16.0,41.0,3.0,6.0,8.0,43.0,17.0,9.0,4.0,2.0,5.0
tysonja01,Jaylon Tyson,12,3,12.0,19.0,2.0,3.0,4.0,30.0,9.0,7.0,2.0,0.0,4.0
tysonja01,Jaylon Tyson,13,3,21.0,35.0,8.0,9.0,12.0,62.0,14.0,9.0,3.0,0.0,8.0
tysonja01,Jaylon Tyson,14,4,23.0,53.0,9.0,12.0,9.0,64.0,29.0,16.0,1.0,0.0,11.0
tysonja01,Jaylon Tyson,15,4,27.0,50.0,3.0,3.0,11.0,68.0,22.0,19.0,2.0,1.0,8.0
tysonja01,Jaylon Tyson,16,2,10.0,18.0,4.0,7.0,3.0,27.0,10.0,1.0,1.0,0.0,5.0
tysonja01,Jaylon Tyson,17,2,8.0,19.0,3.0,4.0,4.0,23.0,8.0,2.0,1.0,0.0,2.0
tysonja01,Jaylon Tyson,18,3,8.0,21.0,4.0,4.0,3.0,23.0,10.0,2.0,1.0,1.0,3.0
tysonja01,Jaylon Tyson,19,4,18.0,43.0,5.0,6.0,9.0,50.0,23.0,8.0,5.0,1.0,5.0
tysonja01,Jaylon Tyson,20,2,11.0,23.0,1.0,3.0,7.0,30.0,9.0,5.0,0.0,2.0,2.0
tysonja01,Jaylon Tyson,21,3,8.0,21.0,2.0,2.0,5.0,23.0,5.0,6.0,0.0,1.0,3.0
tysonja01,Jaylon Tyson,22,2,9.0,19.0,0.0,2.0,2.0,20.0,11.0,5.0,1.0,1.0,3.0
tysonja01,Jaylon Tyson,25,2,13.0,31.0,4.0,6.0,3.0,33.0,10.0,6.0,4.0,2.0,5.0
tatumja01,Jayson Tatum,20,2,12.0,32.0,6.0,7.0,5.0,35.0,15.0,9.0,1.0,0.0,3.0
tatumja01,Jayson Tatum,21,2,18.0,43.0,2.0,2.0,6.0,44.0,19.0,9.0,4.0,0.0,2.0
tatumja01,Jayson Tatum,22,4,24.0,64.0,15.0,18.0,11.0,74.0,37.0,8.0,4.0,0.0,10.0
tatumja01,Jayson Tatum,23,3,25.0,59.0,17.0,21.0,10.0,77.0,29.0,20.0,3.0,2.0,7.0
tatumja01,Jayson Tatum,24,3,24.0,52.0,13.0,16.0,10.0,71.0,42.0,27.0,8.0,0.0,9.0
tatumja01,Jayson Tatum,25,2,15.0,37.0,12.0,15.0,5.0,47.0,18.0,12.0,2.0,1.0,8.0
grantje01,Jerami Grant,1,3,20.0,34.0,20.0,25.0,8.0,68.0,7.0,3.0,2.0,2.0,4.0
grantje01,Jerami Grant,2,3,15.0,36.0,19.0,19.0,7.0,56.0,11.0,4.0,7.0,2.0,5.0
grantje01,Jerami Grant,3,3,17.0,33.0,17.0,21.0,5.0,56.0,11.0,13.0,3.0,1.0,9.0
grantje01,Jerami Grant,4,4,18.0,48.0,15.0,19.0,7.0,58.0,10.0,10.0,0.0,0.0,3.0
grantje01,Jerami Grant,5,3,16.0,34.0,19.0,22.0,8.0,59.0,16.0,8.0,2.0,1.0,10.0
grantje01,Jerami Grant,6,3,20.0,53.0,19.0,22.0,7.0,66.0,11.0,8.0,2.0,4.0,9.0
grantje01,Jerami Grant,7,4,25.0,61.0,23.0,26.0,12.0,85.0,22.0,15.0,3.0,4.0,7.0
grantje01,Jerami Grant,8,2,18.0,41.0,7.0,7.0,8.0,51.0,8.0,3.0,0.0,1.0,7.0
grantje01,Jerami Grant,9,1,7.0,18.0,3.0,3.0,3.0,20.0,9.0,5.0,0.0,1.0,3.0
grantje01,Jerami Grant,13,2,10.0,21.0,14.0,18.0,4.0,38.0,5.0,5.0,0.0,2.0,2.0
grantje01,Jerami Grant,14,2,6.0,19.0,7.0,9.0,1.0,20.0,2.0,2.0,3.0,2.0,6.0
grantje01,Jerami Grant,15,4,16.0,41.0,19.0,27.0,4.0,55.0,9.0,6.0,1.0,3.0,7.0
grantje01,Jerami Grant,16,3,26.0,47.0,11.0,15.0,12.0,75.0,9.0,9.0,1.0,1.0,7.0
grantje01,Jerami Grant,17,3,17.0,41.0,3.0,4.0,6.0,43.0,11.0,4.0,2.0,2.0,5.0
grantje01,Jerami Grant,18,2,12.0,19.0,2.0,3.0,3.0,29.0,5.0,1.0,1.0,2.0,2.0
grantje01,Jerami Grant,19,4,19.0,49.0,26.0,31.0,9.0,73.0,13.0,8.0,3.0,1.0,8.0
grantje01,Jerami Grant,20,3,23.0,43.0,17.0,25.0,9.0,72.0,13.0,7.0,5.0,2.0,6.0
grantje01,Jerami Grant,21,3,17.0,28.0,8.0,10.0,11.0,53.0,8.0,4.0,2.0,0.0,9.0
grantje01,Jerami Grant,22,3,18.0,40.0,4.0,4.0,6.0,46.0,12.0,7.0,4.0,2.0,6.0
grantje01,Jerami Grant,23,2,11.0,24.0,9.0,12.0,6.0,37.0,6.0,0.0,1.0,3.0,4.0
fearsje01,Jeremiah Fears,1,2,12.0,18.0,6.0,7.0,0.0,30.0,4.0,3.0,2.0,0.0,4.0
fearsje01,Jeremiah Fears,2,4,21.0,53.0,3.0,5.0,7.0,52.0,11.0,20.0,7.0,0.0,10.0
fearsje01,Jeremiah Fears,3,3,17.0,42.0,6.0,7.0,2.0,42.0,11.0,6.0,4.0,0.0,5.0
fearsje01,Jeremiah Fears,4,4,23.0,54.0,14.0,16.0,6.0,66.0,14.0,9.0,11.0,1.0,14.0
fearsje01,Jeremiah Fears,5,4,29.0,56.0,9.0,14.0,5.0,72.0,15.0,8.0,5.0,2.0,10.0
fearsje01,Jeremiah Fears,6,4,20.0,51.0,15.0,19.0,7.0,62.0,14.0,11.0,3.0,0.0,4.0
fearsje01,Jeremiah Fears,7,3,19.0,46.0,14.0,16.0,3.0,55.0,12.0,16.0,3.0,1.0,7.0
fearsje01,Jeremiah Fears,8,3,18.0,35.0,6.0,7.0,2.0,44.0,12.0,11.0,4.0,0.0,8.0
fearsje01,Jeremiah Fears,9,2,6.0,14.0,2.0,4.0,0.0,14.0,6.0,5.0,0.0,0.0,5.0
fearsje01,Jeremiah Fears,10,4,18.0,51.0,12.0,16.0,2.0,50.0,20.0,12.0,3.0,1.0,9.0
fearsje01,Jeremiah Fears,11,4,20.0,41.0,3.0,4.0,5.0,48.0,12.0,14.0,2.0,3.0,11.0
fearsje01,Jeremiah Fears,12,4,23.0,51.0,6.0,7.0,5.0,57.0,17.0,14.0,8.0,1.0,14.0
fearsje01,Jeremiah Fears,13,4,12.0,36.0,8.0,8.0,3.0,35.0,19.0,14.0,2.0,2.0,5.0
fearsje01,Jeremiah Fears,14,3,12.0,27.0,6.0,6.0,2.0,32.0,10.0,4.0,3.0,1.0,3.0
fearsje01,Jeremiah Fears,15,3,10.0,29.0,2.0,2.0,3.0,25.0,10.0,5.0,7.0,2.0,3.0
fearsje01,Jeremiah Fears,16,3,8.0,22.0,4.0,5.0,4.0,24.0,5.0,8.0,3.0,2.0,7.0
fearsje01,Jeremiah Fears,17,2,14.0,32.0,2.0,2.0,3.0,33.0,14.0,11.0,4.0,2.0,4.0
fearsje01,Jeremiah Fears,18,2,9.0,23.0,5.0,11.0,0.0,23.0,11.0,11.0,2.0,0.0,5.0
fearsje01,Jeremiah Fears,19,4,22.0,50.0,12.0,14.0,10.0,66.0,19.0,18.0,2.0,5.0,15.0
fearsje01,Jeremiah Fears,20,4,17.0,41.0,6.0,7.0,4.0,44.0,11.0,16.0,1.0,1.0,8.0
fearsje01,Jeremiah Fears,21,2,5.0,16.0,2.0,2.0,4.0,16.0,3.0,2.0,1.0,0.0,1.0
fearsje01,Jeremiah Fears,22,4,18.0,41.0,2.0,4.0,5.0,43.0,10.0,13.0,3.0,0.0,8.0
fearsje01,Jeremiah Fears,23,4,21.0,48.0,9.0,14.0,5.0,56.0,9.0,17.0,5.0,2.0,7.0
fearsje01,Jeremiah Fears,24,3,21.0,43.0,16.0,19.0,10.0,68.0,13.0,14.0,4.0,3.0,6.0
fearsje01,Jeremiah Fears,25,3,42.0,86.0,24.0,30.0,4.0,112.0,18.0,17.0,8.0,1.0,5.0
butleji01,Jimmy Butler,1,3,16.0,36.0,31.0,34.0,3.0,66.0,13.0,14.0,5.0,0.0,2.0
butleji01,Jimmy Butler,2,4,28.0,52.0,22.0,25.0,6.0,84.0,26.0,20.0,4.0,3.0,10.0
butleji01,Jimmy Butler,3,3,16.0,30.0,7.0,11.0,0.0,39.0,16.0,12.0,3.0,1.0,2.0
butleji01,Jimmy Butler,4,4,22.0,37.0,29.0,33.0,6.0,79.0,20.0,21.0,11.0,0.0,8.0
butleji01,Jimmy Butler,5,2,15.0,31.0,23.0,26.0,0.0,53.0,15.0,9.0,5.0,1.0,3.0
butleji01,Jimmy Butler,6,3,21.0,37.0,19.0,24.0,2.0,63.0,19.0,22.0,3.0,0.0,2.0
butleji01,Jimmy Butler,7,2,7.0,17.0,8.0,11.0,3.0,25.0,11.0,7.0,2.0,0.0,2.0
butleji01,Jimmy Butler,8,2,9.0,22.0,13.0,15.0,0.0,31.0,15.0,9.0,4.0,0.0,4.0
butleji01,Jimmy Butler,9,2,21.0,38.0,11.0,12.0,3.0,56.0,4.0,5.0,1.0,1.0,3.0
butleji01,Jimmy Butler,10,3,18.0,35.0,16.0,18.0,2.0,54.0,18.0,18.0,1.0,1.0,8.0
butleji01,Jimmy Butler,11,3,13.0,26.0,28.0,32.0,1.0,55.0,13.0,18.0,5.0,0.0,6.0
butleji01,Jimmy Butler,12,4,29.0,60.0,28.0,31.0,4.0,90.0,24.0,17.0,7.0,1.0,8.0
butleji01,Jimmy Butler,13,2,19.0,29.0,8.0,10.0,2.0,48.0,14.0,9.0,2.0,0.0,0.0
butleji01,Jimmy Butler,14,1,6.0,11.0,5.0,5.0,0.0,17.0,3.0,4.0,2.0,0.0,2.0
embiijo01,Joel Embiid,1,2,8.0,20.0,5.0,7.0,3.0,24.0,8.0,6.0,2.0,1.0,4.0
embiijo01,Joel Embiid,2,2,15.0,30.0,11.0,13.0,4.0,45.0,13.0,8.0,0.0,3.0,7.0
embiijo01,Joel Embiid,3,2,17.0,37.0,13.0,15.0,2.0,49.0,12.0,6.0,3.0,5.0,5.0
embiijo01,Joel Embiid,6,1,6.0,14.0,6.0,8.0,0.0,18.0,4.0,2.0,1.0,1.0,2.0
embiijo01,Joel Embiid,7,2,9.0,34.0,10.0,10.0,0.0,28.0,13.0,5.0,1.0,2.0,3.0
embiijo01,Joel Embiid,8,2,20.0,43.0,18.0,24.0,3.0,61.0,23.0,4.0,2.0,2.0,6.0
embiijo01,Joel Embiid,10,2,18.0,32.0,19.0,21.0,3.0,58.0,11.0,5.0,0.0,3.0,5.0
embiijo01,Joel Embiid,11,3,29.0,61.0,23.0,29.0,1.0,82.0,24.0,19.0,1.0,3.0,9.0
embiijo01,Joel Embiid,12,3,30.0,53.0,20.0,22.0,2.0,82.0,26.0,7.0,1.0,4.0,12.0
embiijo01,Joel Embiid,13,3,26.0,53.0,23.0,24.0,5.0,80.0,17.0,10.0,3.0,2.0,14.0
embiijo01,Joel Embiid,14,3,33.0,57.0,29.0,34.0,5.0,100.0,35.0,19.0,1.0,2.0,10.0
embiijo01,Joel Embiid,15,3,37.0,72.0,27.0,33.0,5.0,106.0,25.0,17.0,3.0,3.0,9.0
embiijo01,Joel Embiid,16,3,30.0,57.0,26.0,28.0,6.0,92.0,21.0,13.0,2.0,3.0,6.0
embiijo01,Joel Embiid,19,2,19.0,37.0,12.0,14.0,3.0,53.0,17.0,9.0,1.0,1.0,6.0
embiijo01,Joel Embiid,23,2,20.0,36.0,18.0,22.0,6.0,64.0,12.0,9.0,0.0,3.0,3.0
embiijo01,Joel Embiid,24,2,16.0,42.0,10.0,12.0,3.0,45.0,20.0,10.0,0.0,4.0,4.0
embiijo01,Joel Embiid,25,1,8.0,19.0,16.0,19.0,2.0,34.0,12.0,1.0,0.0,4.0,4.0
collijo01,John Collins,1,3,16.0,25.0,6.0,8.0,2.0,40.0,19.0,4.0,5.0,2.0,8.0
collijo01,John Collins,2,2,8.0,16.0,2.0,3.0,1.0,19.0,10.0,1.0,1.0,1.0,3.0
collijo01,John Collins,3,4,23.0,42.0,8.0,11.0,7.0,61.0,15.0,4.0,3.0,1.0,10.0
collijo01,John Collins,4,4,15.0,38.0,4.0,4.0,2.0,36.0,16.0,0.0,3.0,3.0,5.0
collijo01,John Collins,5,4,12.0,32.0,10.0,12.0,1.0,35.0,21.0,0.0,2.0,3.0,2.0
collijo01,John Collins,6,3,19.0,30.0,6.0,6.0,5.0,49.0,16.0,2.0,0.0,4.0,3.0
collijo01,John Collins,7,4,21.0,46.0,7.0,10.0,4.0,53.0,19.0,5.0,5.0,1.0,4.0
collijo01,John Collins,8,1,3.0,7.0,3.0,3.0,0.0,9.0,0.0,2.0,2.0,0.0,2.0
collijo01,John Collins,9,3,19.0,33.0,6.0,7.0,3.0,47.0,18.0,4.0,3.0,3.0,6.0
collijo01,John Collins,10,2,7.0,11.0,2.0,2.0,5.0,21.0,8.0,6.0,2.0,2.0,2.0
collijo01,John Collins,11,3,17.0,22.0,7.0,7.0,5.0,46.0,18.0,1.0,3.0,4.0,1.0
collijo01,John Collins,12,4,30.0,44.0,4.0,8.0,13.0,77.0,25.0,2.0,5.0,11.0,7.0
collijo01,John Collins,13,1,1.0,4.0,0.0,0.0,1.0,3.0,5.0,1.0,0.0,0.0,1.0
collijo01,John Collins,14,4,26.0,40.0,4.0,4.0,9.0,65.0,14.0,3.0,4.0,1.0,3.0
collijo01,John Collins,15,3,17.0,30.0,4.0,7.0,7.0,45.0,17.0,7.0,1.0,1.0,2.0
collijo01,John Collins,16,4,28.0,43.0,9.0,12.0,6.0,71.0,25.0,3.0,1.0,3.0,7.0
collijo01,John Collins,17,2,14.0,25.0,1.0,2.0,0.0,29.0,14.0,2.0,1.0,0.0,2.0
collijo01,John Collins,18,2,10.0,18.0,1.0,2.0,2.0,23.0,13.0,4.0,2.0,3.0,4.0
collijo01,John Collins,19,1,5.0,14.0,4.0,4.0,1.0,15.0,7.0,1.0,2.0,0.0,2.0
collijo01,John Collins,21,1,2.0,5.0,5.0,6.0,1.0,10.0,3.0,0.0,2.0,1.0,1.0
collijo01,John Collins,22,4,20.0,40.0,11.0,16.0,4.0,55.0,27.0,7.0,3.0,3.0,6.0
collijo01,John Collins,23,3,11.0,21.0,4.0,5.0,1.0,27.0,14.0,4.0,3.0,1.0,2.0
collijo01,John Collins,24,3,22.0,36.0,6.0,6.0,7.0,57.0,16.0,3.0,4.0,0.0,3.0
collijo01,John Collins,25,4,18.0,37.0,4.0,9.0,2.0,42.0,27.0,4.0,3.0,3.0,9.0
konchjo01,John Konchar,1,3,5.0,7.0,1.0,1.0,1.0,12.0,9.0,4.0,4.0,3.0,1.0
konchjo01,John Konchar,2,4,5.0,10.0,0.0,0.0,4.0,14.0,10.0,3.0,1.0,0.0,2.0
konchjo01,John Konchar,3,2,1.0,1.0,0.0,0.0,1.0,3.0,5.0,3.0,2.0,1.0,1.0
konchjo01,John Konchar,4,3,1.0,4.0,0.0,0.0,0.0,2.0,3.0,1.0,2.0,1.0,0.0
konchjo01,John Konchar,5,3,3.0,10.0,1.0,3.0,0.0,7.0,17.0,7.0,3.0,0.0,3.0
konchjo01,John Konchar,6,4,4.0,9.0,0.0,0.0,1.0,9.0,9.0,4.0,3.0,2.0,0.0
konchjo01,John Konchar,7,3,7.0,10.0,4.0,5.0,2.0,20.0,6.0,5.0,4.0,0.0,0.0
konchjo01,John Konchar,12,1,0.0,1.0,0.0,0.0,0.0,0.0,1.0,0.0,1.0,0.0,0.0
konchjo01,John Konchar,13,2,3.0,7.0,2.0,4.0,1.0,9.0,11.0,6.0,5.0,1.0,0.0
konchjo01,John Konchar,14,2,1.0,2.0,0.0,0.0,0.0,2.0,8.0,1.0,3.0,3.0,4.0
konchjo01,John Konchar,15,3,7.0,10.0,0.0,0.0,3.0,17.0,13.0,6.0,4.0,2.0,3.0
konchjo01,John Konchar,16,1,2.0,4.0,0.0,0.0,0.0,4.0,7.0,3.0,1.0,1.0,1.0
konchjo01,John Konchar,17,3,2.0,11.0,2.0,3.0,0.0,6.0,8.0,5.0,4.0,3.0,0.0
konchjo01,John Konchar,18,1,3.0,6.0,0.0,0.0,0.0,6.0,6.0,4.0,4.0,0.0,2.0
konchjo01,John Konchar,19,3,5.0,13.0,0.0,0.0,2.0,12.0,11.0,3.0,10.0,2.0,4.0
konchjo01,John Konchar,20,4,2.0,10.0,2.0,4.0,2.0,8.0,12.0,8.0,6.0,5.0,2.0
konchjo01,John Konchar,21,1,1.0,2.0,0.0,0.0,0.0,2.0,10.0,3.0,3.0,0.0,0.0
konchjo01,John Konchar,22,2,5.0,10.0,2.0,3.0,0.0,12.0,10.0,3.0,2.0,1.0,3.0
konchjo01,John Konchar,23,4,17.0,27.0,8.0,8.0,4.0,46.0,28.0,13.0,3.0,6.0,1.0
konchjo01,John Konchar,24,4,10.0,25.0,6.0,9.0,4.0,30.0,28.0,14.0,9.0,2.0,3.0
konchjo01,John Konchar,25,3,10.0,20.0,4.0,4.0,3.0,27.0,28.0,22.0,10.0,5.0,5.0
goodwjo01,Jordan Goodwin,1,2,0.0,4.0,2.0,3.0,0.0,2.0,2.0,1.0,3.0,0.0,4.0
goodwjo01,Jordan Goodwin,2,2,6.0,13.0,2.0,2.0,4.0,18.0,7.0,5.0,3.0,0.0,4.0
goodwjo01,Jordan Goodwin,3,3,4.0,13.0,1.0,2.0,3.0,12.0,5.0,3.0,1.0,1.0,2.0
goodwjo01,Jordan Goodwin,4,4,17.0,33.0,1.0,1.0,6.0,41.0,27.0,13.0,6.0,0.0,2.0
goodwjo01,Jordan Goodwin,5,3,17.0,34.0,0.0,0.0,4.0,38.0,20.0,8.0,7.0,1.0,3.0
goodwjo01,Jordan Goodwin,6,4,14.0,36.0,3.0,4.0,5.0,36.0,19.0,5.0,6.0,1.0,6.0
goodwjo01,Jordan Goodwin,7,2,9.0,23.0,0.0,0.0,4.0,22.0,6.0,7.0,3.0,0.0,1.0
goodwjo01,Jordan Goodwin,8,3,12.0,27.0,0.0,0.0,5.0,29.0,9.0,4.0,5.0,0.0,5.0
goodwjo01,Jordan Goodwin,9,2,6.0,20.0,2.0,4.0,4.0,18.0,7.0,4.0,3.0,2.0,1.0
goodwjo01,Jordan Goodwin,10,3,9.0,28.0,6.0,6.0,4.0,28.0,16.0,9.0,4.0,0.0,6.0
goodwjo01,Jordan Goodwin,11,4,18.0,44.0,4.0,5.0,11.0,51.0,28.0,9.0,4.0,0.0,4.0
goodwjo01,Jordan Goodwin,12,4,12.0,39.0,1.0,3.0,7.0,32.0,21.0,12.0,5.0,1.0,5.0
goodwjo01,Jordan Goodwin,13,3,9.0,19.0,1.0,2.0,3.0,22.0,19.0,7.0,6.0,2.0,1.0
goodwjo01,Jordan Goodwin,14,4,9.0,22.0,2.0,2.0,2.0,22.0,14.0,11.0,3.0,2.0,2.0
goodwjo01,Jordan Goodwin,15,4,13.0,30.0,0.0,0.0,9.0,35.0,24.0,8.0,8.0,0.0,5.0
goodwjo01,Jordan Goodwin,16,3,10.0,22.0,4.0,7.0,5.0,29.0,15.0,5.0,8.0,0.0,0.0
goodwjo01,Jordan Goodwin,17,2,8.0,20.0,0.0,0.0,4.0,20.0,7.0,7.0,3.0,1.0,1.0
goodwjo01,Jordan Goodwin,18,2,10.0,22.0,2.0,2.0,5.0,27.0,10.0,2.0,2.0,0.0,0.0
goodwjo01,Jordan Goodwin,21,3,8.0,13.0,1.0,1.0,3.0,20.0,9.0,3.0,1.0,1.0,1.0
goodwjo01,Jordan Goodwin,22,5,14.0,40.0,4.0,7.0,7.0,39.0,35.0,10.0,10.0,0.0,6.0
goodwjo01,Jordan Goodwin,23,2,6.0,15.0,0.0,0.0,3.0,15.0,17.0,3.0,4.0,0.0,2.0
goodwjo01,Jordan Goodwin,24,4,11.0,24.0,3.0,5.0,8.0,33.0,17.0,11.0,8.0,2.0,5.0
goodwjo01,Jordan Goodwin,25,2,7.0,14.0,0.0,0.0,6.0,20.0,7.0,3.0,3.0,0.0,1.0
giddejo01,Josh Giddey,1,2,12.0,30.0,13.0,17.0,3.0,40.0,13.0,14.0,1.0,1.0,8.0
giddejo01,Josh Giddey,2,4,36.0,68.0,13.0,19.0,8.0,93.0,43.0,38.0,4.0,1.0,12.0
giddejo01,Josh Giddey,3,3,21.0,51.0,14.0,17.0,4.0,60.0,31.0,32.0,4.0,1.0,11.0
giddejo01,Josh Giddey,4,1,9.0,21.0,6.0,7.0,2.0,26.0,13.0,13.0,2.0,2.0,6.0
giddejo01,Josh Giddey,5,4,22.0,47.0,18.0,25.0,5.0,67.0,42.0,39.0,4.0,2.0,12.0
giddejo01,Josh Giddey,6,3,21.0,41.0,12.0,17.0,9.0,63.0,29.0,22.0,1.0,0.0,8.0
giddejo01,Josh Giddey,7,4,26.0,52.0,18.0,25.0,7.0,77.0,30.0,28.0,5.0,3.0,20.0
giddejo01,Josh Giddey,8,2,14.0,27.0,6.0,6.0,3.0,37.0,14.0,16.0,1.0,0.0,8.0
giddejo01,Josh Giddey,9,3,21.0,45.0,7.0,10.0,10.0,59.0,26.0,30.0,5.0,1.0,6.0
giddejo01,Josh Giddey,10,3,15.0,37.0,10.0,12.0,4.0,44.0,24.0,35.0,1.0,0.0,16.0
giddejo01,Josh Giddey,11,1,3.0,10.0,4.0,4.0,1.0,11.0,4.0,3.0,0.0,0.0,1.0
giddejo01,Josh Giddey,14,2,8.0,19.0,9.0,11.0,0.0,25.0,14.0,15.0,2.0,0.0,7.0
giddejo01,Josh Giddey,15,2,9.0,22.0,8.0,8.0,3.0,29.0,10.0,14.0,1.0,0.0,6.0
giddejo01,Josh Giddey,18,3,13.0,33.0,7.0,12.0,5.0,38.0,12.0,14.0,4.0,2.0,11.0
giddejo01,Josh Giddey,19,3,16.0,34.0,4.0,5.0,7.0,43.0,22.0,24.0,5.0,1.0,13.0
giddejo01,Josh Giddey,20,2,11.0,25.0,2.0,3.0,5.0,29.0,21.0,19.0,2.0,2.0,7.0
giddejo01,Josh Giddey,21,3,25.0,53.0,4.0,6.0,14.0,68.0,32.0,42.0,4.0,1.0,13.0
giddejo01,Josh Giddey,22,3,14.0,36.0,2.0,3.0,4.0,34.0,21.0,35.0,5.0,2.0,10.0
giddejo01,Josh Giddey,23,4,19.0,49.0,16.0,17.0,7.0,61.0,36.0,46.0,4.0,5.0,16.0
giddejo01,Josh Giddey,24,2,6.0,17.0,1.0,4.0,2.0,15.0,12.0,15.0,0.0,3.0,6.0
hartjo01,Josh Hart,1,2,3.0,13.0,2.0,4.0,0.0,8.0,19.0,8.0,1.0,0.0,3.0
hartjo01,Josh Hart,2,3,6.0,16.0,3.0,3.0,2.0,17.0,14.0,8.0,3.0,0.0,6.0
hartjo01,Josh Hart,3,3,17.0,26.0,0.0,0.0,7.0,41.0,22.0,11.0,1.0,0.0,3.0
hartjo01,Josh Hart,4,3,11.0,25.0,5.0,6.0,3.0,30.0,19.0,20.0,4.0,1.0,7.0
hartjo01,Josh Hart,5,3,16.0,30.0,6.0,8.0,4.0,42.0,20.0,16.0,3.0,2.0,9.0
hartjo01,Josh Hart,6,4,24.0,45.0,11.0,13.0,9.0,68.0,47.0,28.0,11.0,2.0,10.0
hartjo01,Josh Hart,7,4,21.0,41.0,9.0,10.0,8.0,59.0,33.0,19.0,5.0,2.0,6.0
hartjo01,Josh Hart,8,2,14.0,23.0,1.0,1.0,4.0,33.0,12.0,10.0,5.0,1.0,6.0
hartjo01,Josh Hart,9,2,7.0,17.0,0.0,0.0,4.0,18.0,20.0,11.0,3.0,0.0,3.0
hartjo01,Josh Hart,10,2,10.0,23.0,4.0,4.0,3.0,27.0,20.0,11.0,2.0,0.0,7.0
hartjo01,Josh Hart,12,1,7.0,15.0,1.0,2.0,3.0,18.0,3.0,6.0,2.0,1.0,4.0
hartjo01,Josh Hart,13,2,5.0,14.0,3.0,6.0,2.0,15.0,10.0,15.0,0.0,1.0,3.0
hartjo01,Josh Hart,14,3,12.0,20.0,1.0,5.0,4.0,29.0,28.0,13.0,1.0,1.0,5.0
hartjo01,Josh Hart,15,4,26.0,45.0,9.0,12.0,8.0,69.0,24.0,17.0,7.0,2.0,8.0
hartjo01,Josh Hart,16,3,10.0,24.0,4.0,6.0,4.0,28.0,19.0,12.0,0.0,0.0,2.0
hartjo01,Josh Hart,17,2,7.0,17.0,4.0,5.0,3.0,21.0,18.0,20.0,3.0,1.0,4.0
hartjo01,Josh Hart,18,3,10.0,20.0,3.0,6.0,1.0,24.0,19.0,14.0,1.0,0.0,7.0
hartjo01,Josh Hart,19,3,12.0,36.0,3.0,4.0,5.0,32.0,19.0,17.0,3.0,1.0,5.0
hartjo01,Josh Hart,20,4,22.0,38.0,2.0,6.0,2.0,48.0,30.0,14.0,5.0,2.0,5.0
hartjo01,Josh Hart,21,2,8.0,13.0,1.0,1.0,2.0,19.0,25.0,8.0,0.0,0.0,4.0
hartjo01,Josh Hart,22,2,17.0,22.0,7.0,8.0,8.0,49.0,13.0,9.0,4.0,0.0,4.0
hartjo01,Josh Hart,23,3,15.0,28.0,4.0,5.0,7.0,41.0,21.0,10.0,7.0,0.0,3.0
hartjo01,Josh Hart,24,3,10.0,21.0,3.0,4.0,2.0,25.0,22.0,12.0,1.0,0.0,7.0
hartjo01,Josh Hart,25,3,11.0,20.0,4.0,6.0,5.0,31.0,10.0,8.0,3.0,0.0,7.0
holidjr01,Jrue Holiday,1,3,17.0,41.0,7.0,9.0,6.0,47.0,17.0,25.0,4.0,0.0,10.0
holidjr01,Jrue Holiday,2,3,24.0,44.0,5.0,6.0,9.0,62.0,13.0,27.0,5.0,2.0,8.0
holidjr01,Jrue Holiday,3,3,17.0,46.0,5.0,6.0,9.0,48.0,18.0,22.0,6.0,0.0,9.0
holidjr01,Jrue Holiday,4,3,16.0,35.0,4.0,4.0,7.0,43.0,15.0,25.0,4.0,1.0,8.0
holidjr01,Jrue Holiday,12,1,2.0,7.0,2.0,2.0,2.0,8.0,2.0,4.0,1.0,0.0,1.0
holidjr01,Jrue Holiday,13,3,13.0,31.0,3.0,5.0,4.0,33.0,15.0,11.0,3.0,0.0,6.0
holidjr01,Jrue Holiday,14,2,15.0,27.0,0.0,0.0,6.0,36.0,3.0,14.0,0.0,0.0,1.0
holidjr01,Jrue Holiday,15,3,9.0,32.0,2.0,5.0,4.0,24.0,12.0,12.0,4.0,0.0,9.0
holidjr01,Jrue Holiday,16,3,20.0,37.0,10.0,11.0,6.0,56.0,11.0,16.0,5.0,0.0,9.0
holidjr01,Jrue Holiday,17,3,24.0,46.0,8.0,10.0,11.0,67.0,21.0,19.0,1.0,0.0,10.0
holidjr01,Jrue Holiday,18,2,9.0,22.0,3.0,3.0,4.0,25.0,7.0,9.0,2.0,0.0,9.0
holidjr01,Jrue Holiday,19,4,31.0,63.0,10.0,10.0,8.0,80.0,17.0,19.0,5.0,0.0,15.0
holidjr01,Jrue Holiday,20,3,28.0,47.0,5.0,7.0,15.0,76.0,12.0,24.0,2.0,1.0,9.0
holidjr01,Jrue Holiday,21,3,14.0,33.0,1.0,2.0,5.0,34.0,11.0,15.0,2.0,1.0,7.0
holidjr01,Jrue Holiday,22,4,18.0,53.0,3.0,4.0,8.0,47.0,17.0,28.0,4.0,0.0,4.0
holidjr01,Jrue Holiday,23,4,20.0,42.0,7.0,7.0,11.0,58.0,17.0,17.0,2.0,0.0,14.0
holidjr01,Jrue Holiday,24,2,20.0,43.0,3.0,3.0,14.0,57.0,11.0,11.0,3.0,0.0,7.0
holidjr01,Jrue Holiday,25,4,23.0,60.0,10.0,11.0,8.0,64.0,26.0,24.0,1.0,1.0,10.0
champju02,Julian Champagnie,1,3,8.0,16.0,4.0,6.0,5.0,25.0,19.0,7.0,2.0,0.0,2.0
champju02,Julian Champagnie,2,3,6.0,17.0,6.0,7.0,2.0,20.0,19.0,4.0,4.0,2.0,3.0
champju02,Julian Champagnie,3,3,15.0,35.0,9.0,13.0,11.0,50.0,15.0,3.0,5.0,1.0,7.0
champju02,Julian Champagnie,4,4,10.0,26.0,3.0,3.0,9.0,32.0,9.0,2.0,4.0,1.0,6.0
champju02,Julian Champagnie,5,3,13.0,33.0,4.0,5.0,9.0,39.0,17.0,6.0,1.0,1.0,3.0
champju02,Julian Champagnie,6,3,12.0,31.0,12.0,12.0,6.0,42.0,25.0,5.0,2.0,4.0,2.0
champju02,Julian Champagnie,7,3,12.0,26.0,1.0,1.0,7.0,32.0,15.0,3.0,3.0,1.0,2.0
champju02,Julian Champagnie,8,3,12.0,22.0,4.0,4.0,8.0,36.0,21.0,7.0,3.0,2.0,2.0
champju02,Julian Champagnie,9,3,7.0,22.0,0.0,0.0,7.0,21.0,14.0,6.0,3.0,0.0,2.0
champju02,Julian Champagnie,10,3,4.0,18.0,0.0,0.0,0.0,8.0,20.0,1.0,2.0,2.0,4.0
champju02,Julian Champagnie,11,4,23.0,48.0,8.0,9.0,18.0,72.0,30.0,5.0,2.0,1.0,3.0
champju02,Julian Champagnie,12,4,19.0,43.0,12.0,14.0,10.0,60.0,40.0,9.0,3.0,1.0,5.0
champju02,Julian Champagnie,13,3,10.0,23.0,5.0,9.0,8.0,33.0,22.0,4.0,2.0,1.0,5.0
champju02,Julian Champagnie,14,4,22.0,47.0,9.0,9.0,17.0,70.0,19.0,6.0,3.0,1.0,1.0
champju02,Julian Champagnie,15,3,8.0,18.0,4.0,4.0,6.0,26.0,16.0,2.0,0.0,2.0,1.0
champju02,Julian Champagnie,16,3,9.0,20.0,4.0,4.0,5.0,27.0,14.0,4.0,2.0,1.0,3.0
champju02,Julian Champagnie,17,2,2.0,10.0,3.0,4.0,1.0,8.0,5.0,3.0,1.0,1.0,1.0
champju02,Julian Champagnie,18,2,5.0,10.0,3.0,3.0,3.0,16.0,10.0,4.0,1.0,0.0,0.0
champju02,Julian Champagnie,19,4,20.0,38.0,1.0,1.0,15.0,56.0,18.0,9.0,6.0,5.0,2.0
champju02,Julian Champagnie,20,4,18.0,34.0,8.0,12.0,13.0,57.0,28.0,8.0,2.0,1.0,3.0
champju02,Julian Champagnie,21,3,7.0,22.0,0.0,0.0,3.0,17.0,16.0,3.0,2.0,1.0,2.0
champju02,Julian Champagnie,22,4,17.0,34.0,5.0,5.0,9.0,48.0,18.0,6.0,3.0,3.0,7.0
champju02,Julian Champagnie,23,3,9.0,22.0,3.0,3.0,6.0,27.0,17.0,2.0,3.0,1.0,1.0
champju02,Julian Champagnie,24,4,21.0,47.0,3.0,4.0,14.0,59.0,24.0,11.0,2.0,0.0,2.0
champju02,Julian Champagnie,25,4,12.0,27.0,3.0,3.0,3.0,30.0,24.0,7.0,1.0,5.0,1.0
reeseju01,Julian Reese,20,4,11.0,20.0,12.0,16.0,0.0,34.0,41.0,8.0,5.0,2.0,9.0
reeseju01,Julian Reese,22,1,5.0,7.0,2.0,2.0,0.0,12.0,6.0,1.0,0.0,0.0,3.0
reeseju01,Julian Reese,23,2,16.0,28.0,2.0,6.0,0.0,34.0,30.0,4.0,2.0,1.0,7.0
reeseju01,Julian Reese,24,2,8.0,18.0,1.0,5.0,0.0,17.0,25.0,3.0,3.0,0.0,4.0
reeseju01,Julian Reese,25,4,23.0,46.0,11.0,15.0,0.0,57.0,35.0,8.0,8.0,5.0,9.0
randlju01,Julius Randle,1,3,27.0,47.0,14.0,19.0,8.0,76.0,20.0,18.0,3.0,1.0,6.0
randlju01,Julius Randle,2,3,30.0,54.0,19.0,21.0,8.0,87.0,19.0,13.0,4.0,1.0,7.0
randlju01,Julius Randle,3,4,32.0,61.0,20.0,21.0,5.0,89.0,32.0,30.0,4.0,1.0,15.0
randlju01,Julius Randle,4,3,25.0,49.0,25.0,29.0,4.0,79.0,25.0,20.0,6.0,0.0,6.0
randlju01,Julius Randle,5,3,21.0,48.0,18.0,27.0,4.0,64.0,21.0,12.0,2.0,0.0,7.0
randlju01,Julius Randle,6,4,22.0,54.0,13.0,17.0,8.0,65.0,33.0,27.0,4.0,1.0,13.0
randlju01,Julius Randle,7,3,21.0,47.0,23.0,24.0,3.0,68.0,17.0,15.0,0.0,0.0,8.0
randlju01,Julius Randle,8,3,23.0,46.0,20.0,25.0,6.0,72.0,22.0,17.0,3.0,0.0,7.0
randlju01,Julius Randle,9,3,16.0,45.0,18.0,25.0,2.0,52.0,20.0,10.0,5.0,0.0,8.0
randlju01,Julius Randle,10,3,27.0,56.0,13.0,14.0,3.0,70.0,16.0,20.0,6.0,1.0,8.0
randlju01,Julius Randle,11,4,32.0,56.0,11.0,16.0,6.0,81.0,25.0,24.0,3.0,0.0,4.0
randlju01,Julius Randle,12,4,28.0,59.0,17.0,24.0,5.0,78.0,34.0,21.0,2.0,1.0,10.0
randlju01,Julius Randle,13,3,30.0,56.0,19.0,22.0,6.0,85.0,22.0,9.0,4.0,3.0,9.0
randlju01,Julius Randle,14,3,20.0,44.0,16.0,19.0,4.0,60.0,14.0,15.0,6.0,1.0,9.0
randlju01,Julius Randle,15,4,35.0,67.0,12.0,12.0,7.0,89.0,24.0,18.0,7.0,1.0,13.0
randlju01,Julius Randle,16,4,27.0,64.0,20.0,24.0,3.0,77.0,28.0,21.0,0.0,2.0,7.0
randlju01,Julius Randle,17,2,22.0,38.0,10.0,11.0,5.0,59.0,19.0,12.0,3.0,1.0,7.0
randlju01,Julius Randle,18,2,9.0,25.0,11.0,14.0,2.0,31.0,8.0,6.0,2.0,1.0,7.0
randlju01,Julius Randle,19,3,11.0,31.0,8.0,11.0,1.0,31.0,19.0,19.0,2.0,1.0,7.0
randlju01,Julius Randle,20,3,18.0,40.0,17.0,22.0,1.0,54.0,28.0,9.0,3.0,0.0,11.0
randlju01,Julius Randle,21,4,24.0,50.0,15.0,17.0,4.0,67.0,24.0,13.0,2.0,1.0,11.0
randlju01,Julius Randle,22,4,26.0,57.0,25.0,33.0,4.0,81.0,22.0,18.0,10.0,0.0,15.0
randlju01,Julius Randle,23,2,13.0,40.0,9.0,11.0,0.0,35.0,14.0,10.0,2.0,1.0,9.0
randlju01,Julius Randle,24,4,36.0,60.0,19.0,32.0,7.0,98.0,24.0,17.0,3.0,0.0,12.0
randlju01,Julius Randle,25,1,5.0,13.0,6.0,6.0,3.0,19.0,2.0,4.0,0.0,0.0,1.0
champju01,Justin Champagnie,1,2,0.0,4.0,4.0,4.0,0.0,4.0,6.0,1.0,0.0,0.0,0.0
champju01,Justin Champagnie,2,3,1.0,4.0,0.0,0.0,0.0,2.0,4.0,0.0,0.0,0.0,0.0
champju01,Justin Champagnie,3,4,6.0,13.0,8.0,9.0,2.0,22.0,23.0,3.0,4.0,0.0,2.0
champju01,Justin Champagnie,4,3,1.0,4.0,2.0,4.0,0.0,4.0,1.0,0.0,0.0,0.0,0.0
champju01,Justin Champagnie,5,2,4.0,9.0,1.0,1.0,0.0,9.0,8.0,6.0,4.0,1.0,1.0
champju01,Justin Champagnie,6,2,2.0,4.0,0.0,0.0,0.0,4.0,7.0,1.0,2.0,1.0,0.0
champju01,Justin Champagnie,7,4,17.0,32.0,10.0,11.0,4.0,48.0,27.0,7.0,4.0,6.0,4.0
champju01,Justin Champagnie,8,2,7.0,17.0,0.0,0.0,2.0,16.0,21.0,1.0,3.0,1.0,0.0
champju01,Justin Champagnie,9,3,5.0,15.0,3.0,8.0,1.0,14.0,23.0,5.0,1.0,2.0,2.0
champju01,Justin Champagnie,10,3,11.0,19.0,2.0,2.0,4.0,28.0,28.0,2.0,2.0,2.0,2.0
champju01,Justin Champagnie,11,4,21.0,36.0,3.0,7.0,4.0,49.0,28.0,2.0,4.0,5.0,2.0
champju01,Justin Champagnie,12,4,18.0,32.0,3.0,4.0,4.0,43.0,23.0,9.0,2.0,3.0,4.0
champju01,Justin Champagnie,13,3,16.0,29.0,1.0,1.0,2.0,35.0,24.0,4.0,3.0,1.0,3.0
champju01,Justin Champagnie,14,3,11.0,16.0,2.0,2.0,3.0,27.0,17.0,6.0,5.0,2.0,5.0
champju01,Justin Champagnie,15,3,9.0,19.0,2.0,4.0,2.0,22.0,13.0,2.0,2.0,1.0,2.0
champju01,Justin Champagnie,16,4,15.0,36.0,15.0,17.0,5.0,50.0,27.0,4.0,1.0,4.0,4.0
champju01,Justin Champagnie,17,1,5.0,9.0,0.0,0.0,2.0,12.0,8.0,2.0,3.0,0.0,1.0
champju01,Justin Champagnie,18,1,0.0,1.0,0.0,0.0,0.0,0.0,7.0,1.0,0.0,0.0,2.0
champju01,Justin Champagnie,19,3,15.0,30.0,5.0,6.0,5.0,40.0,9.0,3.0,3.0,4.0,0.0
champju01,Justin Champagnie,20,2,11.0,16.0,1.0,1.0,2.0,25.0,10.0,3.0,4.0,4.0,2.0
champju01,Justin Champagnie,21,3,12.0,22.0,6.0,7.0,0.0,30.0,13.0,4.0,4.0,0.0,2.0
champju01,Justin Champagnie,22,2,7.0,14.0,4.0,4.0,3.0,21.0,10.0,3.0,1.0,1.0,1.0
champju01,Justin Champagnie,23,2,7.0,16.0,1.0,1.0,1.0,16.0,4.0,4.0,0.0,1.0,2.0
champju01,Justin Champagnie,24,3,19.0,31.0,7.0,9.0,2.0,47.0,21.0,4.0,3.0,2.0,0.0
champju01,Justin Champagnie,25,3,12.0,34.0,0.0,0.0,5.0,29.0,22.0,7.0,4.0,2.0,4.0
nurkiju01,Jusuf Nurkić,1,2,6.0,16.0,0.0,0.0,0.0,12.0,15.0,5.0,3.0,0.0,2.0
nurkiju01,Jusuf Nurkić,2,4,10.0,25.0,8.0,12.0,2.0,30.0,32.0,10.0,6.0,1.0,15.0
nurkiju01,Jusuf Nurkić,3,3,8.0,23.0,4.0,6.0,0.0,20.0,32.0,12.0,5.0,3.0,7.0
nurkiju01,Jusuf Nurkić,4,4,11.0,30.0,8.0,15.0,2.0,32.0,45.0,20.0,9.0,2.0,11.0
nurkiju01,Jusuf Nurkić,5,3,11.0,18.0,3.0,7.0,1.0,26.0,30.0,11.0,5.0,0.0,9.0
nurkiju01,Jusuf Nurkić,6,3,14.0,21.0,1.0,2.0,2.0,31.0,26.0,20.0,3.0,2.0,7.0
nurkiju01,Jusuf Nurkić,7,3,13.0,29.0,3.0,10.0,0.0,29.0,23.0,4.0,2.0,0.0,5.0
nurkiju01,Jusuf Nurkić,8,1,6.0,9.0,1.0,3.0,0.0,13.0,17.0,7.0,1.0,1.0,1.0
nurkiju01,Jusuf Nurkić,9,2,7.0,13.0,4.0,11.0,1.0,19.0,16.0,12.0,2.0,0.0,6.0
nurkiju01,Jusuf Nurkić,10,3,18.0,31.0,8.0,12.0,5.0,49.0,32.0,17.0,1.0,2.0,8.0
nurkiju01,Jusuf Nurkić,11,1,10.0,11.0,4.0,5.0,2.0,26.0,8.0,8.0,0.0,0.0,3.0
nurkiju01,Jusuf Nurkić,12,2,15.0,28.0,4.0,5.0,2.0,36.0,27.0,9.0,5.0,1.0,3.0
nurkiju01,Jusuf Nurkić,13,1,4.0,9.0,2.0,2.0,1.0,11.0,17.0,3.0,3.0,2.0,1.0
nurkiju01,Jusuf Nurkić,14,4,31.0,60.0,4.0,8.0,4.0,70.0,48.0,41.0,3.0,3.0,8.0
nurkiju01,Jusuf Nurkić,15,2,7.0,18.0,6.0,9.0,2.0,22.0,18.0,6.0,2.0,3.0,9.0
nurkiju01,Jusuf Nurkić,16,1,1.0,2.0,1.0,2.0,0.0,3.0,14.0,6.0,1.0,1.0,4.0
nurkiju01,Jusuf Nurkić,17,2,8.0,15.0,1.0,4.0,1.0,18.0,25.0,5.0,1.0,1.0,2.0
townska01,Karl-Anthony Towns,1,3,17.0,42.0,19.0,23.0,7.0,60.0,42.0,7.0,2.0,3.0,11.0
townska01,Karl-Anthony Towns,2,3,13.0,37.0,21.0,21.0,3.0,50.0,37.0,10.0,1.0,4.0,6.0
townska01,Karl-Anthony Towns,3,3,27.0,52.0,18.0,19.0,4.0,76.0,35.0,11.0,4.0,2.0,9.0
townska01,Karl-Anthony Towns,4,3,26.0,58.0,13.0,16.0,10.0,75.0,36.0,12.0,5.0,2.0,4.0
townska01,Karl-Anthony Towns,5,3,19.0,49.0,22.0,27.0,4.0,64.0,37.0,11.0,2.0,1.0,11.0
townska01,Karl-Anthony Towns,6,4,30.0,56.0,22.0,25.0,5.0,87.0,40.0,12.0,1.0,3.0,10.0
townska01,Karl-Anthony Towns,7,3,30.0,53.0,13.0,14.0,9.0,82.0,34.0,11.0,3.0,1.0,6.0
townska01,Karl-Anthony Towns,8,2,13.0,22.0,14.0,16.0,3.0,43.0,24.0,3.0,2.0,3.0,1.0
townska01,Karl-Anthony Towns,9,2,8.0,20.0,7.0,11.0,1.0,24.0,17.0,3.0,2.0,0.0,6.0
townska01,Karl-Anthony Towns,10,3,27.0,52.0,27.0,31.0,6.0,87.0,42.0,3.0,3.0,0.0,9.0
townska01,Karl-Anthony Towns,11,3,15.0,35.0,21.0,22.0,4.0,55.0,33.0,10.0,3.0,2.0,5.0
townska01,Karl-Anthony Towns,12,4,21.0,46.0,14.0,19.0,5.0,61.0,35.0,16.0,1.0,3.0,15.0
townska01,Karl-Anthony Towns,13,3,18.0,44.0,12.0,14.0,5.0,53.0,35.0,5.0,7.0,2.0,8.0
townska01,Karl-Anthony Towns,14,3,16.0,31.0,9.0,13.0,5.0,46.0,32.0,8.0,2.0,2.0,9.0
townska01,Karl-Anthony Towns,15,4,18.0,49.0,10.0,12.0,4.0,50.0,66.0,13.0,2.0,2.0,7.0
townska01,Karl-Anthony Towns,16,3,19.0,38.0,13.0,16.0,3.0,54.0,37.0,5.0,3.0,0.0,5.0
townska01,Karl-Anthony Towns,17,2,16.0,30.0,9.0,10.0,2.0,43.0,25.0,8.0,1.0,1.0,7.0
townska01,Karl-Anthony Towns,18,3,27.0,46.0,11.0,12.0,9.0,74.0,29.0,7.0,5.0,0.0,7.0
townska01,Karl-Anthony Towns,19,3,16.0,27.0,9.0,11.0,2.0,43.0,34.0,4.0,2.0,2.0,10.0
townska01,Karl-Anthony Towns,20,4,32.0,54.0,13.0,15.0,3.0,80.0,58.0,11.0,3.0,2.0,6.0
townska01,Karl-Anthony Towns,21,3,28.0,42.0,11.0,14.0,6.0,73.0,31.0,16.0,1.0,2.0,8.0
townska01,Karl-Anthony Towns,22,3,25.0,50.0,20.0,23.0,4.0,74.0,42.0,6.0,5.0,1.0,7.0
townska01,Karl-Anthony Towns,23,3,18.0,34.0,10.0,10.0,3.0,49.0,35.0,5.0,1.0,0.0,7.0
townska01,Karl-Anthony Towns,24,2,15.0,29.0,10.0,13.0,2.0,42.0,19.0,14.0,0.0,1.0,8.0
townska01,Karl-Anthony Towns,25,3,23.0,36.0,9.0,9.0,4.0,59.0,34.0,15.0,4.0,1.0,5.0
leonaka01,Kawhi Leonard,1,3,25.0,51.0,11.0,12.0,6.0,67.0,19.0,11.0,4.0,2.0,6.0
leonaka01,Kawhi Leonard,2,2,18.0,33.0,10.0,10.0,6.0,52.0,11.0,6.0,7.0,0.0,3.0
leonaka01,Kawhi Leonard,3,1,10.0,21.0,5.0,5.0,2.0,27.0,4.0,4.0,4.0,2.0,2.0
leonaka01,Kawhi Leonard,5,1,6.0,13.0,5.0,5.0,3.0,20.0,3.0,2.0,3.0,0.0,4.0
leonaka01,Kawhi Leonard,6,3,31.0,58.0,19.0,19.0,7.0,88.0,16.0,6.0,2.0,0.0,6.0
leonaka01,Kawhi Leonard,7,4,37.0,82.0,19.0,20.0,8.0,101.0,24.0,13.0,6.0,1.0,5.0
leonaka01,Kawhi Leonard,8,1,9.0,22.0,3.0,3.0,3.0,24.0,9.0,4.0,5.0,1.0,1.0
leonaka01,Kawhi Leonard,9,3,26.0,59.0,18.0,18.0,5.0,75.0,24.0,12.0,5.0,2.0,8.0
leonaka01,Kawhi Leonard,10,3,40.0,69.0,33.0,34.0,11.0,124.0,27.0,13.0,8.0,4.0,9.0
leonaka01,Kawhi Leonard,11,3,33.0,65.0,21.0,24.0,13.0,100.0,15.0,11.0,8.0,4.0,5.0
leonaka01,Kawhi Leonard,12,4,37.0,73.0,16.0,20.0,11.0,101.0,28.0,15.0,11.0,3.0,13.0
leonaka01,Kawhi Leonard,13,2,20.0,41.0,16.0,17.0,12.0,68.0,8.0,7.0,4.0,0.0,2.0
leonaka01,Kawhi Leonard,14,2,18.0,36.0,11.0,12.0,5.0,52.0,10.0,6.0,2.0,1.0,3.0
leonaka01,Kawhi Leonard,15,3,26.0,56.0,10.0,15.0,5.0,67.0,18.0,15.0,2.0,1.0,6.0
leonaka01,Kawhi Leonard,16,4,45.0,90.0,26.0,30.0,10.0,126.0,28.0,19.0,10.0,0.0,10.0
leonaka01,Kawhi Leonard,17,2,16.0,39.0,16.0,18.0,3.0,51.0,20.0,7.0,5.0,0.0,5.0
leonaka01,Kawhi Leonard,18,3,33.0,62.0,18.0,22.0,7.0,91.0,16.0,12.0,3.0,2.0,10.0
leonaka01,Kawhi Leonard,19,1,8.0,18.0,6.0,7.0,1.0,23.0,3.0,5.0,1.0,0.0,2.0
leonaka01,Kawhi Leonard,20,4,37.0,67.0,29.0,32.0,7.0,110.0,30.0,11.0,8.0,0.0,3.0
leonaka01,Kawhi Leonard,21,4,46.0,84.0,29.0,35.0,12.0,133.0,22.0,16.0,7.0,0.0,7.0
leonaka01,Kawhi Leonard,22,2,21.0,34.0,8.0,8.0,9.0,59.0,11.0,6.0,4.0,1.0,6.0
leonaka01,Kawhi Leonard,23,4,38.0,79.0,17.0,19.0,10.0,103.0,27.0,11.0,6.0,2.0,6.0
leonaka01,Kawhi Leonard,24,3,26.0,49.0,14.0,15.0,7.0,73.0,20.0,11.0,3.0,1.0,4.0
leonaka01,Kawhi Leonard,25,3,29.0,57.0,11.0,16.0,9.0,78.0,20.0,11.0,3.0,0.0,7.0
murrake02,Keegan Murray,5,2,12.0,27.0,2.0,2.0,4.0,30.0,8.0,2.0,2.0,1.0,1.0
murrake02,Keegan Murray,6,4,31.0,65.0,12.0,15.0,6.0,80.0,34.0,9.0,11.0,7.0,0.0
murrake02,Keegan Murray,7,2,8.0,22.0,2.0,4.0,3.0,21.0,15.0,2.0,3.0,4.0,4.0
murrake02,Keegan Murray,8,3,13.0,35.0,4.0,7.0,3.0,33.0,25.0,4.0,2.0,7.0,7.0
murrake02,Keegan Murray,9,3,24.0,50.0,6.0,6.0,4.0,58.0,13.0,4.0,3.0,4.0,5.0
murrake02,Keegan Murray,10,1,1.0,4.0,0.0,0.0,0.0,2.0,1.0,1.0,1.0,2.0,0.0
murrake02,Keegan Murray,11,4,22.0,56.0,4.0,4.0,5.0,53.0,20.0,7.0,1.0,5.0,5.0
murrake02,Keegan Murray,18,2,13.0,29.0,4.0,5.0,5.0,35.0,10.0,4.0,1.0,2.0,4.0
murrake02,Keegan Murray,19,2,2.0,12.0,4.0,6.0,1.0,9.0,6.0,5.0,0.0,4.0,1.0
wareke01,Kel'el Ware,1,3,13.0,21.0,2.0,2.0,3.0,31.0,21.0,1.0,3.0,2.0,4.0
wareke01,Kel'el Ware,2,3,7.0,20.0,4.0,5.0,3.0,21.0,20.0,4.0,1.0,2.0,4.0
wareke01,Kel'el Ware,3,4,17.0,35.0,6.0,9.0,5.0,45.0,36.0,1.0,6.0,9.0,4.0
wareke01,Kel'el Ware,4,3,18.0,29.0,6.0,7.0,2.0,44.0,43.0,3.0,3.0,5.0,1.0
wareke01,Kel'el Ware,5,4,25.0,47.0,10.0,12.0,3.0,63.0,60.0,2.0,5.0,4.0,2.0
wareke01,Kel'el Ware,6,3,17.0,29.0,5.0,5.0,4.0,43.0,34.0,0.0,3.0,5.0,6.0
wareke01,Kel'el Ware,7,4,11.0,21.0,5.0,6.0,4.0,31.0,33.0,3.0,3.0,5.0,6.0
wareke01,Kel'el Ware,8,1,1.0,1.0,2.0,2.0,0.0,4.0,6.0,0.0,0.0,1.0,0.0
wareke01,Kel'el Ware,9,4,30.0,45.0,8.0,10.0,12.0,80.0,58.0,3.0,1.0,7.0,4.0
wareke01,Kel'el Ware,10,3,16.0,29.0,0.0,0.0,4.0,36.0,29.0,0.0,6.0,2.0,3.0
wareke01,Kel'el Ware,11,4,20.0,38.0,5.0,6.0,5.0,50.0,42.0,2.0,3.0,4.0,3.0
wareke01,Kel'el Ware,12,3,8.0,20.0,0.0,0.0,1.0,17.0,15.0,2.0,1.0,1.0,3.0
wareke01,Kel'el Ware,13,3,8.0,22.0,0.0,0.0,4.0,20.0,19.0,1.0,2.0,1.0,1.0
wareke01,Kel'el Ware,14,1,7.0,10.0,0.0,0.0,1.0,15.0,4.0,2.0,0.0,0.0,1.0
wareke01,Kel'el Ware,15,4,15.0,28.0,1.0,2.0,4.0,35.0,15.0,4.0,0.0,3.0,1.0
wareke01,Kel'el Ware,16,3,13.0,28.0,2.0,4.0,2.0,30.0,27.0,1.0,1.0,1.0,1.0
wareke01,Kel'el Ware,17,2,10.0,21.0,1.0,2.0,3.0,24.0,18.0,0.0,2.0,2.0,2.0
wareke01,Kel'el Ware,18,2,11.0,24.0,0.0,0.0,3.0,25.0,27.0,1.0,1.0,0.0,0.0
wareke01,Kel'el Ware,19,3,13.0,25.0,3.0,4.0,3.0,32.0,29.0,1.0,1.0,1.0,1.0
wareke01,Kel'el Ware,20,4,22.0,34.0,2.0,4.0,3.0,49.0,34.0,2.0,13.0,13.0,5.0
wareke01,Kel'el Ware,21,2,7.0,17.0,3.0,4.0,2.0,19.0,23.0,2.0,1.0,3.0,3.0
wareke01,Kel'el Ware,22,3,10.0,21.0,1.0,2.0,0.0,21.0,18.0,2.0,0.0,1.0,2.0
wareke01,Kel'el Ware,23,4,15.0,30.0,2.0,3.0,7.0,39.0,29.0,8.0,2.0,3.0,1.0
wareke01,Kel'el Ware,24,3,14.0,25.0,3.0,4.0,6.0,37.0,27.0,4.0,0.0,7.0,2.0
wareke01,Kel'el Ware,25,4,16.0,29.0,0.0,2.0,8.0,40.0,27.0,7.0,2.0,2.0,2.0
johnske04,Keldon Johnson,1,3,14.0,22.0,7.0,9.0,3.0,38.0,22.0,4.0,2.0,0.0,0.0
johnske04,Keldon Johnson,2,3,16.0,27.0,4.0,7.0,4.0,40.0,11.0,3.0,1.0,0.0,3.0
johnske04,Keldon Johnson,3,3,11.0,19.0,10.0,10.0,0.0,32.0,15.0,9.0,4.0,0.0,3.0
johnske04,Keldon Johnson,4,4,17.0,36.0,0.0,0.0,0.0,34.0,33.0,6.0,3.0,1.0,3.0
johnske04,Keldon Johnson,5,3,23.0,35.0,5.0,6.0,6.0,57.0,20.0,6.0,3.0,0.0,7.0
johnske04,Keldon Johnson,6,3,15.0,27.0,13.0,16.0,4.0,47.0,26.0,6.0,3.0,0.0,3.0
johnske04,Keldon Johnson,7,3,14.0,26.0,9.0,14.0,1.0,38.0,17.0,5.0,1.0,2.0,4.0
johnske04,Keldon Johnson,8,3,11.0,21.0,5.0,9.0,5.0,32.0,20.0,2.0,2.0,0.0,1.0
johnske04,Keldon Johnson,9,3,14.0,22.0,2.0,2.0,4.0,34.0,20.0,3.0,0.0,0.0,2.0
johnske04,Keldon Johnson,10,3,24.0,38.0,2.0,5.0,11.0,61.0,18.0,2.0,0.0,0.0,1.0
johnske04,Keldon Johnson,11,4,14.0,30.0,17.0,19.0,3.0,48.0,25.0,2.0,5.0,0.0,6.0
johnske04,Keldon Johnson,12,4,27.0,47.0,10.0,11.0,9.0,73.0,23.0,1.0,2.0,0.0,4.0
johnske04,Keldon Johnson,13,3,13.0,28.0,5.0,6.0,5.0,36.0,12.0,4.0,4.0,0.0,4.0
johnske04,Keldon Johnson,14,4,21.0,44.0,6.0,8.0,2.0,50.0,12.0,8.0,3.0,3.0,1.0
johnske04,Keldon Johnson,15,3,14.0,29.0,7.0,8.0,2.0,37.0,19.0,7.0,1.0,0.0,4.0
johnske04,Keldon Johnson,16,3,18.0,31.0,5.0,6.0,4.0,45.0,16.0,6.0,1.0,2.0,5.0
johnske04,Keldon Johnson,17,2,11.0,23.0,3.0,3.0,2.0,27.0,10.0,4.0,1.0,0.0,2.0
johnske04,Keldon Johnson,18,2,8.0,18.0,5.0,6.0,3.0,24.0,3.0,1.0,0.0,0.0,2.0
johnske04,Keldon Johnson,19,4,12.0,28.0,1.0,3.0,2.0,27.0,12.0,3.0,2.0,0.0,1.0
johnske04,Keldon Johnson,20,4,20.0,39.0,4.0,4.0,6.0,50.0,20.0,3.0,2.0,0.0,3.0
johnske04,Keldon Johnson,21,3,11.0,28.0,0.0,0.0,4.0,26.0,18.0,3.0,0.0,1.0,0.0
johnske04,Keldon Johnson,22,4,25.0,44.0,2.0,3.0,4.0,56.0,14.0,6.0,0.0,0.0,2.0
johnske04,Keldon Johnson,23,3,20.0,38.0,6.0,6.0,6.0,52.0,13.0,9.0,1.0,0.0,2.0
johnske04,Keldon Johnson,24,4,17.0,43.0,10.0,12.0,5.0,49.0,13.0,3.0,1.0,0.0,3.0
johnske04,Keldon Johnson,25,4,24.0,54.0,16.0,21.0,4.0,68.0,29.0,5.0,4.0,2.0,4.0
oubreke01,Kelly Oubre Jr.,1,2,9.0,16.0,7.0,7.0,4.0,29.0,5.0,2.0,2.0,1.0,2.0
oubreke01,Kelly Oubre Jr.,2,4,32.0,62.0,13.0,18.0,11.0,88.0,33.0,5.0,5.0,4.0,6.0
oubreke01,Kelly Oubre Jr.,3,4,27.0,55.0,7.0,9.0,8.0,69.0,15.0,8.0,4.0,5.0,7.0
oubreke01,Kelly Oubre Jr.,4,2,6.0,16.0,3.0,4.0,0.0,15.0,8.0,1.0,2.0,0.0,3.0
oubreke01,Kelly Oubre Jr.,12,3,6.0,19.0,2.0,2.0,1.0,15.0,14.0,1.0,6.0,4.0,4.0
oubreke01,Kelly Oubre Jr.,13,3,9.0,20.0,3.0,4.0,5.0,26.0,11.0,3.0,1.0,0.0,4.0
oubreke01,Kelly Oubre Jr.,14,4,29.0,53.0,9.0,16.0,12.0,79.0,16.0,12.0,6.0,2.0,4.0
oubreke01,Kelly Oubre Jr.,15,4,18.0,34.0,7.0,10.0,4.0,47.0,19.0,4.0,3.0,1.0,3.0
oubreke01,Kelly Oubre Jr.,16,4,18.0,47.0,10.0,12.0,10.0,56.0,19.0,10.0,7.0,0.0,4.0
oubreke01,Kelly Oubre Jr.,17,2,6.0,19.0,6.0,8.0,3.0,21.0,11.0,5.0,4.0,3.0,5.0
oubreke01,Kelly Oubre Jr.,18,3,16.0,41.0,21.0,26.0,7.0,60.0,13.0,7.0,8.0,1.0,4.0
oubreke01,Kelly Oubre Jr.,19,3,15.0,31.0,2.0,2.0,5.0,37.0,16.0,7.0,2.0,0.0,5.0
oubreke01,Kelly Oubre Jr.,20,1,10.0,15.0,1.0,3.0,3.0,24.0,5.0,4.0,2.0,0.0,5.0
oubreke01,Kelly Oubre Jr.,21,2,11.0,30.0,13.0,16.0,1.0,36.0,14.0,2.0,2.0,1.0,3.0
oubreke01,Kelly Oubre Jr.,23,1,3.0,5.0,2.0,3.0,1.0,9.0,5.0,0.0,1.0,0.0,1.0
oubreke01,Kelly Oubre Jr.,24,4,19.0,40.0,1.0,1.0,8.0,47.0,24.0,6.0,2.0,0.0,4.0
oubreke01,Kelly Oubre Jr.,25,4,20.0,41.0,4.0,4.0,3.0,47.0,24.0,3.0,11.0,2.0,5.0
duranke01,Kevin Durant,1,2,18.0,34.0,21.0,24.0,3.0,60.0,12.0,4.0,3.0,1.0,4.0
duranke01,Kevin Durant,2,3,25.0,44.0,20.0,24.0,6.0,76.0,15.0,5.0,3.0,4.0,7.0
duranke01,Kevin Durant,3,4,30.0,69.0,21.0,23.0,6.0,87.0,14.0,19.0,3.0,2.0,16.0
duranke01,Kevin Durant,4,3,32.0,59.0,17.0,18.0,7.0,88.0,15.0,13.0,3.0,1.0,9.0
duranke01,Kevin Durant,5,2,11.0,33.0,9.0,11.0,2.0,33.0,11.0,5.0,2.0,1.0,6.0
duranke01,Kevin Durant,6,1,10.0,14.0,2.0,2.0,3.0,25.0,7.0,4.0,3.0,1.0,1.0
duranke01,Kevin Durant,7,4,41.0,78.0,23.0,25.0,6.0,111.0,17.0,24.0,3.0,2.0,11.0
duranke01,Kevin Durant,8,1,5.0,14.0,3.0,3.0,3.0,16.0,1.0,3.0,0.0,0.0,5.0
duranke01,Kevin Durant,9,4,36.0,64.0,26.0,29.0,14.0,112.0,28.0,22.0,2.0,10.0,16.0
duranke01,Kevin Durant,10,3,27.0,46.0,16.0,17.0,7.0,77.0,13.0,16.0,1.0,4.0,9.0
duranke01,Kevin Durant,11,3,35.0,61.0,10.0,12.0,6.0,86.0,16.0,23.0,0.0,4.0,11.0
duranke01,Kevin Durant,12,4,43.0,85.0,18.0,20.0,12.0,116.0,30.0,14.0,0.0,4.0,7.0
duranke01,Kevin Durant,13,4,35.0,82.0,26.0,31.0,8.0,104.0,27.0,22.0,6.0,2.0,13.0
duranke01,Kevin Durant,14,3,31.0,52.0,12.0,14.0,12.0,86.0,18.0,13.0,2.0,3.0,12.0
duranke01,Kevin Durant,15,4,37.0,80.0,17.0,19.0,10.0,101.0,20.0,20.0,2.0,2.0,9.0
duranke01,Kevin Durant,16,3,21.0,42.0,19.0,24.0,5.0,66.0,9.0,6.0,8.0,2.0,12.0
duranke01,Kevin Durant,17,2,15.0,37.0,11.0,12.0,6.0,47.0,14.0,9.0,2.0,1.0,13.0
duranke01,Kevin Durant,18,2,24.0,46.0,11.0,12.0,6.0,65.0,14.0,7.0,1.0,3.0,5.0
duranke01,Kevin Durant,19,4,41.0,74.0,19.0,19.0,10.0,111.0,22.0,28.0,3.0,3.0,9.0
duranke01,Kevin Durant,20,4,31.0,61.0,27.0,30.0,7.0,96.0,26.0,13.0,4.0,5.0,18.0
duranke01,Kevin Durant,21,3,30.0,48.0,5.0,7.0,7.0,72.0,18.0,12.0,3.0,3.0,6.0
duranke01,Kevin Durant,22,4,33.0,59.0,12.0,14.0,10.0,88.0,17.0,15.0,4.0,2.0,14.0
duranke01,Kevin Durant,23,4,39.0,75.0,26.0,32.0,11.0,115.0,20.0,29.0,4.0,1.0,15.0
duranke01,Kevin Durant,24,4,35.0,63.0,21.0,25.0,11.0,102.0,24.0,31.0,0.0,8.0,10.0
duranke01,Kevin Durant,25,3,31.0,56.0,16.0,20.0,8.0,86.0,18.0,15.0,1.0,2.0,8.0
huertke01,Kevin Huerter,1,2,8.0,21.0,8.0,9.0,2.0,26.0,12.0,6.0,2.0,2.0,1.0
huertke01,Kevin Huerter,2,4,19.0,31.0,8.0,9.0,6.0,52.0,13.0,10.0,3.0,4.0,7.0
huertke01,Kevin Huerter,3,3,16.0,36.0,3.0,4.0,5.0,40.0,11.0,10.0,4.0,4.0,8.0
huertke01,Kevin Huerter,4,3,20.0,39.0,5.0,7.0,4.0,49.0,15.0,9.0,3.0,2.0,4.0
huertke01,Kevin Huerter,5,4,13.0,30.0,2.0,2.0,6.0,34.0,6.0,6.0,2.0,2.0,2.0
huertke01,Kevin Huerter,6,2,10.0,22.0,2.0,2.0,4.0,26.0,5.0,5.0,1.0,0.0,2.0
huertke01,Kevin Huerter,7,1,0.0,3.0,0.0,0.0,0.0,0.0,0.0,0.0,0.0,0.0,0.0
huertke01,Kevin Huerter,8,1,6.0,12.0,0.0,0.0,4.0,16.0,3.0,0.0,4.0,0.0,3.0
huertke01,Kevin Huerter,9,3,16.0,30.0,0.0,1.0,9.0,41.0,9.0,9.0,3.0,1.0,3.0
huertke01,Kevin Huerter,10,3,10.0,26.0,2.0,6.0,3.0,25.0,14.0,6.0,0.0,0.0,1.0
huertke01,Kevin Huerter,11,4,18.0,41.0,5.0,7.0,9.0,50.0,27.0,11.0,2.0,4.0,4.0
huertke01,Kevin Huerter,12,3,13.0,32.0,1.0,1.0,2.0,29.0,9.0,10.0,4.0,1.0,5.0
huertke01,Kevin Huerter,13,4,13.0,29.0,4.0,4.0,4.0,34.0,13.0,9.0,2.0,1.0,4.0
huertke01,Kevin Huerter,14,3,11.0,21.0,0.0,0.0,7.0,29.0,10.0,12.0,3.0,2.0,2.0
huertke01,Kevin Huerter,15,4,11.0,31.0,1.0,4.0,5.0,28.0,22.0,13.0,2.0,3.0,3.0
huertke01,Kevin Huerter,16,2,4.0,8.0,0.0,0.0,0.0,8.0,1.0,2.0,2.0,1.0,1.0
huertke01,Kevin Huerter,17,2,4.0,11.0,0.0,0.0,1.0,9.0,6.0,1.0,1.0,0.0,1.0
huertke01,Kevin Huerter,19,1,0.0,1.0,0.0,0.0,0.0,0.0,0.0,0.0,0.0,0.0,0.0
huertke01,Kevin Huerter,20,3,7.0,17.0,3.0,3.0,2.0,19.0,9.0,7.0,2.0,4.0,1.0
huertke01,Kevin Huerter,21,4,12.0,32.0,3.0,3.0,6.0,33.0,13.0,11.0,3.0,1.0,2.0
huertke01,Kevin Huerter,22,2,8.0,17.0,2.0,2.0,0.0,18.0,9.0,5.0,4.0,0.0,1.0
huertke01,Kevin Huerter,23,4,21.0,40.0,0.0,0.0,6.0,48.0,8.0,8.0,6.0,0.0,6.0
huertke01,Kevin Huerter,24,4,15.0,37.0,4.0,5.0,8.0,42.0,17.0,17.0,2.0,0.0,7.0
huertke01,Kevin Huerter,25,3,14.0,29.0,2.0,2.0,7.0,37.0,8.0,11.0,8.0,1.0,4.0
porteke02,Kevin Porter Jr.,1,1,3.0,5.0,2.0,2.0,2.0,10.0,0.0,2.0,1.0,0.0,0.0
porteke02,Kevin Porter Jr.,6,1,4.0,10.0,2.0,2.0,3.0,13.0,4.0,6.0,1.0,1.0,1.0
porteke02,Kevin Porter Jr.,7,4,36.0,62.0,20.0,23.0,16.0,108.0,17.0,27.0,11.0,1.0,13.0
porteke02,Kevin Porter Jr.,8,2,8.0,23.0,6.0,7.0,1.0,23.0,13.0,20.0,5.0,0.0,9.0
porteke02,Kevin Porter Jr.,9,2,15.0,35.0,11.0,13.0,5.0,46.0,14.0,22.0,5.0,2.0,13.0
porteke02,Kevin Porter Jr.,10,3,15.0,38.0,15.0,20.0,3.0,48.0,20.0,19.0,9.0,1.0,12.0
porteke02,Kevin Porter Jr.,11,4,27.0,59.0,12.0,12.0,3.0,69.0,19.0,36.0,6.0,1.0,7.0
porteke02,Kevin Porter Jr.,12,3,18.0,43.0,8.0,11.0,3.0,47.0,18.0,22.0,7.0,2.0,12.0
porteke02,Kevin Porter Jr.,13,2,5.0,20.0,1.0,2.0,2.0,13.0,5.0,10.0,3.0,1.0,5.0
porteke02,Kevin Porter Jr.,14,1,2.0,5.0,5.0,5.0,0.0,9.0,6.0,7.0,1.0,1.0,3.0
porteke02,Kevin Porter Jr.,16,2,17.0,34.0,7.0,7.0,0.0,41.0,13.0,17.0,8.0,0.0,6.0
porteke02,Kevin Porter Jr.,17,3,21.0,48.0,14.0,14.0,2.0,58.0,17.0,25.0,4.0,2.0,9.0
porteke02,Kevin Porter Jr.,18,2,18.0,26.0,9.0,12.0,1.0,46.0,4.0,17.0,5.0,1.0,2.0
porteke02,Kevin Porter Jr.,19,4,29.0,64.0,12.0,12.0,3.0,73.0,27.0,26.0,9.0,3.0,8.0
porteke02,Kevin Porter Jr.,20,1,3.0,6.0,1.0,2.0,1.0,8.0,4.0,2.0,3.0,0.0,3.0
porteke02,Kevin Porter Jr.,21,2,10.0,21.0,4.0,4.0,0.0,24.0,14.0,12.0,5.0,1.0,6.0
porteke02,Kevin Porter Jr.,22,1,8.0,15.0,8.0,8.0,1.0,25.0,3.0,10.0,0.0,2.0,1.0
georgke01,Keyonte George,1,2,11.0,27.0,10.0,11.0,2.0,34.0,4.0,19.0,2.0,1.0,7.0
georgke01,Keyonte George,2,4,25.0,60.0,40.0,43.0,7.0,97.0,17.0,34.0,4.0,2.0,17.0
georgke01,Keyonte George,3,3,22.0,48.0,19.0,22.0,5.0,68.0,11.0,12.0,2.0,0.0,6.0
georgke01,Keyonte George,4,4,29.0,76.0,22.0,22.0,9.0,89.0,19.0,26.0,5.0,1.0,13.0
georgke01,Keyonte George,5,3,29.0,56.0,13.0,14.0,10.0,81.0,12.0,24.0,3.0,0.0,11.0
georgke01,Keyonte George,6,3,20.0,42.0,11.0,16.0,8.0,59.0,12.0,15.0,2.0,2.0,13.0
georgke01,Keyonte George,7,4,24.0,58.0,28.0,30.0,7.0,83.0,14.0,25.0,1.0,1.0,15.0
georgke01,Keyonte George,8,1,12.0,20.0,10.0,10.0,5.0,39.0,6.0,8.0,2.0,0.0,3.0
georgke01,Keyonte George,9,3,28.0,62.0,30.0,34.0,12.0,98.0,13.0,23.0,2.0,1.0,9.0
georgke01,Keyonte George,10,4,32.0,66.0,25.0,28.0,14.0,103.0,22.0,25.0,6.0,2.0,11.0
georgke01,Keyonte George,11,2,20.0,42.0,9.0,11.0,10.0,59.0,8.0,16.0,2.0,0.0,10.0
georgke01,Keyonte George,12,4,24.0,53.0,11.0,12.0,4.0,63.0,16.0,27.0,6.0,1.0,15.0
georgke01,Keyonte George,13,4,31.0,59.0,32.0,34.0,9.0,103.0,12.0,25.0,5.0,1.0,11.0
georgke01,Keyonte George,14,4,35.0,82.0,31.0,35.0,14.0,115.0,9.0,19.0,7.0,1.0,11.0
georgke01,Keyonte George,15,2,15.0,26.0,11.0,16.0,4.0,45.0,10.0,14.0,2.0,1.0,5.0
georgke01,Keyonte George,16,1,1.0,5.0,3.0,3.0,0.0,5.0,1.0,1.0,1.0,0.0,1.0
georgke01,Keyonte George,19,1,4.0,11.0,8.0,10.0,1.0,17.0,2.0,4.0,0.0,0.0,0.0
georgke01,Keyonte George,20,3,28.0,63.0,21.0,24.0,11.0,88.0,8.0,8.0,5.0,0.0,6.0
georgke01,Keyonte George,21,2,12.0,25.0,3.0,3.0,2.0,29.0,2.0,7.0,1.0,0.0,2.0
knuepko01,Kon Knueppel,1,3,16.0,29.0,2.0,4.0,11.0,45.0,14.0,4.0,1.0,0.0,7.0
knuepko01,Kon Knueppel,2,4,19.0,47.0,4.0,4.0,11.0,53.0,20.0,12.0,3.0,0.0,8.0
knuepko01,Kon Knueppel,3,2,16.0,39.0,10.0,10.0,8.0,50.0,20.0,5.0,1.0,1.0,4.0
knuepko01,Kon Knueppel,4,4,26.0,54.0,12.0,14.0,11.0,75.0,23.0,16.0,4.0,2.0,13.0
knuepko01,Kon Knueppel,5,4,38.0,65.0,8.0,8.0,22.0,106.0,22.0,12.0,4.0,1.0,9.0
knuepko01,Kon Knueppel,6,3,12.0,36.0,8.0,9.0,6.0,38.0,15.0,10.0,3.0,0.0,5.0
knuepko01,Kon Knueppel,7,4,24.0,59.0,6.0,6.0,12.0,66.0,17.0,19.0,2.0,1.0,11.0
knuepko01,Kon Knueppel,8,2,23.0,40.0,8.0,8.0,8.0,62.0,9.0,12.0,1.0,1.0,4.0
knuepko01,Kon Knueppel,9,2,15.0,31.0,7.0,8.0,10.0,47.0,12.0,12.0,3.0,1.0,8.0
knuepko01,Kon Knueppel,10,3,18.0,33.0,5.0,7.0,14.0,55.0,7.0,5.0,0.0,0.0,6.0
knuepko01,Kon Knueppel,11,3,20.0,41.0,15.0,18.0,9.0,64.0,14.0,12.0,0.0,0.0,6.0
knuepko01,Kon Knueppel,12,4,22.0,49.0,8.0,9.0,12.0,64.0,21.0,17.0,5.0,1.0,6.0
knuepko01,Kon Knueppel,13,4,29.0,47.0,8.0,8.0,9.0,75.0,27.0,13.0,1.0,2.0,6.0
knuepko01,Kon Knueppel,14,3,17.0,43.0,10.0,11.0,6.0,50.0,25.0,9.0,3.0,0.0,5.0
knuepko01,Kon Knueppel,15,4,24.0,44.0,8.0,9.0,13.0,69.0,19.0,19.0,4.0,0.0,6.0
knuepko01,Kon Knueppel,16,3,20.0,41.0,12.0,13.0,12.0,64.0,21.0,8.0,0.0,1.0,12.0
knuepko01,Kon Knueppel,17,2,11.0,25.0,7.0,7.0,9.0,38.0,11.0,7.0,2.0,2.0,3.0
knuepko01,Kon Knueppel,18,3,26.0,49.0,9.0,12.0,15.0,76.0,18.0,10.0,3.0,0.0,8.0
knuepko01,Kon Knueppel,19,3,21.0,40.0,4.0,7.0,13.0,59.0,13.0,5.0,6.0,1.0,3.0
knuepko01,Kon Knueppel,20,4,26.0,53.0,10.0,13.0,13.0,75.0,13.0,13.0,1.0,2.0,5.0
knuepko01,Kon Knueppel,21,3,18.0,38.0,11.0,12.0,12.0,59.0,17.0,8.0,2.0,0.0,1.0
knuepko01,Kon Knueppel,22,3,16.0,34.0,9.0,11.0,7.0,48.0,11.0,11.0,2.0,1.0,3.0
knuepko01,Kon Knueppel,23,4,22.0,53.0,6.0,9.0,14.0,64.0,30.0,15.0,0.0,0.0,7.0
knuepko01,Kon Knueppel,24,4,22.0,52.0,7.0,8.0,8.0,59.0,18.0,9.0,4.0,1.0,7.0
knuepko01,Kon Knueppel,25,3,14.0,42.0,1.0,1.0,8.0,37.0,15.0,11.0,2.0,1.0,8.0
dunnkr01,Kris Dunn,1,3,9.0,17.0,2.0,2.0,3.0,23.0,9.0,3.0,4.0,0.0,3.0
dunnkr01,Kris Dunn,2,2,5.0,12.0,0.0,0.0,1.0,11.0,4.0,0.0,3.0,0.0,3.0
dunnkr01,Kris Dunn,3,4,12.0,19.0,3.0,6.0,4.0,31.0,12.0,16.0,8.0,1.0,8.0
dunnkr01,Kris Dunn,4,4,9.0,27.0,8.0,10.0,3.0,29.0,8.0,10.0,5.0,3.0,5.0
dunnkr01,Kris Dunn,5,4,11.0,20.0,2.0,2.0,2.0,26.0,11.0,16.0,4.0,0.0,3.0
dunnkr01,Kris Dunn,6,3,15.0,29.0,1.0,2.0,5.0,36.0,10.0,6.0,8.0,0.0,5.0
dunnkr01,Kris Dunn,7,4,11.0,25.0,4.0,5.0,2.0,28.0,13.0,14.0,8.0,0.0,2.0
dunnkr01,Kris Dunn,8,1,3.0,7.0,0.0,0.0,3.0,9.0,1.0,6.0,2.0,0.0,3.0
dunnkr01,Kris Dunn,9,3,14.0,22.0,3.0,4.0,8.0,39.0,12.0,12.0,1.0,1.0,8.0
dunnkr01,Kris Dunn,10,3,9.0,17.0,0.0,1.0,5.0,23.0,8.0,9.0,5.0,1.0,1.0
dunnkr01,Kris Dunn,11,3,9.0,21.0,0.0,0.0,4.0,22.0,12.0,9.0,3.0,0.0,1.0
dunnkr01,Kris Dunn,12,4,12.0,25.0,6.0,6.0,4.0,34.0,9.0,18.0,6.0,0.0,8.0
dunnkr01,Kris Dunn,13,3,5.0,13.0,6.0,6.0,3.0,19.0,8.0,7.0,7.0,0.0,5.0
dunnkr01,Kris Dunn,14,4,8.0,18.0,3.0,4.0,1.0,20.0,15.0,13.0,3.0,2.0,4.0
dunnkr01,Kris Dunn,15,3,10.0,27.0,4.0,5.0,3.0,27.0,9.0,10.0,6.0,0.0,6.0
dunnkr01,Kris Dunn,16,4,10.0,23.0,9.0,11.0,3.0,32.0,11.0,23.0,2.0,0.0,8.0
dunnkr01,Kris Dunn,17,2,9.0,15.0,0.0,1.0,4.0,22.0,4.0,13.0,5.0,0.0,2.0
dunnkr01,Kris Dunn,18,3,7.0,10.0,3.0,4.0,0.0,17.0,18.0,16.0,4.0,0.0,6.0
dunnkr01,Kris Dunn,19,2,8.0,14.0,3.0,4.0,1.0,20.0,9.0,11.0,4.0,0.0,2.0
dunnkr01,Kris Dunn,20,4,11.0,20.0,0.0,0.0,4.0,26.0,23.0,18.0,5.0,0.0,8.0
dunnkr01,Kris Dunn,21,4,10.0,25.0,0.0,0.0,3.0,23.0,19.0,17.0,13.0,0.0,0.0
dunnkr01,Kris Dunn,22,4,10.0,25.0,1.0,2.0,6.0,27.0,12.0,12.0,7.0,3.0,6.0
dunnkr01,Kris Dunn,23,4,7.0,15.0,2.0,2.0,3.0,19.0,11.0,13.0,8.0,1.0,3.0
dunnkr01,Kris Dunn,24,3,7.0,12.0,2.0,4.0,3.0,19.0,9.0,10.0,6.0,2.0,4.0
dunnkr01,Kris Dunn,25,4,6.0,19.0,0.0,0.0,2.0,14.0,14.0,13.0,4.0,0.0,7.0
porzikr01,Kristaps Porziņģis,1,1,5.0,12.0,6.0,6.0,4.0,20.0,7.0,2.0,0.0,2.0,2.0
porzikr01,Kristaps Porziņģis,2,4,28.0,54.0,9.0,13.0,6.0,71.0,28.0,15.0,2.0,3.0,7.0
porzikr01,Kristaps Porziņģis,3,2,6.0,24.0,19.0,21.0,1.0,32.0,9.0,6.0,3.0,4.0,0.0
porzikr01,Kristaps Porziņģis,4,2,10.0,24.0,10.0,11.0,3.0,33.0,7.0,10.0,0.0,5.0,1.0
porzikr01,Kristaps Porziņģis,5,2,18.0,27.0,6.0,7.0,4.0,46.0,12.0,5.0,0.0,5.0,1.0
porzikr01,Kristaps Porziņģis,6,1,7.0,13.0,6.0,7.0,2.0,22.0,8.0,1.0,0.0,0.0,0.0
porzikr01,Kristaps Porziņģis,7,1,9.0,13.0,3.0,4.0,4.0,25.0,2.0,1.0,1.0,2.0,1.0
porzikr01,Kristaps Porziņģis,11,2,7.0,20.0,4.0,6.0,2.0,20.0,10.0,3.0,2.0,0.0,3.0
porzikr01,Kristaps Porziņģis,12,2,6.0,23.0,5.0,6.0,5.0,22.0,4.0,3.0,1.0,1.0,1.0
porzikr01,Kristaps Porziņģis,18,1,5.0,9.0,0.0,0.0,2.0,12.0,1.0,1.0,0.0,1.0,2.0
porzikr01,Kristaps Porziņģis,20,1,3.0,10.0,3.0,6.0,0.0,9.0,5.0,5.0,0.0,1.0,1.0
porzikr01,Kristaps Porziņģis,21,2,12.0,29.0,9.0,9.0,4.0,37.0,8.0,4.0,2.0,5.0,2.0
porzikr01,Kristaps Porziņģis,22,3,13.0,31.0,16.0,20.0,4.0,46.0,13.0,6.0,4.0,7.0,4.0
porzikr01,Kristaps Porziņģis,23,4,28.0,57.0,22.0,26.0,12.0,90.0,23.0,12.0,2.0,0.0,10.0
porzikr01,Kristaps Porziņģis,24,2,9.0,22.0,7.0,7.0,0.0,25.0,15.0,4.0,0.0,1.0,2.0
porzikr01,Kristaps Porziņģis,25,2,7.0,20.0,8.0,9.0,1.0,23.0,15.0,3.0,1.0,1.0,4.0
filipky01,Kyle Filipowski,1,2,8.0,17.0,0.0,0.0,3.0,19.0,10.0,9.0,0.0,1.0,1.0
filipky01,Kyle Filipowski,2,4,6.0,21.0,3.0,5.0,2.0,17.0,13.0,7.0,2.0,0.0,4.0
filipky01,Kyle Filipowski,3,3,8.0,21.0,7.0,11.0,3.0,26.0,22.0,4.0,2.0,2.0,6.0
filipky01,Kyle Filipowski,4,4,13.0,26.0,10.0,13.0,3.0,39.0,28.0,10.0,1.0,4.0,5.0
filipky01,Kyle Filipowski,5,2,8.0,14.0,4.0,6.0,2.0,22.0,10.0,4.0,1.0,2.0,5.0
filipky01,Kyle Filipowski,6,3,11.0,25.0,7.0,10.0,2.0,31.0,24.0,7.0,0.0,1.0,0.0
filipky01,Kyle Filipowski,7,4,22.0,37.0,8.0,9.0,6.0,58.0,33.0,13.0,7.0,1.0,6.0
filipky01,Kyle Filipowski,8,1,1.0,5.0,0.0,0.0,0.0,2.0,4.0,1.0,0.0,0.0,0.0
filipky01,Kyle Filipowski,9,3,14.0,27.0,7.0,10.0,2.0,37.0,26.0,2.0,0.0,2.0,4.0
filipky01,Kyle Filipowski,10,4,14.0,28.0,7.0,10.0,3.0,38.0,22.0,11.0,3.0,3.0,4.0
filipky01,Kyle Filipowski,11,3,8.0,24.0,3.0,6.0,2.0,21.0,10.0,2.0,2.0,2.0,6.0
filipky01,Kyle Filipowski,12,4,11.0,29.0,3.0,5.0,2.0,27.0,24.0,4.0,3.0,1.0,3.0
filipky01,Kyle Filipowski,13,4,20.0,37.0,1.0,1.0,3.0,44.0,26.0,9.0,6.0,1.0,6.0
filipky01,Kyle Filipowski,14,4,13.0,26.0,8.0,10.0,4.0,38.0,23.0,9.0,4.0,0.0,5.0
filipky01,Kyle Filipowski,15,4,16.0,22.0,4.0,8.0,4.0,40.0,31.0,8.0,4.0,1.0,8.0
filipky01,Kyle Filipowski,16,3,13.0,25.0,10.0,14.0,4.0,40.0,38.0,6.0,3.0,1.0,8.0
filipky01,Kyle Filipowski,17,3,11.0,21.0,12.0,14.0,1.0,35.0,22.0,6.0,8.0,0.0,6.0
filipky01,Kyle Filipowski,18,1,9.0,13.0,1.0,1.0,1.0,20.0,6.0,4.0,2.0,2.0,5.0
filipky01,Kyle Filipowski,19,3,11.0,27.0,13.0,17.0,3.0,38.0,17.0,7.0,6.0,2.0,11.0
filipky01,Kyle Filipowski,20,4,20.0,36.0,15.0,16.0,4.0,59.0,44.0,18.0,5.0,5.0,6.0
filipky01,Kyle Filipowski,21,3,15.0,28.0,10.0,12.0,5.0,45.0,28.0,15.0,5.0,2.0,6.0
filipky01,Kyle Filipowski,22,3,11.0,30.0,10.0,13.0,3.0,35.0,17.0,9.0,2.0,2.0,8.0
filipky01,Kyle Filipowski,23,3,23.0,41.0,7.0,10.0,4.0,57.0,25.0,12.0,3.0,1.0,6.0
filipky01,Kyle Filipowski,24,4,34.0,68.0,7.0,9.0,7.0,82.0,43.0,16.0,4.0,3.0,5.0
filipky01,Kyle Filipowski,25,1,3.0,9.0,2.0,2.0,1.0,9.0,6.0,5.0,0.0,0.0,1.0
georgky01,Kyshawn George,1,3,21.0,37.0,9.0,13.0,10.0,61.0,28.0,13.0,3.0,5.0,10.0
georgky01,Kyshawn George,2,3,20.0,37.0,1.0,3.0,8.0,49.0,19.0,14.0,2.0,3.0,10.0
georgky01,Kyshawn George,3,3,12.0,29.0,5.0,7.0,5.0,34.0,9.0,8.0,4.0,1.0,9.0
georgky01,Kyshawn George,4,3,21.0,43.0,9.0,11.0,8.0,59.0,17.0,20.0,2.0,2.0,10.0
georgky01,Kyshawn George,5,3,15.0,38.0,9.0,11.0,6.0,45.0,22.0,18.0,5.0,3.0,13.0
georgky01,Kyshawn George,6,1,2.0,6.0,0.0,0.0,1.0,5.0,3.0,4.0,0.0,0.0,2.0
georgky01,Kyshawn George,7,4,17.0,40.0,5.0,6.0,11.0,50.0,20.0,18.0,6.0,3.0,13.0
georgky01,Kyshawn George,8,2,8.0,21.0,3.0,5.0,5.0,24.0,10.0,12.0,2.0,2.0,5.0
georgky01,Kyshawn George,9,3,21.0,42.0,8.0,10.0,3.0,53.0,17.0,21.0,4.0,4.0,7.0
georgky01,Kyshawn George,10,2,10.0,22.0,2.0,3.0,3.0,25.0,8.0,9.0,0.0,1.0,6.0
georgky01,Kyshawn George,12,2,8.0,23.0,0.0,0.0,4.0,20.0,7.0,6.0,1.0,2.0,9.0
georgky01,Kyshawn George,13,3,25.0,47.0,10.0,12.0,7.0,67.0,18.0,14.0,3.0,3.0,1.0
georgky01,Kyshawn George,14,3,16.0,48.0,11.0,12.0,6.0,49.0,26.0,20.0,6.0,1.0,11.0
georgky01,Kyshawn George,15,4,23.0,58.0,9.0,11.0,8.0,63.0,18.0,18.0,6.0,6.0,8.0
georgky01,Kyshawn George,16,3,10.0,25.0,5.0,6.0,4.0,29.0,7.0,9.0,1.0,2.0,3.0
georgky01,Kyshawn George,17,1,4.0,12.0,8.0,8.0,1.0,17.0,5.0,3.0,1.0,0.0,2.0
georgky01,Kyshawn George,18,2,7.0,19.0,3.0,3.0,2.0,19.0,5.0,2.0,1.0,3.0,1.0
georgky01,Kyshawn George,19,2,8.0,17.0,5.0,6.0,4.0,25.0,5.0,3.0,0.0,2.0,5.0
georgky01,Kyshawn George,20,1,5.0,13.0,3.0,4.0,3.0,16.0,1.0,2.0,1.0,0.0,0.0
ballla01,LaMelo Ball,1,3,28.0,58.0,16.0,20.0,13.0,85.0,25.0,29.0,6.0,1.0,11.0
ballla01,LaMelo Ball,2,3,21.0,56.0,6.0,7.0,7.0,55.0,22.0,30.0,4.0,0.0,11.0
ballla01,LaMelo Ball,4,1,5.0,15.0,4.0,5.0,2.0,16.0,3.0,10.0,0.0,0.0,2.0
ballla01,LaMelo Ball,5,3,18.0,54.0,16.0,16.0,4.0,56.0,16.0,24.0,3.0,0.0,12.0
ballla01,LaMelo Ball,6,3,16.0,49.0,3.0,4.0,6.0,41.0,15.0,17.0,3.0,0.0,8.0
ballla01,LaMelo Ball,7,3,19.0,45.0,12.0,13.0,7.0,57.0,15.0,26.0,2.0,2.0,9.0
ballla01,LaMelo Ball,9,2,13.0,30.0,0.0,0.0,10.0,36.0,5.0,19.0,3.0,2.0,10.0
ballla01,LaMelo Ball,10,3,22.0,48.0,10.0,13.0,14.0,68.0,13.0,23.0,2.0,1.0,11.0
ballla01,LaMelo Ball,11,4,29.0,63.0,6.0,6.0,18.0,82.0,15.0,26.0,8.0,0.0,12.0
ballla01,LaMelo Ball,12,4,29.0,66.0,6.0,6.0,17.0,81.0,17.0,22.0,4.0,0.0,13.0
ballla01,LaMelo Ball,13,4,30.0,72.0,5.0,5.0,15.0,80.0,20.0,24.0,4.0,1.0,7.0
ballla01,LaMelo Ball,14,3,15.0,46.0,1.0,1.0,7.0,38.0,13.0,25.0,3.0,2.0,7.0
ballla01,LaMelo Ball,15,4,23.0,58.0,5.0,6.0,14.0,65.0,14.0,29.0,3.0,1.0,12.0
ballla01,LaMelo Ball,16,3,22.0,59.0,9.0,10.0,10.0,63.0,15.0,18.0,4.0,0.0,7.0
ballla01,LaMelo Ball,17,2,16.0,45.0,1.0,1.0,11.0,44.0,8.0,10.0,1.0,0.0,4.0
ballla01,LaMelo Ball,18,3,21.0,51.0,11.0,11.0,13.0,66.0,17.0,20.0,2.0,0.0,3.0
ballla01,LaMelo Ball,19,3,19.0,47.0,4.0,4.0,9.0,51.0,11.0,23.0,4.0,1.0,6.0
ballla01,LaMelo Ball,20,4,28.0,77.0,3.0,3.0,17.0,76.0,21.0,24.0,6.0,1.0,9.0
ballla01,LaMelo Ball,21,3,22.0,51.0,5.0,6.0,12.0,61.0,14.0,11.0,5.0,1.0,7.0
ballla01,LaMelo Ball,22,3,27.0,54.0,11.0,13.0,14.0,79.0,15.0,22.0,7.0,2.0,11.0
ballla01,LaMelo Ball,23,4,28.0,75.0,7.0,7.0,18.0,81.0,18.0,25.0,4.0,0.0,7.0
ballla01,LaMelo Ball,24,4,29.0,62.0,7.0,9.0,17.0,82.0,18.0,37.0,4.0,0.0,10.0
ballla01,LaMelo Ball,25,3,26.0,63.0,13.0,13.0,17.0,82.0,17.0,20.0,5.0,2.0,13.0
markkla01,Lauri Markkanen,1,2,20.0,36.0,5.0,6.0,8.0,53.0,10.0,6.0,0.0,0.0,2.0
markkla01,Lauri Markkanen,2,4,46.0,99.0,38.0,43.0,15.0,145.0,30.0,8.0,3.0,4.0,4.0
markkla01,Lauri Markkanen,3,3,19.0,53.0,14.0,15.0,5.0,57.0,15.0,4.0,5.0,0.0,6.0
markkla01,Lauri Markkanen,4,4,49.0,92.0,24.0,28.0,21.0,143.0,25.0,9.0,4.0,3.0,6.0
markkla01,Lauri Markkanen,5,3,24.0,48.0,15.0,15.0,7.0,70.0,18.0,7.0,5.0,1.0,3.0
markkla01,Lauri Markkanen,6,3,20.0,54.0,19.0,20.0,4.0,63.0,21.0,7.0,0.0,0.0,4.0
markkla01,Lauri Markkanen,7,3,25.0,48.0,21.0,23.0,6.0,77.0,25.0,3.0,1.0,0.0,1.0
markkla01,Lauri Markkanen,8,1,9.0,22.0,5.0,7.0,3.0,26.0,9.0,2.0,1.0,1.0,5.0
markkla01,Lauri Markkanen,9,1,11.0,23.0,10.0,12.0,1.0,33.0,16.0,5.0,4.0,1.0,1.0
markkla01,Lauri Markkanen,10,3,29.0,54.0,17.0,17.0,11.0,86.0,17.0,6.0,4.0,1.0,6.0
markkla01,Lauri Markkanen,11,2,21.0,43.0,11.0,12.0,4.0,57.0,15.0,3.0,2.0,1.0,1.0
markkla01,Lauri Markkanen,12,3,33.0,62.0,10.0,14.0,8.0,84.0,24.0,9.0,4.0,3.0,12.0
markkla01,Lauri Markkanen,13,1,8.0,16.0,9.0,12.0,3.0,28.0,12.0,2.0,1.0,1.0,1.0
markkla01,Lauri Markkanen,15,3,20.0,52.0,18.0,19.0,6.0,64.0,19.0,8.0,4.0,4.0,3.0
markkla01,Lauri Markkanen,16,3,28.0,52.0,8.0,9.0,8.0,72.0,15.0,4.0,1.0,1.0,5.0
markkla01,Lauri Markkanen,17,2,12.0,28.0,8.0,8.0,4.0,36.0,15.0,4.0,1.0,0.0,1.0
markkla01,Lauri Markkanen,19,1,10.0,23.0,8.0,8.0,1.0,29.0,3.0,2.0,2.0,0.0,2.0
jamesle01,LeBron James,5,2,12.0,25.0,2.0,6.0,2.0,28.0,9.0,20.0,2.0,0.0,3.0
jamesle01,LeBron James,6,2,14.0,28.0,6.0,10.0,4.0,38.0,11.0,13.0,2.0,1.0,5.0
jamesle01,LeBron James,7,3,19.0,44.0,4.0,6.0,5.0,47.0,13.0,20.0,1.0,1.0,5.0
jamesle01,LeBron James,8,2,15.0,31.0,14.0,20.0,1.0,45.0,18.0,12.0,2.0,5.0,11.0
jamesle01,LeBron James,9,2,23.0,45.0,15.0,18.0,3.0,64.0,11.0,13.0,3.0,1.0,5.0
jamesle01,LeBron James,10,3,25.0,40.0,10.0,16.0,5.0,65.0,7.0,16.0,4.0,1.0,5.0
jamesle01,LeBron James,11,3,26.0,49.0,16.0,21.0,6.0,74.0,20.0,20.0,2.0,1.0,10.0
jamesle01,LeBron James,12,2,20.0,40.0,11.0,13.0,5.0,56.0,17.0,18.0,5.0,1.0,4.0
jamesle01,LeBron James,13,5,45.0,89.0,28.0,30.0,8.0,126.0,35.0,34.0,5.0,6.0,17.0
jamesle01,LeBron James,14,3,25.0,50.0,6.0,11.0,3.0,59.0,22.0,19.0,3.0,1.0,11.0
jamesle01,LeBron James,15,4,29.0,60.0,14.0,20.0,5.0,77.0,16.0,20.0,5.0,0.0,12.0
jamesle01,LeBron James,16,3,23.0,50.0,14.0,17.0,2.0,62.0,14.0,27.0,4.0,2.0,16.0
jamesle01,LeBron James,17,2,19.0,37.0,10.0,13.0,2.0,50.0,16.0,22.0,1.0,1.0,7.0
jamesle01,LeBron James,18,2,14.0,34.0,3.0,3.0,2.0,33.0,7.0,16.0,3.0,1.0,4.0
jamesle01,LeBron James,19,4,30.0,57.0,13.0,17.0,9.0,82.0,20.0,23.0,3.0,3.0,13.0
jamesle01,LeBron James,20,2,15.0,23.0,6.0,10.0,1.0,37.0,12.0,15.0,3.0,3.0,6.0
jamesle01,LeBron James,21,2,14.0,26.0,6.0,9.0,1.0,35.0,13.0,12.0,4.0,1.0,9.0
jamesle01,LeBron James,22,4,33.0,52.0,10.0,14.0,3.0,79.0,31.0,21.0,6.0,1.0,7.0
jamesle01,LeBron James,23,3,18.0,38.0,12.0,15.0,1.0,49.0,24.0,27.0,2.0,1.0,6.0
jamesle01,LeBron James,24,4,27.0,53.0,20.0,29.0,4.0,78.0,30.0,35.0,3.0,3.0,13.0
jamesle01,LeBron James,25,3,27.0,48.0,13.0,18.0,5.0,72.0,18.0,29.0,9.0,1.0,10.0
blackle01,Leaky Black,19,1,2.0,3.0,0.0,0.0,0.0,4.0,7.0,0.0,0.0,2.0,0.0
blackle01,Leaky Black,20,3,12.0,31.0,4.0,4.0,6.0,34.0,16.0,4.0,1.0,2.0,3.0
blackle01,Leaky Black,21,1,4.0,5.0,2.0,2.0,2.0,12.0,4.0,3.0,1.0,0.0,1.0
blackle01,Leaky Black,22,1,1.0,2.0,0.0,0.0,1.0,3.0,3.0,1.0,1.0,0.0,1.0
blackle01,Leaky Black,23,3,8.0,20.0,1.0,2.0,3.0,20.0,23.0,9.0,4.0,3.0,1.0
blackle01,Leaky Black,24,2,3.0,10.0,0.0,0.0,2.0,8.0,5.0,1.0,5.0,0.0,2.0
blackle01,Leaky Black,25,4,10.0,32.0,0.0,0.0,5.0,25.0,17.0,4.0,6.0,1.0,6.0
doncilu01,Luka Dončić,1,2,31.0,50.0,23.0,29.0,7.0,92.0,23.0,17.0,2.0,1.0,6.0
doncilu01,Luka Dončić,2,2,23.0,49.0,20.0,25.0,7.0,73.0,23.0,16.0,3.0,0.0,10.0
doncilu01,Luka Dončić,3,2,16.0,44.0,17.0,23.0,8.0,57.0,14.0,24.0,6.0,2.0,9.0
doncilu01,Luka Dončić,4,4,36.0,83.0,36.0,45.0,14.0,122.0,29.0,32.0,6.0,3.0,12.0
doncilu01,Luka Dončić,5,2,21.0,46.0,23.0,28.0,5.0,70.0,16.0,18.0,7.0,0.0,14.0
doncilu01,Luka Dončić,6,3,33.0,68.0,31.0,36.0,15.0,112.0,26.0,31.0,2.0,3.0,9.0
doncilu01,Luka Dončić,7,2,24.0,50.0,16.0,19.0,5.0,69.0,26.0,16.0,0.0,2.0,14.0
doncilu01,Luka Dončić,8,2,18.0,49.0,23.0,28.0,5.0,64.0,8.0,14.0,2.0,0.0,9.0
doncilu01,Luka Dončić,9,2,18.0,41.0,16.0,21.0,5.0,57.0,16.0,16.0,5.0,0.0,5.0
doncilu01,Luka Dončić,10,2,20.0,40.0,11.0,15.0,8.0,59.0,10.0,14.0,4.0,3.0,11.0
doncilu01,Luka Dončić,11,3,27.0,60.0,38.0,46.0,8.0,100.0,20.0,27.0,2.0,1.0,17.0
doncilu01,Luka Dončić,12,3,32.0,73.0,19.0,33.0,9.0,92.0,21.0,29.0,7.0,1.0,15.0
doncilu01,Luka Dončić,13,4,46.0,90.0,23.0,30.0,18.0,133.0,17.0,31.0,5.0,2.0,16.0
doncilu01,Luka Dončić,14,3,31.0,63.0,32.0,37.0,9.0,103.0,32.0,29.0,6.0,1.0,9.0
doncilu01,Luka Dončić,15,4,50.0,89.0,20.0,31.0,22.0,142.0,38.0,39.0,3.0,0.0,13.0
doncilu01,Luka Dončić,16,2,11.0,28.0,8.0,10.0,4.0,34.0,10.0,7.0,1.0,0.0,10.0
doncilu01,Luka Dončić,18,2,20.0,47.0,11.0,17.0,12.0,63.0,11.0,14.0,3.0,2.0,4.0
doncilu01,Luka Dončić,19,4,39.0,78.0,23.0,32.0,16.0,117.0,28.0,40.0,4.0,3.0,8.0
doncilu01,Luka Dončić,20,4,46.0,96.0,23.0,29.0,18.0,133.0,38.0,23.0,9.0,3.0,19.0
doncilu01,Luka Dončić,21,3,38.0,81.0,19.0,24.0,17.0,112.0,32.0,33.0,6.0,5.0,11.0
doncilu01,Luka Dončić,22,4,56.0,112.0,34.0,47.0,23.0,169.0,27.0,25.0,12.0,1.0,15.0
doncilu01,Luka Dončić,23,3,41.0,84.0,22.0,24.0,12.0,116.0,21.0,16.0,7.0,1.0,13.0
doncilu01,Luka Dončić,24,2,16.0,36.0,15.0,16.0,7.0,54.0,9.0,19.0,3.0,0.0,6.0
kennalu01,Luke Kennard,1,3,7.0,17.0,1.0,1.0,2.0,17.0,8.0,8.0,2.0,0.0,6.0
kennalu01,Luke Kennard,2,4,14.0,23.0,9.0,10.0,8.0,45.0,9.0,8.0,2.0,1.0,3.0
kennalu01,Luke Kennard,3,1,2.0,5.0,2.0,2.0,0.0,6.0,1.0,0.0,3.0,0.0,3.0
kennalu01,Luke Kennard,4,4,12.0,27.0,0.0,0.0,8.0,32.0,10.0,5.0,5.0,0.0,3.0
kennalu01,Luke Kennard,5,3,7.0,15.0,2.0,2.0,5.0,21.0,3.0,11.0,3.0,0.0,1.0
kennalu01,Luke Kennard,6,3,4.0,14.0,4.0,4.0,2.0,14.0,3.0,11.0,0.0,0.0,4.0
kennalu01,Luke Kennard,7,4,12.0,20.0,2.0,2.0,7.0,33.0,10.0,8.0,4.0,0.0,3.0
kennalu01,Luke Kennard,8,2,1.0,4.0,2.0,2.0,1.0,5.0,4.0,5.0,0.0,0.0,0.0
kennalu01,Luke Kennard,9,3,5.0,7.0,1.0,2.0,3.0,14.0,4.0,3.0,2.0,0.0,2.0
kennalu01,Luke Kennard,10,2,2.0,5.0,0.0,0.0,0.0,4.0,2.0,2.0,0.0,0.0,0.0
kennalu01,Luke Kennard,11,3,14.0,25.0,4.0,4.0,7.0,39.0,13.0,12.0,2.0,0.0,3.0
kennalu01,Luke Kennard,12,4,19.0,28.0,1.0,1.0,14.0,53.0,2.0,10.0,5.0,1.0,0.0
kennalu01,Luke Kennard,13,2,3.0,10.0,0.0,0.0,1.0,7.0,4.0,1.0,2.0,0.0,1.0
kennalu01,Luke Kennard,14,3,11.0,14.0,0.0,0.0,7.0,29.0,13.0,7.0,3.0,0.0,2.0
kennalu01,Luke Kennard,15,4,12.0,20.0,4.0,5.0,5.0,33.0,9.0,4.0,0.0,2.0,1.0
kennalu01,Luke Kennard,16,2,8.0,13.0,0.0,0.0,6.0,22.0,7.0,3.0,1.0,1.0,2.0
kennalu01,Luke Kennard,17,3,11.0,17.0,5.0,5.0,3.0,30.0,10.0,9.0,2.0,0.0,1.0
kennalu01,Luke Kennard,18,2,7.0,10.0,2.0,2.0,2.0,18.0,5.0,1.0,1.0,0.0,3.0
kennalu01,Luke Kennard,19,4,17.0,30.0,3.0,4.0,7.0,44.0,8.0,9.0,3.0,1.0,3.0
kennalu01,Luke Kennard,20,4,16.0,28.0,2.0,2.0,10.0,44.0,11.0,5.0,1.0,0.0,5.0
kennalu01,Luke Kennard,21,3,7.0,17.0,0.0,0.0,2.0,16.0,4.0,6.0,2.0,2.0,0.0
kennalu01,Luke Kennard,22,4,7.0,13.0,0.0,0.0,4.0,18.0,6.0,3.0,1.0,0.0,4.0
kennalu01,Luke Kennard,23,3,5.0,13.0,5.0,5.0,4.0,19.0,9.0,5.0,1.0,0.0,1.0
kennalu01,Luke Kennard,24,4,16.0,37.0,5.0,5.0,6.0,43.0,23.0,17.0,2.0,0.0,6.0
kennalu01,Luke Kennard,25,4,17.0,31.0,9.0,11.0,3.0,46.0,5.0,21.0,8.0,0.0,3.0
kornelu01,Luke Kornet,1,2,7.0,12.0,2.0,4.0,0.0,16.0,16.0,7.0,0.0,3.0,1.0
kornelu01,Luke Kornet,4,4,18.0,19.0,9.0,12.0,0.0,45.0,23.0,4.0,0.0,4.0,3.0
kornelu01,Luke Kornet,5,3,5.0,8.0,3.0,4.0,0.0,13.0,13.0,8.0,1.0,2.0,3.0
kornelu01,Luke Kornet,6,3,8.0,16.0,8.0,8.0,0.0,24.0,19.0,7.0,2.0,6.0,3.0
kornelu01,Luke Kornet,7,2,3.0,7.0,3.0,4.0,0.0,9.0,13.0,8.0,1.0,8.0,0.0
kornelu01,Luke Kornet,8,3,5.0,13.0,8.0,9.0,0.0,18.0,25.0,3.0,1.0,1.0,1.0
kornelu01,Luke Kornet,9,3,15.0,22.0,8.0,8.0,0.0,38.0,26.0,2.0,2.0,4.0,1.0
kornelu01,Luke Kornet,10,3,8.0,10.0,5.0,6.0,0.0,21.0,17.0,5.0,1.0,4.0,1.0
kornelu01,Luke Kornet,11,4,19.0,23.0,11.0,13.0,0.0,49.0,31.0,13.0,1.0,7.0,1.0
kornelu01,Luke Kornet,12,4,9.0,16.0,4.0,6.0,0.0,22.0,32.0,5.0,3.0,2.0,1.0
kornelu01,Luke Kornet,13,3,12.0,20.0,2.0,2.0,0.0,26.0,18.0,4.0,3.0,2.0,1.0
kornelu01,Luke Kornet,14,3,9.0,14.0,2.0,4.0,0.0,20.0,21.0,6.0,1.0,6.0,1.0
kornelu01,Luke Kornet,15,3,1.0,2.0,0.0,2.0,0.0,2.0,13.0,6.0,3.0,2.0,2.0
kornelu01,Luke Kornet,16,2,5.0,10.0,0.0,0.0,0.0,10.0,19.0,5.0,1.0,0.0,0.0
kornelu01,Luke Kornet,17,2,5.0,6.0,0.0,0.0,0.0,10.0,8.0,3.0,1.0,3.0,0.0
kornelu01,Luke Kornet,18,2,6.0,6.0,2.0,2.0,0.0,14.0,14.0,5.0,1.0,2.0,0.0
kornelu01,Luke Kornet,19,4,4.0,10.0,8.0,8.0,0.0,16.0,20.0,3.0,1.0,1.0,4.0
kornelu01,Luke Kornet,20,4,8.0,12.0,0.0,0.0,0.0,16.0,11.0,7.0,0.0,2.0,2.0
kornelu01,Luke Kornet,21,3,5.0,8.0,4.0,4.0,0.0,14.0,14.0,3.0,2.0,2.0,0.0
kornelu01,Luke Kornet,22,3,5.0,10.0,4.0,6.0,0.0,14.0,22.0,6.0,2.0,2.0,1.0
kornelu01,Luke Kornet,23,2,2.0,6.0,3.0,4.0,0.0,7.0,9.0,1.0,1.0,1.0,1.0
kornelu01,Luke Kornet,24,3,6.0,9.0,6.0,6.0,0.0,18.0,16.0,7.0,1.0,0.0,0.0
kornelu01,Luke Kornet,25,3,10.0,14.0,2.0,2.0,0.0,22.0,15.0,8.0,3.0,1.0,1.0
smithma02,Malachi Smith,21,1,2.0,5.0,0.0,0.0,0.0,4.0,3.0,1.0,1.0,2.0,5.0
smithma02,Malachi Smith,22,4,11.0,21.0,2.0,2.0,4.0,28.0,8.0,12.0,4.0,0.0,1.0
smithma02,Malachi Smith,23,3,10.0,17.0,0.0,0.0,4.0,24.0,8.0,5.0,2.0,1.0,4.0
smithma02,Malachi Smith,24,3,7.0,18.0,1.0,1.0,4.0,19.0,6.0,5.0,4.0,1.0,1.0
smithma02,Malachi Smith,25,4,18.0,38.0,5.0,5.0,8.0,49.0,26.0,26.0,1.0,0.0,3.0
smartma01,Marcus Smart,1,3,7.0,16.0,8.0,10.0,1.0,23.0,3.0,6.0,3.0,0.0,6.0
smartma01,Marcus Smart,2,2,9.0,17.0,1.0,1.0,4.0,23.0,6.0,8.0,4.0,1.0,3.0
smartma01,Marcus Smart,3,3,8.0,25.0,13.0,13.0,2.0,31.0,7.0,12.0,7.0,1.0,10.0
smartma01,Marcus Smart,4,3,11.0,29.0,8.0,8.0,5.0,35.0,10.0,11.0,10.0,0.0,7.0
smartma01,Marcus Smart,5,2,4.0,11.0,0.0,0.0,3.0,11.0,3.0,1.0,0.0,1.0,0.0
smartma01,Marcus Smart,6,1,3.0,5.0,0.0,0.0,1.0,7.0,3.0,3.0,1.0,1.0,1.0
smartma01,Marcus Smart,8,2,11.0,23.0,3.0,4.0,9.0,34.0,7.0,7.0,1.0,3.0,3.0
smartma01,Marcus Smart,9,2,7.0,23.0,3.0,3.0,5.0,22.0,8.0,2.0,1.0,0.0,2.0
smartma01,Marcus Smart,10,3,8.0,20.0,0.0,0.0,4.0,20.0,8.0,9.0,2.0,0.0,3.0
smartma01,Marcus Smart,11,3,7.0,18.0,8.0,8.0,3.0,25.0,11.0,16.0,4.0,2.0,6.0
smartma01,Marcus Smart,12,3,9.0,25.0,0.0,0.0,6.0,24.0,17.0,6.0,6.0,1.0,10.0
smartma01,Marcus Smart,13,5,19.0,42.0,13.0,17.0,9.0,60.0,18.0,12.0,6.0,1.0,7.0
smartma01,Marcus Smart,14,3,12.0,29.0,8.0,11.0,6.0,38.0,9.0,8.0,2.0,2.0,4.0
smartma01,Marcus Smart,15,4,7.0,21.0,7.0,9.0,3.0,24.0,6.0,8.0,4.0,0.0,7.0
smartma01,Marcus Smart,16,3,8.0,17.0,9.0,13.0,3.0,28.0,10.0,10.0,1.0,2.0,2.0
smartma01,Marcus Smart,17,2,11.0,30.0,1.0,2.0,5.0,28.0,5.0,9.0,3.0,1.0,1.0
smartma01,Marcus Smart,18,2,3.0,11.0,0.0,2.0,1.0,7.0,3.0,4.0,1.0,1.0,1.0
smartma01,Marcus Smart,19,4,11.0,21.0,4.0,6.0,7.0,33.0,10.0,8.0,9.0,1.0,3.0
smartma01,Marcus Smart,20,4,11.0,34.0,5.0,6.0,8.0,35.0,10.0,16.0,7.0,3.0,7.0
smartma01,Marcus Smart,21,2,11.0,22.0,1.0,1.0,6.0,29.0,5.0,3.0,7.0,1.0,0.0
smartma01,Marcus Smart,22,4,8.0,25.0,10.0,11.0,5.0,31.0,6.0,10.0,5.0,0.0,4.0
smartma01,Marcus Smart,25,2,3.0,12.0,4.0,4.0,1.0,11.0,7.0,17.0,3.0,1.0,5.0
willima07,Mark Williams,1,2,4.0,10.0,0.0,0.0,0.0,8.0,17.0,0.0,0.0,2.0,1.0
willima07,Mark Williams,2,4,24.0,37.0,13.0,19.0,0.0,61.0,37.0,3.0,7.0,5.0,2.0
willima07,Mark Williams,3,3,17.0,29.0,14.0,16.0,0.0,48.0,32.0,4.0,5.0,0.0,4.0
willima07,Mark Williams,4,3,9.0,12.0,2.0,2.0,0.0,20.0,14.0,4.0,3.0,4.0,3.0
willima07,Mark Williams,5,3,19.0,26.0,10.0,13.0,0.0,48.0,25.0,3.0,4.0,3.0,3.0
willima07,Mark Williams,6,2,14.0,21.0,6.0,8.0,0.0,34.0,30.0,4.0,3.0,1.0,7.0
willima07,Mark Williams,7,2,10.0,14.0,3.0,5.0,0.0,23.0,9.0,1.0,4.0,1.0,2.0
willima07,Mark Williams,8,3,18.0,24.0,14.0,19.0,1.0,51.0,18.0,5.0,3.0,3.0,1.0
willima07,Mark Williams,9,2,4.0,6.0,2.0,2.0,0.0,10.0,9.0,2.0,3.0,2.0,1.0
willima07,Mark Williams,10,3,20.0,30.0,12.0,14.0,0.0,52.0,30.0,4.0,2.0,3.0,3.0
willima07,Mark Williams,11,3,6.0,12.0,13.0,15.0,0.0,25.0,24.0,2.0,2.0,2.0,4.0
willima07,Mark Williams,12,4,17.0,24.0,3.0,3.0,0.0,37.0,32.0,4.0,1.0,6.0,3.0
willima07,Mark Williams,13,3,15.0,25.0,7.0,10.0,0.0,37.0,29.0,4.0,2.0,5.0,4.0
willima07,Mark Williams,14,4,14.0,23.0,9.0,12.0,0.0,37.0,30.0,2.0,5.0,4.0,8.0
willima07,Mark Williams,15,4,24.0,36.0,2.0,3.0,0.0,50.0,25.0,8.0,3.0,4.0,4.0
willima07,Mark Williams,16,3,20.0,27.0,6.0,9.0,0.0,46.0,32.0,3.0,2.0,2.0,2.0
willima07,Mark Williams,17,2,9.0,11.0,1.0,2.0,0.0,19.0,10.0,1.0,0.0,0.0,1.0
willima07,Mark Williams,18,3,11.0,30.0,4.0,5.0,0.0,26.0,24.0,1.0,1.0,1.0,2.0
willima07,Mark Williams,19,2,3.0,9.0,0.0,0.0,0.0,6.0,15.0,1.0,0.0,2.0,3.0
willima07,Mark Williams,20,1,3.0,6.0,4.0,6.0,0.0,10.0,9.0,0.0,1.0,0.0,1.0
willima07,Mark Williams,24,2,12.0,15.0,2.0,2.0,0.0,26.0,12.0,2.0,1.0,4.0,3.0
willima07,Mark Williams,25,2,9.0,11.0,8.0,10.0,0.0,26.0,13.0,0.0,3.0,1.0,3.0
baglema01,Marvin Bagley III,1,3,5.0,7.0,2.0,4.0,1.0,13.0,8.0,2.0,1.0,0.0,2.0
baglema01,Marvin Bagley III,2,3,13.0,18.0,3.0,6.0,1.0,30.0,13.0,8.0,2.0,2.0,2.0
baglema01,Marvin Bagley III,3,4,11.0,20.0,7.0,7.0,0.0,29.0,24.0,3.0,0.0,2.0,4.0
baglema01,Marvin Bagley III,4,3,9.0,13.0,3.0,4.0,1.0,22.0,10.0,3.0,3.0,3.0,4.0
baglema01,Marvin Bagley III,5,1,6.0,11.0,1.0,2.0,0.0,13.0,7.0,3.0,3.0,1.0,2.0
baglema01,Marvin Bagley III,7,4,19.0,35.0,7.0,10.0,1.0,46.0,25.0,4.0,1.0,6.0,3.0
baglema01,Marvin Bagley III,8,2,15.0,24.0,7.0,12.0,1.0,38.0,27.0,5.0,1.0,1.0,4.0
baglema01,Marvin Bagley III,9,2,13.0,19.0,2.0,4.0,1.0,29.0,10.0,8.0,0.0,0.0,4.0
baglema01,Marvin Bagley III,10,3,14.0,19.0,7.0,8.0,0.0,35.0,15.0,4.0,0.0,2.0,1.0
baglema01,Marvin Bagley III,11,4,14.0,19.0,6.0,7.0,0.0,34.0,21.0,7.0,3.0,3.0,4.0
baglema01,Marvin Bagley III,12,3,9.0,20.0,8.0,8.0,1.0,27.0,15.0,1.0,3.0,3.0,7.0
baglema01,Marvin Bagley III,13,3,13.0,21.0,11.0,19.0,0.0,37.0,21.0,4.0,2.0,1.0,2.0
baglema01,Marvin Bagley III,14,1,2.0,5.0,2.0,2.0,0.0,6.0,8.0,1.0,0.0,2.0,4.0
baglema01,Marvin Bagley III,15,1,7.0,8.0,0.0,0.0,1.0,15.0,6.0,2.0,1.0,1.0,0.0
baglema01,Marvin Bagley III,16,2,10.0,21.0,6.0,11.0,1.0,27.0,18.0,3.0,1.0,4.0,1.0
baglema01,Marvin Bagley III,17,2,7.0,11.0,2.0,6.0,0.0,16.0,12.0,2.0,1.0,0.0,1.0
baglema01,Marvin Bagley III,18,2,10.0,18.0,6.0,8.0,1.0,27.0,24.0,1.0,1.0,1.0,1.0
baglema01,Marvin Bagley III,19,2,15.0,19.0,2.0,4.0,0.0,32.0,14.0,1.0,0.0,2.0,5.0
baglema01,Marvin Bagley III,20,1,2.0,6.0,2.0,2.0,0.0,6.0,7.0,2.0,0.0,0.0,0.0
baglema01,Marvin Bagley III,21,4,10.0,21.0,1.0,2.0,2.0,23.0,24.0,6.0,0.0,4.0,4.0
baglema01,Marvin Bagley III,22,3,12.0,17.0,1.0,3.0,3.0,28.0,23.0,2.0,2.0,0.0,2.0
baglema01,Marvin Bagley III,23,3,17.0,26.0,4.0,9.0,4.0,42.0,12.0,9.0,1.0,1.0,2.0
baglema01,Marvin Bagley III,24,1,4.0,7.0,0.0,0.0,1.0,9.0,4.0,0.0,1.0,1.0,0.0
baglema01,Marvin Bagley III,25,3,17.0,26.0,5.0,6.0,4.0,43.0,18.0,4.0,1.0,3.0,2.0
buzelma01,Matas Buzelis,1,2,8.0,17.0,8.0,9.0,0.0,24.0,9.0,1.0,1.0,3.0,5.0
buzelma01,Matas Buzelis,2,4,26.0,53.0,6.0,8.0,12.0,70.0,17.0,6.0,4.0,2.0,6.0
buzelma01,Matas Buzelis,3,3,13.0,30.0,4.0,4.0,4.0,34.0,17.0,4.0,3.0,3.0,8.0
buzelma01,Matas Buzelis,4,3,19.0,36.0,10.0,12.0,6.0,54.0,25.0,3.0,2.0,5.0,5.0
buzelma01,Matas Buzelis,5,4,15.0,39.0,9.0,10.0,4.0,43.0,20.0,8.0,1.0,9.0,6.0
buzelma01,Matas Buzelis,6,3,10.0,25.0,2.0,6.0,4.0,26.0,17.0,5.0,2.0,5.0,7.0
buzelma01,Matas Buzelis,7,4,25.0,50.0,15.0,17.0,5.0,70.0,26.0,10.0,7.0,5.0,11.0
buzelma01,Matas Buzelis,8,2,8.0,13.0,2.0,2.0,1.0,19.0,6.0,4.0,1.0,2.0,0.0
buzelma01,Matas Buzelis,9,3,22.0,33.0,8.0,12.0,9.0,61.0,9.0,2.0,3.0,5.0,1.0
buzelma01,Matas Buzelis,10,3,11.0,23.0,6.0,7.0,5.0,33.0,13.0,2.0,1.0,5.0,6.0
buzelma01,Matas Buzelis,11,4,25.0,61.0,11.0,18.0,9.0,70.0,28.0,14.0,2.0,3.0,7.0
buzelma01,Matas Buzelis,12,3,23.0,43.0,7.0,9.0,8.0,61.0,12.0,5.0,1.0,7.0,5.0
buzelma01,Matas Buzelis,13,4,20.0,49.0,10.0,12.0,8.0,58.0,19.0,12.0,1.0,6.0,4.0
buzelma01,Matas Buzelis,14,3,16.0,35.0,5.0,6.0,10.0,47.0,16.0,12.0,2.0,3.0,4.0
buzelma01,Matas Buzelis,15,5,25.0,56.0,9.0,11.0,11.0,70.0,33.0,14.0,1.0,6.0,16.0
buzelma01,Matas Buzelis,16,3,22.0,40.0,6.0,9.0,11.0,61.0,16.0,7.0,2.0,6.0,7.0
buzelma01,Matas Buzelis,17,2,11.0,28.0,5.0,6.0,6.0,33.0,12.0,5.0,1.0,6.0,5.0
buzelma01,Matas Buzelis,18,3,11.0,32.0,7.0,9.0,5.0,34.0,16.0,4.0,2.0,6.0,11.0
buzelma01,Matas Buzelis,19,3,26.0,50.0,8.0,11.0,12.0,72.0,21.0,9.0,3.0,3.0,9.0
buzelma01,Matas Buzelis,20,2,8.0,21.0,11.0,13.0,4.0,31.0,13.0,7.0,0.0,3.0,4.0
buzelma01,Matas Buzelis,21,3,29.0,65.0,12.0,14.0,11.0,81.0,23.0,5.0,4.0,4.0,5.0
buzelma01,Matas Buzelis,22,3,23.0,50.0,5.0,8.0,10.0,61.0,19.0,2.0,5.0,7.0,5.0
buzelma01,Matas Buzelis,23,4,30.0,65.0,12.0,13.0,13.0,85.0,31.0,6.0,1.0,5.0,11.0
buzelma01,Matas Buzelis,24,3,14.0,32.0,7.0,9.0,5.0,40.0,21.0,8.0,3.0,3.0,9.0
buzelma01,Matas Buzelis,25,1,6.0,17.0,2.0,3.0,0.0,14.0,8.0,3.0,1.0,3.0,2.0
thybuma01,Matisse Thybulle,1,3,5.0,9.0,4.0,4.0,3.0,17.0,4.0,2.0,8.0,0.0,1.0
thybuma01,Matisse Thybulle,2,1,1.0,1.0,0.0,0.0,1.0,3.0,0.0,1.0,2.0,0.0,0.0
thybuma01,Matisse Thybulle,18,2,2.0,7.0,2.0,2.0,2.0,8.0,5.0,1.0,4.0,0.0,4.0
thybuma01,Matisse Thybulle,19,4,9.0,17.0,4.0,4.0,5.0,27.0,8.0,4.0,4.0,7.0,1.0
thybuma01,Matisse Thybulle,20,3,2.0,7.0,0.0,0.0,1.0,5.0,4.0,3.0,6.0,0.0,2.0
thybuma01,Matisse Thybulle,21,3,5.0,15.0,0.0,0.0,4.0,14.0,5.0,3.0,7.0,1.0,3.0
thybuma01,Matisse Thybulle,22,4,6.0,22.0,2.0,2.0,5.0,19.0,9.0,3.0,6.0,2.0,2.0
thybuma01,Matisse Thybulle,23,4,13.0,21.0,6.0,9.0,6.0,38.0,13.0,3.0,7.0,2.0,8.0
thybuma01,Matisse Thybulle,24,2,6.0,14.0,2.0,2.0,4.0,18.0,7.0,3.0,5.0,1.0,2.0
thybuma01,Matisse Thybulle,25,4,9.0,21.0,1.0,2.0,6.0,25.0,4.0,4.0,11.0,3.0,5.0
chrisma02,Max Christie,1,3,11.0,19.0,4.0,4.0,9.0,35.0,3.0,5.0,1.0,1.0,4.0
chrisma02,Max Christie,2,3,13.0,26.0,4.0,5.0,7.0,37.0,10.0,9.0,0.0,1.0,3.0
chrisma02,Max Christie,3,4,22.0,48.0,5.0,7.0,10.0,59.0,15.0,10.0,4.0,1.0,3.0
chrisma02,Max Christie,4,4,16.0,37.0,5.0,8.0,12.0,49.0,22.0,14.0,3.0,5.0,5.0
chrisma02,Max Christie,5,4,16.0,30.0,7.0,8.0,9.0,48.0,13.0,2.0,2.0,1.0,7.0
chrisma02,Max Christie,6,3,11.0,28.0,2.0,2.0,7.0,31.0,8.0,4.0,0.0,1.0,3.0
chrisma02,Max Christie,7,4,12.0,19.0,5.0,5.0,8.0,37.0,9.0,3.0,1.0,0.0,4.0
chrisma02,Max Christie,8,1,5.0,13.0,1.0,1.0,4.0,15.0,6.0,3.0,2.0,2.0,1.0
chrisma02,Max Christie,9,3,4.0,11.0,9.0,10.0,2.0,19.0,7.0,4.0,1.0,1.0,0.0
chrisma02,Max Christie,10,2,8.0,21.0,3.0,4.0,3.0,22.0,13.0,8.0,2.0,0.0,4.0
chrisma02,Max Christie,11,3,25.0,38.0,6.0,6.0,11.0,67.0,11.0,9.0,1.0,1.0,5.0
chrisma02,Max Christie,12,3,12.0,31.0,6.0,6.0,7.0,37.0,10.0,8.0,0.0,0.0,3.0
chrisma02,Max Christie,13,2,11.0,25.0,6.0,8.0,4.0,32.0,7.0,6.0,3.0,0.0,1.0
chrisma02,Max Christie,14,3,24.0,47.0,6.0,6.0,17.0,71.0,12.0,7.0,2.0,0.0,3.0
chrisma02,Max Christie,15,3,11.0,34.0,7.0,8.0,4.0,33.0,9.0,5.0,1.0,2.0,6.0
chrisma02,Max Christie,16,3,17.0,39.0,6.0,6.0,7.0,47.0,8.0,10.0,3.0,0.0,1.0
chrisma02,Max Christie,17,2,9.0,20.0,4.0,5.0,2.0,24.0,7.0,7.0,2.0,2.0,1.0
chrisma02,Max Christie,18,1,6.0,11.0,2.0,2.0,2.0,16.0,2.0,4.0,0.0,0.0,3.0
chrisma02,Max Christie,19,4,18.0,44.0,4.0,4.0,8.0,48.0,19.0,2.0,2.0,0.0,10.0
chrisma02,Max Christie,20,4,11.0,41.0,2.0,2.0,7.0,31.0,15.0,7.0,1.0,0.0,6.0
chrisma02,Max Christie,21,4,14.0,30.0,3.0,3.0,9.0,40.0,5.0,6.0,4.0,2.0,7.0
chrisma02,Max Christie,22,3,10.0,24.0,5.0,5.0,7.0,32.0,10.0,1.0,3.0,1.0,6.0
chrisma02,Max Christie,23,3,10.0,21.0,2.0,2.0,7.0,29.0,6.0,5.0,3.0,3.0,4.0
chrisma02,Max Christie,24,4,8.0,30.0,5.0,5.0,7.0,28.0,13.0,6.0,3.0,0.0,3.0
chrisma02,Max Christie,25,4,16.0,38.0,16.0,17.0,10.0,58.0,9.0,6.0,3.0,3.0,3.0
strusma01,Max Strus,21,1,7.0,9.0,4.0,4.0,6.0,24.0,8.0,1.0,0.0,0.0,1.0
strusma01,Max Strus,22,3,4.0,16.0,0.0,0.0,3.0,11.0,20.0,7.0,2.0,0.0,3.0
strusma01,Max Strus,23,2,14.0,24.0,1.0,2.0,11.0,40.0,11.0,4.0,1.0,0.0,1.0
strusma01,Max Strus,24,3,14.0,32.0,1.0,2.0,10.0,39.0,15.0,8.0,0.0,0.0,2.0
strusma01,Max Strus,25,3,8.0,25.0,1.0,1.0,3.0,20.0,11.0,4.0,0.0,0.0,2.0
raynama01,Maxime Raynaud,1,1,0.0,1.0,0.0,0.0,0.0,0.0,4.0,2.0,0.0,0.0,1.0
raynama01,Maxime Raynaud,2,1,0.0,1.0,0.0,0.0,0.0,0.0,1.0,0.0,0.0,0.0,0.0
raynama01,Maxime Raynaud,3,3,6.0,15.0,7.0,8.0,0.0,19.0,13.0,1.0,2.0,1.0,2.0
raynama01,Maxime Raynaud,4,1,3.0,6.0,1.0,1.0,0.0,7.0,4.0,1.0,0.0,1.0,3.0
raynama01,Maxime Raynaud,5,3,12.0,18.0,0.0,0.0,1.0,25.0,10.0,2.0,1.0,1.0,0.0
raynama01,Maxime Raynaud,6,4,10.0,24.0,8.0,11.0,1.0,29.0,14.0,3.0,1.0,2.0,2.0
raynama01,Maxime Raynaud,7,2,16.0,26.0,3.0,3.0,2.0,37.0,16.0,4.0,1.0,3.0,1.0
raynama01,Maxime Raynaud,8,3,15.0,27.0,5.0,10.0,1.0,36.0,23.0,4.0,1.0,1.0,6.0
raynama01,Maxime Raynaud,9,3,23.0,45.0,11.0,13.0,1.0,58.0,36.0,3.0,4.0,1.0,9.0
raynama01,Maxime Raynaud,10,3,21.0,33.0,0.0,1.0,1.0,43.0,24.0,6.0,1.0,3.0,3.0
raynama01,Maxime Raynaud,11,4,16.0,28.0,4.0,8.0,0.0,36.0,33.0,4.0,1.0,2.0,1.0
raynama01,Maxime Raynaud,12,3,16.0,23.0,2.0,2.0,0.0,34.0,25.0,4.0,1.0,2.0,4.0
raynama01,Maxime Raynaud,13,4,14.0,30.0,2.0,4.0,1.0,31.0,25.0,7.0,1.0,1.0,3.0
raynama01,Maxime Raynaud,14,4,7.0,21.0,2.0,2.0,1.0,17.0,20.0,2.0,2.0,1.0,3.0
raynama01,Maxime Raynaud,15,4,16.0,22.0,6.0,7.0,2.0,40.0,30.0,2.0,2.0,3.0,6.0
raynama01,Maxime Raynaud,16,3,14.0,21.0,4.0,4.0,0.0,32.0,17.0,2.0,4.0,0.0,2.0
raynama01,Maxime Raynaud,17,2,11.0,21.0,6.0,7.0,0.0,28.0,23.0,2.0,2.0,1.0,1.0
raynama01,Maxime Raynaud,18,2,14.0,27.0,5.0,5.0,0.0,33.0,26.0,7.0,1.0,1.0,2.0
raynama01,Maxime Raynaud,19,4,26.0,41.0,7.0,8.0,0.0,59.0,40.0,5.0,1.0,1.0,7.0
raynama01,Maxime Raynaud,20,3,25.0,41.0,8.0,9.0,0.0,58.0,26.0,7.0,3.0,3.0,6.0
raynama01,Maxime Raynaud,21,4,24.0,38.0,5.0,7.0,0.0,53.0,34.0,7.0,0.0,5.0,11.0
raynama01,Maxime Raynaud,22,3,34.0,55.0,11.0,13.0,5.0,84.0,23.0,7.0,1.0,3.0,4.0
raynama01,Maxime Raynaud,23,4,19.0,41.0,16.0,22.0,3.0,57.0,32.0,5.0,5.0,0.0,5.0
raynama01,Maxime Raynaud,24,3,18.0,30.0,9.0,11.0,0.0,45.0,32.0,6.0,1.0,1.0,4.0
raynama01,Maxime Raynaud,25,3,23.0,36.0,10.0,12.0,5.0,61.0,25.0,7.0,2.0,2.0,8.0
pottemi01,Micah Potter,10,2,3.0,6.0,4.0,4.0,1.0,11.0,5.0,1.0,0.0,1.0,0.0
pottemi01,Micah Potter,11,4,11.0,22.0,10.0,10.0,6.0,38.0,22.0,12.0,2.0,2.0,6.0
pottemi01,Micah Potter,12,3,9.0,15.0,5.0,6.0,7.0,30.0,6.0,0.0,0.0,0.0,2.0
pottemi01,Micah Potter,13,3,2.0,11.0,2.0,2.0,1.0,7.0,14.0,6.0,2.0,0.0,2.0
pottemi01,Micah Potter,14,3,5.0,14.0,7.0,8.0,2.0,19.0,12.0,2.0,0.0,1.0,0.0
pottemi01,Micah Potter,15,2,4.0,13.0,1.0,2.0,2.0,11.0,8.0,2.0,1.0,1.0,2.0
pottemi01,Micah Potter,16,3,8.0,12.0,0.0,0.0,5.0,21.0,14.0,5.0,2.0,0.0,2.0
pottemi01,Micah Potter,17,2,9.0,17.0,8.0,10.0,3.0,29.0,14.0,4.0,1.0,2.0,2.0
pottemi01,Micah Potter,18,3,12.0,30.0,4.0,4.0,6.0,34.0,17.0,8.0,3.0,0.0,8.0
pottemi01,Micah Potter,19,3,21.0,31.0,8.0,9.0,10.0,60.0,16.0,4.0,3.0,3.0,3.0
pottemi01,Micah Potter,20,3,9.0,18.0,8.0,10.0,5.0,31.0,16.0,4.0,1.0,1.0,2.0
pottemi01,Micah Potter,21,4,9.0,16.0,5.0,5.0,1.0,24.0,13.0,2.0,1.0,1.0,2.0
pottemi01,Micah Potter,22,1,3.0,5.0,2.0,2.0,1.0,9.0,2.0,2.0,1.0,1.0,0.0
pottemi01,Micah Potter,23,4,14.0,22.0,8.0,10.0,8.0,44.0,18.0,3.0,0.0,1.0,3.0
pottemi01,Micah Potter,24,3,10.0,18.0,8.0,10.0,5.0,33.0,18.0,8.0,1.0,0.0,3.0
pottemi01,Micah Potter,25,4,22.0,43.0,5.0,9.0,8.0,57.0,38.0,6.0,4.0,1.0,10.0
portemi01,Michael Porter Jr.,1,3,23.0,52.0,3.0,6.0,10.0,59.0,18.0,12.0,3.0,0.0,2.0
portemi01,Michael Porter Jr.,2,3,27.0,56.0,6.0,6.0,7.0,67.0,30.0,6.0,1.0,1.0,10.0
portemi01,Michael Porter Jr.,3,3,27.0,55.0,18.0,22.0,13.0,85.0,20.0,5.0,3.0,0.0,11.0
portemi01,Michael Porter Jr.,4,3,26.0,55.0,20.0,21.0,7.0,79.0,26.0,17.0,1.0,0.0,5.0
portemi01,Michael Porter Jr.,5,3,30.0,55.0,11.0,13.0,12.0,83.0,20.0,8.0,4.0,1.0,4.0
portemi01,Michael Porter Jr.,6,1,6.0,15.0,3.0,5.0,1.0,16.0,4.0,0.0,0.0,0.0,2.0
portemi01,Michael Porter Jr.,7,3,37.0,67.0,12.0,16.0,17.0,103.0,26.0,12.0,6.0,2.0,7.0
portemi01,Michael Porter Jr.,8,2,16.0,31.0,6.0,8.0,8.0,46.0,10.0,8.0,0.0,0.0,7.0
portemi01,Michael Porter Jr.,9,2,19.0,42.0,5.0,5.0,9.0,52.0,17.0,8.0,1.0,0.0,4.0
portemi01,Michael Porter Jr.,10,2,18.0,36.0,10.0,12.0,9.0,55.0,15.0,5.0,2.0,0.0,6.0
portemi01,Michael Porter Jr.,11,2,18.0,35.0,11.0,13.0,7.0,54.0,20.0,10.0,3.0,1.0,6.0
portemi01,Michael Porter Jr.,12,2,19.0,44.0,6.0,6.0,8.0,52.0,10.0,7.0,7.0,1.0,7.0
portemi01,Michael Porter Jr.,13,3,25.0,54.0,9.0,9.0,15.0,74.0,23.0,5.0,2.0,0.0,11.0
portemi01,Michael Porter Jr.,14,4,26.0,67.0,13.0,14.0,9.0,74.0,22.0,13.0,2.0,1.0,8.0
portemi01,Michael Porter Jr.,15,2,28.0,52.0,5.0,6.0,13.0,74.0,15.0,6.0,5.0,2.0,4.0
portemi01,Michael Porter Jr.,16,3,17.0,47.0,14.0,16.0,5.0,53.0,18.0,8.0,3.0,0.0,8.0
portemi01,Michael Porter Jr.,18,3,19.0,48.0,13.0,15.0,3.0,54.0,21.0,13.0,2.0,1.0,2.0
portemi01,Michael Porter Jr.,19,4,34.0,67.0,15.0,17.0,12.0,95.0,21.0,7.0,5.0,0.0,10.0
portemi01,Michael Porter Jr.,20,3,22.0,66.0,12.0,14.0,10.0,66.0,29.0,7.0,4.0,2.0,5.0
portemi01,Michael Porter Jr.,21,1,7.0,14.0,4.0,4.0,1.0,19.0,2.0,1.0,1.0,0.0,3.0
bridgmi01,Mikal Bridges,1,3,18.0,32.0,6.0,7.0,6.0,48.0,16.0,12.0,5.0,3.0,3.0
bridgmi01,Mikal Bridges,2,3,20.0,37.0,8.0,9.0,9.0,57.0,20.0,21.0,2.0,1.0,5.0
bridgmi01,Mikal Bridges,3,3,15.0,28.0,0.0,0.0,9.0,39.0,4.0,14.0,4.0,5.0,1.0
bridgmi01,Mikal Bridges,4,3,17.0,47.0,3.0,4.0,6.0,43.0,14.0,12.0,13.0,2.0,2.0
bridgmi01,Mikal Bridges,5,3,23.0,38.0,5.0,9.0,6.0,57.0,15.0,12.0,7.0,7.0,5.0
bridgmi01,Mikal Bridges,6,4,26.0,44.0,4.0,4.0,6.0,62.0,16.0,12.0,9.0,6.0,4.0
bridgmi01,Mikal Bridges,7,4,30.0,55.0,3.0,3.0,10.0,73.0,21.0,15.0,6.0,2.0,3.0
bridgmi01,Mikal Bridges,8,2,13.0,27.0,2.0,2.0,3.0,31.0,8.0,7.0,2.0,1.0,1.0
bridgmi01,Mikal Bridges,9,3,27.0,49.0,0.0,1.0,13.0,67.0,17.0,14.0,0.0,1.0,5.0
bridgmi01,Mikal Bridges,10,3,18.0,39.0,0.0,1.0,5.0,41.0,9.0,12.0,3.0,1.0,4.0
bridgmi01,Mikal Bridges,11,4,20.0,47.0,1.0,2.0,8.0,49.0,20.0,24.0,7.0,2.0,4.0
bridgmi01,Mikal Bridges,12,4,23.0,49.0,0.0,0.0,8.0,54.0,23.0,16.0,5.0,4.0,4.0
bridgmi01,Mikal Bridges,13,3,21.0,43.0,5.0,5.0,8.0,55.0,7.0,5.0,4.0,2.0,3.0
bridgmi01,Mikal Bridges,14,3,11.0,35.0,2.0,2.0,3.0,27.0,10.0,11.0,3.0,2.0,3.0
bridgmi01,Mikal Bridges,15,4,28.0,50.0,5.0,5.0,7.0,68.0,6.0,16.0,5.0,1.0,4.0
bridgmi01,Mikal Bridges,16,4,22.0,44.0,9.0,11.0,8.0,61.0,13.0,12.0,1.0,4.0,4.0
bridgmi01,Mikal Bridges,17,2,18.0,30.0,5.0,5.0,3.0,44.0,11.0,9.0,3.0,1.0,3.0
bridgmi01,Mikal Bridges,18,3,13.0,30.0,0.0,0.0,4.0,30.0,11.0,10.0,3.0,1.0,4.0
bridgmi01,Mikal Bridges,19,3,21.0,42.0,5.0,6.0,6.0,53.0,9.0,10.0,10.0,3.0,2.0
bridgmi01,Mikal Bridges,20,4,14.0,38.0,4.0,5.0,3.0,35.0,14.0,13.0,1.0,5.0,5.0
bridgmi01,Mikal Bridges,21,4,12.0,36.0,2.0,3.0,4.0,30.0,19.0,8.0,3.0,4.0,3.0
bridgmi01,Mikal Bridges,22,3,13.0,30.0,2.0,2.0,5.0,33.0,11.0,13.0,1.0,1.0,2.0
bridgmi01,Mikal Bridges,23,3,17.0,35.0,1.0,2.0,8.0,43.0,3.0,10.0,4.0,1.0,4.0
bridgmi01,Mikal Bridges,24,3,16.0,31.0,7.0,7.0,4.0,43.0,7.0,5.0,1.0,1.0,4.0
bridgmi01,Mikal Bridges,25,4,16.0,27.0,2.0,3.0,4.0,38.0,8.0,11.0,5.0,1.0,1.0
bridgmi02,Miles Bridges,1,3,18.0,45.0,15.0,17.0,7.0,58.0,24.0,14.0,2.0,0.0,2.0
bridgmi02,Miles Bridges,2,4,29.0,65.0,19.0,20.0,15.0,92.0,21.0,11.0,2.0,2.0,6.0
bridgmi02,Miles Bridges,3,2,11.0,35.0,11.0,13.0,3.0,36.0,20.0,10.0,1.0,1.0,5.0
bridgmi02,Miles Bridges,4,4,36.0,78.0,11.0,12.0,18.0,101.0,25.0,17.0,2.0,2.0,6.0
bridgmi02,Miles Bridges,5,4,31.0,75.0,18.0,20.0,7.0,87.0,21.0,12.0,5.0,5.0,6.0
bridgmi02,Miles Bridges,6,3,27.0,54.0,14.0,20.0,6.0,74.0,15.0,8.0,1.0,2.0,5.0
bridgmi02,Miles Bridges,7,4,22.0,57.0,10.0,13.0,1.0,55.0,26.0,14.0,2.0,1.0,8.0
bridgmi02,Miles Bridges,8,2,20.0,39.0,5.0,7.0,7.0,52.0,12.0,13.0,1.0,0.0,2.0
bridgmi02,Miles Bridges,9,2,12.0,28.0,6.0,6.0,5.0,35.0,5.0,4.0,1.0,1.0,4.0
bridgmi02,Miles Bridges,10,3,16.0,40.0,8.0,11.0,3.0,43.0,26.0,18.0,1.0,5.0,2.0
bridgmi02,Miles Bridges,11,3,20.0,37.0,5.0,6.0,9.0,54.0,23.0,3.0,2.0,0.0,4.0
bridgmi02,Miles Bridges,12,4,22.0,40.0,11.0,13.0,8.0,63.0,27.0,18.0,1.0,2.0,6.0
bridgmi02,Miles Bridges,13,4,19.0,41.0,7.0,7.0,7.0,52.0,22.0,8.0,0.0,0.0,5.0
bridgmi02,Miles Bridges,14,3,16.0,38.0,4.0,8.0,5.0,41.0,12.0,7.0,1.0,2.0,4.0
bridgmi02,Miles Bridges,15,4,24.0,47.0,6.0,6.0,7.0,61.0,23.0,16.0,3.0,3.0,5.0
bridgmi02,Miles Bridges,16,3,20.0,42.0,9.0,10.0,4.0,53.0,16.0,10.0,2.0,0.0,5.0
bridgmi02,Miles Bridges,17,1,1.0,6.0,4.0,4.0,0.0,6.0,4.0,1.0,0.0,0.0,3.0
bridgmi02,Miles Bridges,19,3,14.0,28.0,2.0,2.0,7.0,37.0,18.0,9.0,7.0,2.0,6.0
bridgmi02,Miles Bridges,20,4,18.0,52.0,8.0,13.0,4.0,48.0,15.0,9.0,2.0,1.0,3.0
bridgmi02,Miles Bridges,21,3,21.0,44.0,10.0,11.0,7.0,59.0,13.0,10.0,2.0,0.0,7.0
bridgmi02,Miles Bridges,22,3,16.0,28.0,3.0,6.0,3.0,38.0,17.0,3.0,3.0,1.0,3.0
bridgmi02,Miles Bridges,23,4,21.0,43.0,8.0,9.0,1.0,51.0,21.0,10.0,0.0,0.0,4.0
bridgmi02,Miles Bridges,24,4,34.0,56.0,8.0,9.0,12.0,88.0,23.0,12.0,5.0,2.0,5.0
bridgmi02,Miles Bridges,25,3,11.0,24.0,6.0,10.0,2.0,30.0,21.0,9.0,0.0,2.0,1.0
mcbrimi01,Miles McBride,1,2,7.0,18.0,5.0,6.0,6.0,25.0,6.0,5.0,2.0,1.0,2.0
mcbrimi01,Miles McBride,2,2,6.0,17.0,0.0,0.0,4.0,16.0,6.0,5.0,2.0,0.0,1.0
mcbrimi01,Miles McBride,3,3,7.0,17.0,0.0,0.0,3.0,17.0,8.0,10.0,3.0,0.0,2.0
mcbrimi01,Miles McBride,4,3,10.0,24.0,1.0,3.0,6.0,27.0,5.0,7.0,2.0,0.0,3.0
mcbrimi01,Miles McBride,5,2,14.0,35.0,0.0,1.0,8.0,36.0,4.0,2.0,0.0,2.0,1.0
mcbrimi01,Miles McBride,6,4,20.0,37.0,6.0,6.0,15.0,61.0,12.0,9.0,4.0,0.0,4.0
mcbrimi01,Miles McBride,7,4,15.0,33.0,7.0,8.0,13.0,50.0,9.0,11.0,0.0,2.0,2.0
mcbrimi01,Miles McBride,11,4,21.0,43.0,10.0,10.0,14.0,66.0,12.0,8.0,4.0,0.0,3.0
mcbrimi01,Miles McBride,12,4,22.0,50.0,0.0,0.0,14.0,58.0,5.0,11.0,4.0,1.0,3.0
mcbrimi01,Miles McBride,13,3,22.0,48.0,1.0,1.0,13.0,58.0,11.0,17.0,2.0,0.0,4.0
mcbrimi01,Miles McBride,14,3,9.0,29.0,5.0,8.0,5.0,28.0,10.0,8.0,5.0,0.0,2.0
mcbrimi01,Miles McBride,15,1,4.0,11.0,0.0,0.0,1.0,9.0,2.0,4.0,2.0,0.0,1.0
mcbrimi01,Miles McBride,23,1,0.0,3.0,0.0,0.0,0.0,0.0,1.0,1.0,0.0,1.0,1.0
mcbrimi01,Miles McBride,24,2,3.0,13.0,0.0,0.0,3.0,9.0,2.0,3.0,2.0,1.0,3.0
mcbrimi01,Miles McBride,25,3,11.0,26.0,2.0,4.0,7.0,31.0,6.0,5.0,3.0,1.0,1.0
robinmi01,Mitchell Robinson,2,2,2.0,6.0,0.0,0.0,0.0,4.0,16.0,3.0,0.0,2.0,1.0
robinmi01,Mitchell Robinson,3,2,8.0,9.0,0.0,1.0,0.0,16.0,18.0,1.0,3.0,5.0,1.0
robinmi01,Mitchell Robinson,4,2,1.0,4.0,0.0,0.0,0.0,2.0,18.0,2.0,0.0,0.0,2.0
robinmi01,Mitchell Robinson,5,3,6.0,7.0,2.0,8.0,0.0,14.0,22.0,2.0,1.0,3.0,3.0
robinmi01,Mitchell Robinson,6,3,4.0,7.0,0.0,4.0,0.0,8.0,27.0,2.0,5.0,1.0,2.0
robinmi01,Mitchell Robinson,7,3,5.0,6.0,1.0,4.0,0.0,11.0,25.0,3.0,3.0,2.0,2.0
robinmi01,Mitchell Robinson,8,2,2.0,2.0,3.0,10.0,0.0,7.0,14.0,4.0,1.0,5.0,2.0
robinmi01,Mitchell Robinson,9,2,10.0,12.0,10.0,11.0,0.0,30.0,23.0,3.0,3.0,3.0,1.0
robinmi01,Mitchell Robinson,10,3,4.0,8.0,0.0,2.0,0.0,8.0,29.0,4.0,3.0,4.0,3.0
robinmi01,Mitchell Robinson,11,1,1.0,2.0,0.0,1.0,0.0,2.0,5.0,2.0,2.0,0.0,1.0
robinmi01,Mitchell Robinson,12,4,10.0,18.0,0.0,0.0,0.0,20.0,44.0,5.0,3.0,6.0,1.0
robinmi01,Mitchell Robinson,13,2,3.0,4.0,3.0,8.0,0.0,9.0,21.0,2.0,1.0,2.0,1.0
robinmi01,Mitchell Robinson,14,3,12.0,15.0,1.0,4.0,0.0,25.0,31.0,0.0,3.0,6.0,2.0
robinmi01,Mitchell Robinson,15,3,4.0,7.0,1.0,2.0,0.0,9.0,27.0,3.0,2.0,1.0,2.0
robinmi01,Mitchell Robinson,16,3,8.0,9.0,3.0,8.0,0.0,19.0,20.0,2.0,1.0,1.0,0.0
robinmi01,Mitchell Robinson,17,1,3.0,3.0,5.0,8.0,0.0,11.0,6.0,0.0,0.0,4.0,1.0
robinmi01,Mitchell Robinson,18,2,5.0,9.0,3.0,6.0,0.0,13.0,10.0,0.0,2.0,1.0,1.0
robinmi01,Mitchell Robinson,19,3,7.0,8.0,1.0,7.0,0.0,15.0,24.0,4.0,2.0,5.0,2.0
robinmi01,Mitchell Robinson,20,3,9.0,11.0,1.0,2.0,0.0,19.0,19.0,1.0,3.0,0.0,2.0
robinmi01,Mitchell Robinson,21,3,11.0,16.0,0.0,0.0,0.0,22.0,45.0,3.0,6.0,4.0,5.0
robinmi01,Mitchell Robinson,22,3,10.0,12.0,1.0,6.0,0.0,21.0,28.0,4.0,2.0,5.0,3.0
robinmi01,Mitchell Robinson,23,3,8.0,10.0,2.0,3.0,0.0,18.0,18.0,1.0,2.0,5.0,3.0
robinmi01,Mitchell Robinson,24,2,9.0,11.0,4.0,6.0,0.0,22.0,16.0,0.0,3.0,1.0,0.0
robinmi01,Mitchell Robinson,25,2,7.0,10.0,1.0,2.0,0.0,15.0,19.0,1.0,5.0,4.0,0.0
moodymo01,Moses Moody,1,1,1.0,6.0,4.0,6.0,1.0,7.0,2.0,0.0,1.0,0.0,2.0
moodymo01,Moses Moody,2,4,10.0,25.0,3.0,3.0,9.0,32.0,10.0,6.0,2.0,4.0,4.0
moodymo01,Moses Moody,3,4,21.0,46.0,11.0,13.0,14.0,67.0,14.0,9.0,5.0,5.0,5.0
moodymo01,Moses Moody,4,4,21.0,43.0,8.0,9.0,15.0,65.0,10.0,4.0,4.0,2.0,4.0
moodymo01,Moses Moody,5,3,8.0,24.0,5.0,6.0,4.0,25.0,12.0,7.0,3.0,2.0,8.0
moodymo01,Moses Moody,6,3,12.0,37.0,5.0,5.0,6.0,35.0,16.0,1.0,4.0,2.0,1.0
moodymo01,Moses Moody,7,4,11.0,26.0,8.0,10.0,7.0,37.0,10.0,6.0,2.0,1.0,4.0
moodymo01,Moses Moody,8,2,10.0,19.0,0.0,1.0,3.0,23.0,6.0,4.0,4.0,1.0,0.0
moodymo01,Moses Moody,9,2,3.0,14.0,0.0,0.0,2.0,8.0,10.0,6.0,1.0,1.0,1.0
moodymo01,Moses Moody,10,3,13.0,26.0,3.0,3.0,6.0,35.0,11.0,6.0,3.0,4.0,3.0
moodymo01,Moses Moody,11,4,13.0,35.0,1.0,3.0,5.0,32.0,12.0,4.0,3.0,1.0,4.0
moodymo01,Moses Moody,12,4,7.0,21.0,4.0,5.0,4.0,22.0,5.0,4.0,4.0,1.0,1.0
moodymo01,Moses Moody,13,3,16.0,25.0,0.0,0.0,15.0,47.0,4.0,5.0,0.0,2.0,1.0
moodymo01,Moses Moody,14,4,20.0,38.0,3.0,5.0,11.0,54.0,20.0,7.0,5.0,3.0,1.0
moodymo01,Moses Moody,15,3,16.0,35.0,5.0,10.0,10.0,47.0,13.0,1.0,3.0,1.0,3.0
moodymo01,Moses Moody,16,3,14.0,32.0,4.0,5.0,11.0,43.0,14.0,3.0,4.0,2.0,2.0
moodymo01,Moses Moody,17,2,9.0,17.0,10.0,11.0,4.0,32.0,5.0,5.0,2.0,0.0,3.0
moodymo01,Moses Moody,18,2,13.0,25.0,1.0,3.0,7.0,34.0,10.0,7.0,1.0,0.0,3.0
moodymo01,Moses Moody,19,3,15.0,31.0,9.0,11.0,11.0,50.0,10.0,9.0,3.0,0.0,4.0
moodymo01,Moses Moody,20,1,4.0,12.0,0.0,0.0,2.0,10.0,3.0,1.0,1.0,0.0,1.0
moodymo01,Moses Moody,23,1,8.0,20.0,3.0,4.0,4.0,23.0,3.0,3.0,3.0,2.0,2.0
diabamo01,Moussa Diabaté,1,3,11.0,18.0,9.0,16.0,0.0,31.0,21.0,1.0,2.0,4.0,3.0
diabamo01,Moussa Diabaté,2,4,17.0,26.0,12.0,13.0,0.0,46.0,29.0,2.0,0.0,4.0,1.0
diabamo01,Moussa Diabaté,3,2,6.0,9.0,4.0,9.0,0.0,16.0,16.0,2.0,2.0,4.0,2.0
diabamo01,Moussa Diabaté,4,4,16.0,22.0,11.0,13.0,0.0,43.0,38.0,8.0,5.0,5.0,4.0
diabamo01,Moussa Diabaté,5,4,12.0,20.0,10.0,14.0,0.0,34.0,37.0,7.0,0.0,4.0,3.0
diabamo01,Moussa Diabaté,6,3,6.0,10.0,3.0,4.0,0.0,15.0,21.0,4.0,3.0,2.0,2.0
diabamo01,Moussa Diabaté,7,3,7.0,13.0,1.0,2.0,0.0,15.0,18.0,4.0,3.0,1.0,3.0
diabamo01,Moussa Diabaté,8,2,3.0,5.0,1.0,1.0,0.0,7.0,9.0,0.0,1.0,2.0,1.0
diabamo01,Moussa Diabaté,9,2,2.0,6.0,2.0,6.0,0.0,6.0,9.0,3.0,1.0,0.0,0.0
diabamo01,Moussa Diabaté,10,3,11.0,16.0,5.0,10.0,0.0,27.0,44.0,6.0,6.0,1.0,3.0
diabamo01,Moussa Diabaté,11,2,6.0,12.0,2.0,2.0,0.0,14.0,17.0,6.0,3.0,2.0,4.0
diabamo01,Moussa Diabaté,12,4,11.0,17.0,13.0,19.0,0.0,35.0,38.0,8.0,2.0,5.0,4.0
diabamo01,Moussa Diabaté,13,3,12.0,21.0,1.0,2.0,0.0,25.0,30.0,8.0,1.0,5.0,4.0
diabamo01,Moussa Diabaté,14,3,7.0,8.0,11.0,17.0,0.0,25.0,23.0,1.0,2.0,4.0,5.0
diabamo01,Moussa Diabaté,15,4,25.0,34.0,1.0,3.0,1.0,52.0,39.0,11.0,2.0,5.0,4.0
diabamo01,Moussa Diabaté,16,3,8.0,15.0,4.0,5.0,0.0,20.0,36.0,8.0,0.0,1.0,1.0
diabamo01,Moussa Diabaté,17,1,0.0,1.0,0.0,0.0,0.0,0.0,6.0,0.0,0.0,0.0,2.0
diabamo01,Moussa Diabaté,19,3,16.0,19.0,4.0,6.0,0.0,36.0,29.0,14.0,5.0,3.0,3.0
diabamo01,Moussa Diabaté,20,4,9.0,18.0,6.0,7.0,0.0,24.0,35.0,9.0,2.0,7.0,4.0
diabamo01,Moussa Diabaté,21,3,6.0,18.0,1.0,2.0,0.0,13.0,24.0,9.0,4.0,1.0,1.0
diabamo01,Moussa Diabaté,22,3,10.0,15.0,2.0,3.0,0.0,22.0,32.0,8.0,3.0,4.0,8.0
diabamo01,Moussa Diabaté,23,4,13.0,18.0,7.0,14.0,0.0,33.0,33.0,7.0,6.0,3.0,3.0
diabamo01,Moussa Diabaté,24,3,9.0,12.0,4.0,4.0,0.0,22.0,31.0,6.0,2.0,1.0,4.0
diabamo01,Moussa Diabaté,25,3,6.0,10.0,2.0,4.0,0.0,14.0,20.0,10.0,1.0,4.0,3.0
turnemy01,Myles Turner,1,3,11.0,32.0,2.0,4.0,4.0,28.0,19.0,9.0,2.0,7.0,7.0
turnemy01,Myles Turner,2,3,11.0,24.0,2.0,4.0,7.0,31.0,18.0,6.0,2.0,4.0,3.0
turnemy01,Myles Turner,3,4,20.0,39.0,5.0,9.0,10.0,55.0,29.0,5.0,9.0,10.0,6.0
turnemy01,Myles Turner,4,4,17.0,39.0,11.0,12.0,11.0,56.0,21.0,6.0,3.0,4.0,3.0
turnemy01,Myles Turner,5,3,13.0,30.0,5.0,7.0,9.0,40.0,21.0,5.0,4.0,3.0,3.0
turnemy01,Myles Turner,6,4,20.0,44.0,10.0,13.0,7.0,57.0,25.0,6.0,1.0,8.0,2.0
turnemy01,Myles Turner,7,4,13.0,32.0,13.0,17.0,10.0,49.0,9.0,6.0,2.0,5.0,3.0
turnemy01,Myles Turner,8,2,3.0,10.0,7.0,10.0,0.0,13.0,6.0,1.0,0.0,2.0,2.0
turnemy01,Myles Turner,9,2,10.0,25.0,7.0,8.0,7.0,34.0,11.0,6.0,0.0,0.0,0.0
turnemy01,Myles Turner,10,3,10.0,34.0,6.0,8.0,5.0,31.0,14.0,3.0,1.0,3.0,3.0
turnemy01,Myles Turner,11,4,16.0,39.0,10.0,12.0,10.0,52.0,22.0,5.0,2.0,13.0,3.0
turnemy01,Myles Turner,12,3,12.0,22.0,6.0,7.0,7.0,37.0,13.0,3.0,0.0,1.0,4.0
turnemy01,Myles Turner,13,1,2.0,7.0,0.0,0.0,1.0,5.0,3.0,3.0,0.0,0.0,0.0
turnemy01,Myles Turner,14,2,12.0,22.0,2.0,2.0,5.0,31.0,15.0,3.0,1.0,6.0,3.0
turnemy01,Myles Turner,15,3,20.0,40.0,12.0,13.0,7.0,59.0,22.0,5.0,3.0,8.0,6.0
turnemy01,Myles Turner,16,3,16.0,31.0,3.0,4.0,5.0,40.0,23.0,4.0,2.0,3.0,8.0
turnemy01,Myles Turner,17,2,7.0,13.0,1.0,5.0,3.0,18.0,14.0,5.0,2.0,7.0,2.0
turnemy01,Myles Turner,18,1,6.0,11.0,0.0,0.0,2.0,14.0,4.0,1.0,0.0,2.0,2.0
turnemy01,Myles Turner,19,4,15.0,32.0,5.0,8.0,9.0,44.0,19.0,2.0,5.0,4.0,5.0
turnemy01,Myles Turner,20,4,8.0,25.0,3.0,6.0,5.0,24.0,10.0,4.0,2.0,5.0,3.0
turnemy01,Myles Turner,21,4,16.0,34.0,8.0,8.0,10.0,50.0,23.0,8.0,2.0,2.0,5.0
turnemy01,Myles Turner,22,2,3.0,6.0,2.0,3.0,2.0,10.0,6.0,1.0,2.0,2.0,6.0
turnemy01,Myles Turner,23,2,7.0,19.0,3.0,5.0,5.0,22.0,6.0,1.0,2.0,3.0,2.0
turnemy01,Myles Turner,24,3,10.0,25.0,8.0,11.0,5.0,33.0,20.0,2.0,3.0,8.0,2.0
turnemy01,Myles Turner,25,1,6.0,11.0,0.0,1.0,1.0,13.0,5.0,3.0,0.0,5.0,0.0
marshna01,Naji Marshall,1,3,6.0,12.0,10.0,11.0,0.0,22.0,13.0,8.0,4.0,0.0,3.0
marshna01,Naji Marshall,2,3,5.0,14.0,8.0,9.0,1.0,19.0,8.0,2.0,2.0,0.0,3.0
marshna01,Naji Marshall,3,4,21.0,43.0,15.0,19.0,5.0,62.0,22.0,13.0,7.0,0.0,2.0
marshna01,Naji Marshall,4,4,19.0,39.0,15.0,20.0,5.0,58.0,26.0,11.0,5.0,0.0,5.0
marshna01,Naji Marshall,5,4,16.0,33.0,15.0,20.0,5.0,52.0,20.0,10.0,1.0,2.0,8.0
marshna01,Naji Marshall,6,3,13.0,26.0,11.0,12.0,4.0,41.0,20.0,5.0,6.0,0.0,3.0
marshna01,Naji Marshall,7,4,26.0,38.0,4.0,6.0,4.0,60.0,15.0,14.0,4.0,1.0,4.0
marshna01,Naji Marshall,8,1,6.0,9.0,4.0,5.0,1.0,17.0,1.0,4.0,1.0,0.0,1.0
marshna01,Naji Marshall,9,3,21.0,33.0,10.0,11.0,1.0,53.0,15.0,6.0,3.0,0.0,5.0
marshna01,Naji Marshall,10,4,22.0,44.0,7.0,9.0,4.0,55.0,15.0,10.0,2.0,0.0,5.0
marshna01,Naji Marshall,11,3,16.0,30.0,3.0,5.0,1.0,36.0,10.0,10.0,0.0,0.0,3.0
marshna01,Naji Marshall,12,3,18.0,32.0,6.0,12.0,4.0,46.0,13.0,8.0,5.0,0.0,5.0
marshna01,Naji Marshall,13,4,34.0,55.0,13.0,17.0,3.0,84.0,20.0,22.0,7.0,1.0,9.0
marshna01,Naji Marshall,14,3,24.0,45.0,19.0,22.0,3.0,70.0,26.0,15.0,2.0,0.0,8.0
marshna01,Naji Marshall,15,2,10.0,25.0,6.0,11.0,0.0,26.0,14.0,3.0,0.0,1.0,2.0
marshna01,Naji Marshall,16,3,17.0,44.0,8.0,8.0,5.0,47.0,17.0,11.0,3.0,0.0,3.0
marshna01,Naji Marshall,17,2,20.0,30.0,8.0,12.0,2.0,50.0,6.0,6.0,3.0,0.0,4.0
marshna01,Naji Marshall,18,2,12.0,26.0,8.0,13.0,0.0,32.0,7.0,5.0,4.0,0.0,5.0
marshna01,Naji Marshall,19,3,23.0,42.0,14.0,20.0,1.0,61.0,17.0,15.0,2.0,1.0,7.0
marshna01,Naji Marshall,20,3,11.0,27.0,4.0,4.0,1.0,27.0,5.0,9.0,2.0,0.0,4.0
marshna01,Naji Marshall,21,4,22.0,40.0,12.0,16.0,5.0,61.0,20.0,17.0,4.0,0.0,14.0
marshna01,Naji Marshall,22,3,25.0,57.0,11.0,15.0,3.0,64.0,13.0,15.0,3.0,0.0,3.0
marshna01,Naji Marshall,23,3,21.0,46.0,12.0,15.0,3.0,57.0,13.0,13.0,6.0,0.0,10.0
marshna01,Naji Marshall,24,2,8.0,21.0,5.0,8.0,1.0,22.0,10.0,9.0,3.0,0.0,2.0
marshna01,Naji Marshall,25,1,3.0,10.0,0.0,0.0,0.0,6.0,2.0,0.0,3.0,0.0,1.0
reidna01,Naz Reid,1,3,10.0,25.0,5.0,6.0,2.0,27.0,18.0,5.0,4.0,3.0,5.0
reidna01,Naz Reid,2,3,16.0,35.0,3.0,8.0,6.0,41.0,15.0,4.0,1.0,2.0,5.0
reidna01,Naz Reid,3,4,16.0,37.0,3.0,3.0,9.0,44.0,17.0,8.0,4.0,4.0,4.0
reidna01,Naz Reid,4,3,15.0,33.0,1.0,2.0,7.0,38.0,23.0,10.0,4.0,3.0,4.0
reidna01,Naz Reid,5,3,24.0,45.0,2.0,2.0,9.0,59.0,19.0,5.0,4.0,3.0,5.0
reidna01,Naz Reid,6,4,20.0,46.0,4.0,4.0,8.0,52.0,22.0,8.0,3.0,4.0,7.0
reidna01,Naz Reid,7,3,19.0,36.0,5.0,5.0,13.0,56.0,21.0,15.0,3.0,2.0,4.0
reidna01,Naz Reid,8,3,16.0,38.0,3.0,4.0,9.0,44.0,24.0,10.0,4.0,1.0,3.0
reidna01,Naz Reid,9,3,16.0,38.0,6.0,8.0,5.0,43.0,19.0,6.0,5.0,3.0,7.0
reidna01,Naz Reid,10,3,13.0,36.0,1.0,1.0,7.0,34.0,21.0,5.0,0.0,2.0,3.0
reidna01,Naz Reid,11,4,27.0,51.0,13.0,14.0,10.0,77.0,25.0,10.0,0.0,4.0,7.0
reidna01,Naz Reid,12,4,25.0,48.0,3.0,4.0,12.0,65.0,28.0,10.0,4.0,5.0,9.0
reidna01,Naz Reid,13,3,16.0,24.0,5.0,8.0,7.0,44.0,12.0,6.0,3.0,1.0,4.0
reidna01,Naz Reid,14,3,13.0,31.0,0.0,2.0,7.0,33.0,25.0,10.0,2.0,4.0,5.0
reidna01,Naz Reid,15,4,28.0,53.0,4.0,6.0,16.0,76.0,31.0,13.0,9.0,3.0,10.0
reidna01,Naz Reid,16,4,17.0,43.0,2.0,3.0,6.0,42.0,26.0,10.0,5.0,5.0,5.0
reidna01,Naz Reid,17,2,7.0,16.0,2.0,4.0,2.0,18.0,13.0,4.0,2.0,3.0,3.0
reidna01,Naz Reid,18,1,8.0,14.0,1.0,2.0,4.0,21.0,7.0,4.0,1.0,2.0,2.0
reidna01,Naz Reid,19,3,13.0,28.0,1.0,3.0,3.0,30.0,16.0,4.0,4.0,4.0,5.0
reidna01,Naz Reid,20,3,11.0,30.0,4.0,8.0,2.0,28.0,20.0,3.0,1.0,2.0,4.0
reidna01,Naz Reid,21,4,20.0,40.0,6.0,7.0,3.0,49.0,16.0,5.0,3.0,3.0,7.0
reidna01,Naz Reid,22,2,7.0,17.0,6.0,6.0,2.0,22.0,10.0,5.0,0.0,5.0,3.0
reidna01,Naz Reid,23,2,8.0,28.0,4.0,5.0,2.0,22.0,17.0,2.0,4.0,2.0,6.0
reidna01,Naz Reid,24,4,19.0,58.0,4.0,5.0,7.0,49.0,25.0,5.0,1.0,6.0,6.0
reidna01,Naz Reid,25,2,13.0,21.0,2.0,3.0,4.0,32.0,7.0,3.0,5.0,2.0,3.0
quetane01,Neemias Queta,1,3,12.0,17.0,5.0,7.0,0.0,29.0,21.0,4.0,2.0,4.0,6.0
quetane01,Neemias Queta,2,4,12.0,21.0,5.0,7.0,0.0,29.0,32.0,5.0,3.0,7.0,2.0
quetane01,Neemias Queta,3,4,16.0,25.0,5.0,11.0,0.0,37.0,34.0,8.0,4.0,4.0,3.0
quetane01,Neemias Queta,4,3,17.0,30.0,1.0,2.0,0.0,35.0,27.0,7.0,2.0,4.0,2.0
quetane01,Neemias Queta,5,3,14.0,20.0,0.0,0.0,0.0,28.0,21.0,5.0,0.0,4.0,0.0
quetane01,Neemias Queta,6,1,7.0,8.0,5.0,8.0,0.0,19.0,18.0,0.0,0.0,2.0,2.0
quetane01,Neemias Queta,7,4,20.0,28.0,6.0,8.0,0.0,46.0,27.0,8.0,4.0,6.0,3.0
quetane01,Neemias Queta,8,1,3.0,6.0,3.0,6.0,0.0,9.0,10.0,0.0,0.0,0.0,1.0
quetane01,Neemias Queta,9,3,14.0,18.0,2.0,4.0,0.0,30.0,15.0,4.0,4.0,2.0,2.0
quetane01,Neemias Queta,10,3,10.0,18.0,7.0,12.0,0.0,27.0,23.0,5.0,2.0,4.0,4.0
quetane01,Neemias Queta,11,3,15.0,21.0,3.0,5.0,0.0,33.0,17.0,1.0,4.0,5.0,2.0
quetane01,Neemias Queta,12,4,17.0,29.0,4.0,5.0,0.0,38.0,52.0,3.0,3.0,3.0,2.0
quetane01,Neemias Queta,13,3,16.0,21.0,6.0,10.0,0.0,38.0,24.0,3.0,4.0,3.0,6.0
quetane01,Neemias Queta,14,4,11.0,21.0,17.0,19.0,0.0,39.0,25.0,4.0,7.0,8.0,5.0
quetane01,Neemias Queta,15,3,13.0,27.0,2.0,4.0,0.0,28.0,27.0,12.0,3.0,3.0,7.0
quetane01,Neemias Queta,16,4,10.0,16.0,4.0,4.0,0.0,24.0,43.0,7.0,3.0,6.0,8.0
quetane01,Neemias Queta,17,1,4.0,4.0,0.0,0.0,0.0,8.0,6.0,1.0,0.0,1.0,2.0
quetane01,Neemias Queta,18,2,8.0,11.0,3.0,4.0,0.0,19.0,18.0,2.0,2.0,3.0,2.0
quetane01,Neemias Queta,19,4,23.0,34.0,13.0,16.0,0.0,59.0,36.0,7.0,3.0,7.0,3.0
quetane01,Neemias Queta,20,3,9.0,18.0,4.0,7.0,0.0,22.0,28.0,1.0,1.0,2.0,3.0
quetane01,Neemias Queta,21,3,13.0,20.0,7.0,9.0,0.0,33.0,24.0,4.0,2.0,5.0,3.0
quetane01,Neemias Queta,22,4,12.0,20.0,5.0,5.0,0.0,29.0,31.0,11.0,4.0,1.0,3.0
quetane01,Neemias Queta,23,3,15.0,22.0,5.0,8.0,0.0,35.0,24.0,8.0,1.0,4.0,3.0
quetane01,Neemias Queta,24,3,22.0,28.0,9.0,12.0,0.0,53.0,28.0,9.0,0.0,10.0,0.0
quetane01,Neemias Queta,25,3,13.0,16.0,2.0,2.0,1.0,29.0,25.0,7.0,2.0,2.0,1.0
claxtni01,Nic Claxton,1,3,17.0,33.0,3.0,4.0,0.0,37.0,18.0,8.0,4.0,0.0,3.0
claxtni01,Nic Claxton,2,3,19.0,30.0,5.0,10.0,0.0,43.0,21.0,9.0,1.0,4.0,4.0
claxtni01,Nic Claxton,3,4,20.0,27.0,26.0,34.0,0.0,66.0,31.0,20.0,4.0,6.0,6.0
claxtni01,Nic Claxton,4,3,19.0,33.0,13.0,18.0,0.0,51.0,21.0,14.0,2.0,8.0,4.0
claxtni01,Nic Claxton,5,3,12.0,28.0,11.0,17.0,0.0,35.0,33.0,18.0,1.0,4.0,7.0
claxtni01,Nic Claxton,6,3,9.0,22.0,9.0,14.0,0.0,27.0,14.0,5.0,1.0,2.0,6.0
claxtni01,Nic Claxton,7,4,22.0,39.0,8.0,11.0,1.0,53.0,39.0,29.0,3.0,8.0,5.0
claxtni01,Nic Claxton,8,2,10.0,20.0,4.0,4.0,0.0,24.0,13.0,7.0,1.0,1.0,2.0
claxtni01,Nic Claxton,9,2,14.0,18.0,0.0,2.0,0.0,28.0,19.0,10.0,2.0,3.0,4.0
claxtni01,Nic Claxton,10,2,12.0,16.0,6.0,9.0,0.0,30.0,16.0,5.0,2.0,1.0,4.0
claxtni01,Nic Claxton,11,2,12.0,19.0,2.0,6.0,0.0,26.0,17.0,6.0,3.0,3.0,1.0
claxtni01,Nic Claxton,12,3,11.0,20.0,4.0,9.0,1.0,27.0,15.0,9.0,1.0,4.0,4.0
claxtni01,Nic Claxton,13,4,20.0,32.0,2.0,6.0,0.0,42.0,31.0,14.0,3.0,8.0,8.0
claxtni01,Nic Claxton,14,4,18.0,32.0,4.0,6.0,0.0,40.0,27.0,12.0,3.0,6.0,2.0
claxtni01,Nic Claxton,15,4,14.0,29.0,6.0,14.0,0.0,34.0,24.0,19.0,4.0,5.0,7.0
claxtni01,Nic Claxton,16,3,15.0,21.0,5.0,13.0,0.0,35.0,16.0,9.0,0.0,0.0,2.0
claxtni01,Nic Claxton,17,1,12.0,15.0,3.0,6.0,1.0,28.0,10.0,4.0,1.0,0.0,1.0
claxtni01,Nic Claxton,18,1,6.0,11.0,3.0,5.0,0.0,15.0,8.0,5.0,1.0,0.0,1.0
claxtni01,Nic Claxton,19,3,17.0,27.0,6.0,9.0,0.0,40.0,15.0,14.0,3.0,0.0,3.0
claxtni01,Nic Claxton,20,3,9.0,27.0,4.0,8.0,0.0,22.0,19.0,8.0,3.0,5.0,6.0
claxtni01,Nic Claxton,21,3,7.0,13.0,5.0,7.0,0.0,19.0,16.0,11.0,0.0,2.0,3.0
claxtni01,Nic Claxton,22,3,11.0,24.0,2.0,6.0,0.0,24.0,24.0,2.0,0.0,3.0,4.0
claxtni01,Nic Claxton,23,4,19.0,34.0,6.0,7.0,0.0,44.0,22.0,10.0,2.0,4.0,4.0
claxtni01,Nic Claxton,24,2,8.0,13.0,4.0,4.0,0.0,20.0,9.0,5.0,0.0,0.0,5.0
alexani01,Nickeil Alexander-Walker,1,3,16.0,43.0,9.0,10.0,5.0,46.0,8.0,10.0,4.0,2.0,4.0
alexani01,Nickeil Alexander-Walker,2,4,24.0,53.0,17.0,20.0,7.0,72.0,12.0,14.0,5.0,4.0,9.0
alexani01,Nickeil Alexander-Walker,3,2,13.0,25.0,8.0,10.0,6.0,40.0,3.0,5.0,0.0,1.0,10.0
alexani01,Nickeil Alexander-Walker,4,3,18.0,40.0,15.0,18.0,5.0,56.0,11.0,13.0,4.0,4.0,8.0
alexani01,Nickeil Alexander-Walker,5,4,34.0,65.0,13.0,16.0,14.0,95.0,17.0,15.0,2.0,4.0,4.0
alexani01,Nickeil Alexander-Walker,6,3,24.0,53.0,11.0,11.0,13.0,72.0,13.0,12.0,2.0,2.0,8.0
alexani01,Nickeil Alexander-Walker,7,4,34.0,69.0,10.0,12.0,16.0,94.0,17.0,9.0,6.0,0.0,7.0
alexani01,Nickeil Alexander-Walker,8,2,9.0,32.0,10.0,10.0,6.0,34.0,9.0,6.0,1.0,0.0,4.0
alexani01,Nickeil Alexander-Walker,9,3,21.0,48.0,11.0,14.0,7.0,60.0,11.0,8.0,1.0,2.0,9.0
alexani01,Nickeil Alexander-Walker,10,3,23.0,51.0,6.0,7.0,9.0,61.0,5.0,6.0,4.0,1.0,2.0
alexani01,Nickeil Alexander-Walker,11,4,34.0,75.0,9.0,12.0,18.0,95.0,12.0,14.0,6.0,1.0,10.0
alexani01,Nickeil Alexander-Walker,12,4,28.0,71.0,11.0,11.0,10.0,77.0,21.0,15.0,8.0,2.0,6.0
alexani01,Nickeil Alexander-Walker,13,3,18.0,38.0,8.0,9.0,11.0,55.0,12.0,16.0,2.0,1.0,3.0
alexani01,Nickeil Alexander-Walker,14,3,16.0,43.0,13.0,13.0,11.0,56.0,8.0,13.0,4.0,4.0,7.0
alexani01,Nickeil Alexander-Walker,15,4,25.0,61.0,17.0,19.0,16.0,83.0,12.0,12.0,7.0,2.0,9.0
alexani01,Nickeil Alexander-Walker,16,3,20.0,51.0,10.0,10.0,5.0,55.0,9.0,22.0,4.0,1.0,1.0
alexani01,Nickeil Alexander-Walker,17,2,11.0,32.0,6.0,6.0,5.0,33.0,15.0,9.0,3.0,2.0,9.0
alexani01,Nickeil Alexander-Walker,18,3,16.0,40.0,10.0,11.0,9.0,51.0,9.0,13.0,5.0,0.0,8.0
alexani01,Nickeil Alexander-Walker,19,2,9.0,19.0,9.0,9.0,4.0,31.0,6.0,9.0,3.0,0.0,4.0
alexani01,Nickeil Alexander-Walker,20,2,17.0,29.0,4.0,4.0,9.0,47.0,3.0,8.0,2.0,0.0,7.0
alexani01,Nickeil Alexander-Walker,21,3,24.0,46.0,9.0,9.0,10.0,67.0,7.0,6.0,8.0,2.0,8.0
alexani01,Nickeil Alexander-Walker,22,4,30.0,56.0,25.0,27.0,16.0,101.0,14.0,12.0,7.0,1.0,7.0
alexani01,Nickeil Alexander-Walker,23,4,30.0,56.0,21.0,22.0,13.0,94.0,15.0,22.0,7.0,0.0,3.0
alexani01,Nickeil Alexander-Walker,24,3,25.0,48.0,8.0,10.0,12.0,70.0,12.0,10.0,3.0,4.0,8.0
alexani01,Nickeil Alexander-Walker,25,3,29.0,51.0,7.0,7.0,14.0,79.0,7.0,6.0,4.0,2.0,6.0
jokicni01,Nikola Jokić,1,2,13.0,31.0,7.0,8.0,2.0,35.0,27.0,25.0,4.0,1.0,7.0
jokicni01,Nikola Jokić,2,3,26.0,35.0,12.0,14.0,3.0,67.0,45.0,29.0,5.0,3.0,8.0
jokicni01,Nikola Jokić,3,4,48.0,69.0,20.0,23.0,9.0,125.0,45.0,53.0,8.0,3.0,13.0
jokicni01,Nikola Jokić,4,3,42.0,57.0,24.0,27.0,9.0,117.0,39.0,24.0,5.0,2.0,11.0
jokicni01,Nikola Jokić,5,4,50.0,93.0,32.0,39.0,10.0,142.0,52.0,41.0,3.0,4.0,17.0
jokicni01,Nikola Jokić,6,3,19.0,26.0,20.0,24.0,6.0,64.0,28.0,36.0,3.0,1.0,12.0
jokicni01,Nikola Jokić,7,4,43.0,83.0,26.0,30.0,9.0,121.0,46.0,45.0,3.0,4.0,12.0
jokicni01,Nikola Jokić,8,1,14.0,16.0,6.0,8.0,2.0,36.0,12.0,8.0,2.0,0.0,1.0
jokicni01,Nikola Jokić,9,3,32.0,64.0,17.0,22.0,6.0,87.0,33.0,28.0,4.0,1.0,15.0
jokicni01,Nikola Jokić,10,4,43.0,72.0,37.0,40.0,10.0,133.0,57.0,54.0,7.0,5.0,15.0
jokicni01,Nikola Jokić,11,1,9.0,14.0,2.0,3.0,1.0,21.0,5.0,8.0,0.0,0.0,2.0
jokicni01,Nikola Jokić,15,2,14.0,20.0,16.0,21.0,3.0,47.0,19.0,13.0,4.0,0.0,7.0
jokicni01,Nikola Jokić,16,3,26.0,58.0,18.0,21.0,6.0,76.0,43.0,31.0,3.0,5.0,8.0
jokicni01,Nikola Jokić,17,2,14.0,28.0,20.0,26.0,0.0,48.0,29.0,22.0,2.0,1.0,16.0
jokicni01,Nikola Jokić,18,3,30.0,58.0,23.0,29.0,6.0,89.0,46.0,25.0,7.0,2.0,13.0
jokicni01,Nikola Jokić,19,3,35.0,79.0,11.0,18.0,7.0,88.0,42.0,29.0,2.0,2.0,9.0
jokicni01,Nikola Jokić,20,3,30.0,47.0,27.0,29.0,1.0,88.0,32.0,23.0,3.0,3.0,15.0
jokicni01,Nikola Jokić,21,4,37.0,67.0,22.0,24.0,7.0,103.0,62.0,52.0,13.0,5.0,15.0
jokicni01,Nikola Jokić,22,4,34.0,58.0,8.0,13.0,5.0,81.0,43.0,46.0,4.0,5.0,22.0
jokicni01,Nikola Jokić,23,4,40.0,71.0,17.0,22.0,7.0,104.0,68.0,56.0,3.0,0.0,12.0
jokicni01,Nikola Jokić,24,2,18.0,35.0,18.0,22.0,1.0,55.0,25.0,25.0,0.0,3.0,5.0
jokicni01,Nikola Jokić,25,3,27.0,51.0,16.0,17.0,2.0,72.0,38.0,24.0,7.0,3.0,8.0
vucevni01,Nikola Vučević,1,2,16.0,25.0,6.0,6.0,5.0,43.0,22.0,4.0,1.0,1.0,5.0
vucevni01,Nikola Vučević,2,4,28.0,50.0,8.0,11.0,9.0,73.0,52.0,22.0,3.0,1.0,7.0
vucevni01,Nikola Vučević,3,3,19.0,38.0,3.0,4.0,3.0,44.0,21.0,5.0,4.0,1.0,5.0
vucevni01,Nikola Vučević,4,3,15.0,41.0,2.0,4.0,6.0,38.0,26.0,11.0,0.0,3.0,4.0
vucevni01,Nikola Vučević,5,4,28.0,60.0,3.0,3.0,10.0,69.0,33.0,13.0,2.0,1.0,6.0
vucevni01,Nikola Vučević,6,2,11.0,25.0,4.0,4.0,3.0,29.0,22.0,9.0,2.0,0.0,2.0
vucevni01,Nikola Vučević,7,4,22.0,51.0,4.0,6.0,5.0,53.0,32.0,10.0,5.0,0.0,10.0
vucevni01,Nikola Vučević,8,2,11.0,24.0,0.0,1.0,3.0,25.0,11.0,8.0,0.0,1.0,1.0
vucevni01,Nikola Vučević,9,3,25.0,46.0,2.0,2.0,5.0,57.0,29.0,12.0,6.0,3.0,3.0
vucevni01,Nikola Vučević,10,3,19.0,37.0,2.0,2.0,4.0,44.0,24.0,6.0,1.0,3.0,2.0
vucevni01,Nikola Vučević,11,4,35.0,56.0,6.0,8.0,9.0,85.0,30.0,20.0,0.0,1.0,6.0
vucevni01,Nikola Vučević,12,3,21.0,45.0,2.0,2.0,6.0,50.0,43.0,14.0,2.0,3.0,5.0
vucevni01,Nikola Vučević,13,4,38.0,73.0,5.0,6.0,4.0,85.0,31.0,21.0,1.0,7.0,3.0
vucevni01,Nikola Vučević,14,3,18.0,32.0,4.0,4.0,5.0,45.0,23.0,13.0,2.0,4.0,2.0
vucevni01,Nikola Vučević,15,4,27.0,57.0,11.0,11.0,5.0,70.0,32.0,13.0,3.0,2.0,8.0
vucevni01,Nikola Vučević,16,2,9.0,21.0,3.0,4.0,1.0,22.0,18.0,4.0,2.0,1.0,4.0
vucevni01,Nikola Vučević,17,1,7.0,12.0,1.0,2.0,4.0,19.0,11.0,3.0,1.0,2.0,4.0
vucevni01,Nikola Vučević,18,2,8.0,15.0,1.0,2.0,1.0,18.0,13.0,0.0,2.0,1.0,0.0
vucevni01,Nikola Vučević,19,4,18.0,40.0,7.0,7.0,6.0,49.0,35.0,7.0,0.0,3.0,3.0
vucevni01,Nikola Vučević,20,3,7.0,22.0,2.0,2.0,1.0,17.0,9.0,8.0,0.0,2.0,0.0
vucevni01,Nikola Vučević,24,1,2.0,5.0,0.0,0.0,0.0,4.0,4.0,1.0,0.0,0.0,2.0
vucevni01,Nikola Vučević,25,3,10.0,24.0,1.0,2.0,5.0,26.0,16.0,9.0,2.0,1.0,3.0
clownno01,Noah Clowney,1,3,5.0,18.0,3.0,3.0,4.0,17.0,12.0,7.0,1.0,0.0,5.0
clownno01,Noah Clowney,2,3,2.0,12.0,5.0,6.0,0.0,9.0,11.0,3.0,0.0,0.0,3.0
clownno01,Noah Clowney,3,4,17.0,45.0,11.0,16.0,10.0,55.0,12.0,6.0,3.0,2.0,6.0
clownno01,Noah Clowney,4,3,10.0,23.0,14.0,19.0,8.0,42.0,16.0,7.0,4.0,3.0,7.0
clownno01,Noah Clowney,5,3,18.0,38.0,11.0,13.0,7.0,54.0,5.0,1.0,4.0,6.0,5.0
clownno01,Noah Clowney,6,3,15.0,34.0,12.0,13.0,11.0,53.0,12.0,7.0,1.0,2.0,8.0
clownno01,Noah Clowney,7,4,24.0,48.0,16.0,18.0,13.0,77.0,19.0,9.0,1.0,4.0,5.0
clownno01,Noah Clowney,8,2,9.0,22.0,4.0,4.0,5.0,27.0,7.0,6.0,2.0,3.0,6.0
clownno01,Noah Clowney,9,2,7.0,25.0,9.0,12.0,4.0,27.0,15.0,5.0,1.0,3.0,3.0
clownno01,Noah Clowney,10,2,8.0,22.0,5.0,6.0,3.0,24.0,6.0,4.0,2.0,1.0,4.0
clownno01,Noah Clowney,11,4,15.0,40.0,16.0,23.0,6.0,52.0,14.0,5.0,5.0,3.0,10.0
clownno01,Noah Clowney,12,3,12.0,41.0,8.0,12.0,7.0,39.0,12.0,7.0,5.0,3.0,3.0
clownno01,Noah Clowney,13,4,17.0,44.0,9.0,10.0,6.0,49.0,28.0,12.0,3.0,4.0,8.0
clownno01,Noah Clowney,14,3,13.0,31.0,7.0,7.0,6.0,39.0,14.0,1.0,1.0,1.0,3.0
clownno01,Noah Clowney,16,3,8.0,23.0,4.0,6.0,4.0,24.0,11.0,4.0,2.0,1.0,5.0
clownno01,Noah Clowney,17,1,7.0,11.0,4.0,5.0,4.0,22.0,6.0,0.0,0.0,1.0,1.0
clownno01,Noah Clowney,18,3,9.0,25.0,5.0,5.0,5.0,28.0,11.0,4.0,3.0,0.0,3.0
clownno01,Noah Clowney,19,4,16.0,30.0,6.0,10.0,10.0,48.0,10.0,4.0,2.0,1.0,1.0
clownno01,Noah Clowney,20,3,14.0,33.0,15.0,16.0,7.0,50.0,17.0,6.0,3.0,2.0,4.0
clownno01,Noah Clowney,21,4,11.0,31.0,7.0,8.0,5.0,34.0,16.0,6.0,3.0,1.0,6.0
clownno01,Noah Clowney,22,1,1.0,5.0,1.0,2.0,0.0,3.0,2.0,0.0,0.0,0.0,0.0
clownno01,Noah Clowney,23,2,7.0,17.0,2.0,4.0,4.0,20.0,10.0,3.0,3.0,2.0,2.0
clownno01,Noah Clowney,24,2,5.0,13.0,6.0,6.0,0.0,16.0,7.0,1.0,1.0,2.0,4.0
powelno01,Norman Powell,1,3,21.0,44.0,21.0,23.0,9.0,72.0,22.0,8.0,6.0,1.0,6.0
powelno01,Norman Powell,3,4,28.0,61.0,26.0,27.0,9.0,91.0,10.0,8.0,4.0,0.0,11.0
powelno01,Norman Powell,4,3,30.0,59.0,21.0,23.0,17.0,98.0,9.0,7.0,2.0,1.0,5.0
powelno01,Norman Powell,5,4,36.0,66.0,13.0,19.0,10.0,95.0,13.0,9.0,6.0,1.0,4.0
powelno01,Norman Powell,6,2,13.0,27.0,10.0,11.0,3.0,39.0,6.0,5.0,2.0,0.0,5.0
powelno01,Norman Powell,7,3,27.0,50.0,13.0,17.0,9.0,76.0,8.0,8.0,1.0,3.0,5.0
powelno01,Norman Powell,8,1,8.0,19.0,1.0,2.0,4.0,21.0,7.0,2.0,3.0,0.0,1.0
powelno01,Norman Powell,9,4,27.0,67.0,20.0,26.0,10.0,84.0,17.0,12.0,7.0,0.0,8.0
powelno01,Norman Powell,10,3,22.0,52.0,17.0,17.0,4.0,65.0,18.0,13.0,5.0,1.0,6.0
powelno01,Norman Powell,11,4,38.0,67.0,19.0,21.0,21.0,116.0,7.0,10.0,5.0,0.0,8.0
powelno01,Norman Powell,12,2,11.0,29.0,1.0,3.0,4.0,27.0,6.0,5.0,1.0,0.0,7.0
powelno01,Norman Powell,13,3,25.0,48.0,12.0,16.0,10.0,72.0,12.0,9.0,4.0,1.0,2.0
powelno01,Norman Powell,14,5,30.0,79.0,22.0,28.0,8.0,90.0,20.0,13.0,2.0,1.0,10.0
powelno01,Norman Powell,15,2,15.0,33.0,9.0,10.0,4.0,43.0,2.0,2.0,2.0,1.0,7.0
powelno01,Norman Powell,16,2,14.0,27.0,9.0,11.0,8.0,45.0,7.0,4.0,5.0,0.0,4.0
powelno01,Norman Powell,18,2,15.0,29.0,5.0,10.0,5.0,40.0,5.0,8.0,3.0,1.0,4.0
powelno01,Norman Powell,19,2,7.0,19.0,11.0,14.0,4.0,29.0,9.0,2.0,1.0,0.0,7.0
powelno01,Norman Powell,21,1,7.0,15.0,5.0,5.0,1.0,20.0,1.0,3.0,1.0,0.0,1.0
powelno01,Norman Powell,22,2,14.0,30.0,7.0,11.0,2.0,37.0,8.0,6.0,1.0,2.0,1.0
powelno01,Norman Powell,23,3,19.0,40.0,8.0,9.0,9.0,55.0,11.0,6.0,2.0,1.0,5.0
powelno01,Norman Powell,25,3,14.0,34.0,13.0,15.0,5.0,46.0,5.0,2.0,1.0,0.0,4.0
anunoog01,OG Anunoby,1,3,16.0,40.0,6.0,8.0,10.0,48.0,22.0,4.0,8.0,2.0,7.0
anunoog01,OG Anunoby,2,3,21.0,41.0,5.0,7.0,9.0,56.0,12.0,12.0,4.0,3.0,4.0
anunoog01,OG Anunoby,3,3,23.0,41.0,5.0,6.0,9.0,60.0,22.0,6.0,8.0,1.0,4.0
anunoog01,OG Anunoby,4,3,10.0,25.0,3.0,4.0,3.0,26.0,11.0,4.0,3.0,2.0,7.0
anunoog01,OG Anunoby,7,2,12.0,22.0,3.0,4.0,5.0,32.0,7.0,1.0,3.0,0.0,2.0
anunoog01,OG Anunoby,8,2,12.0,24.0,9.0,10.0,4.0,37.0,12.0,5.0,5.0,3.0,7.0
anunoog01,OG Anunoby,9,3,12.0,34.0,8.0,12.0,4.0,36.0,11.0,5.0,3.0,3.0,9.0
anunoog01,OG Anunoby,10,2,6.0,17.0,8.0,8.0,3.0,23.0,12.0,7.0,3.0,2.0,2.0
anunoog01,OG Anunoby,11,4,22.0,56.0,21.0,24.0,5.0,70.0,32.0,10.0,8.0,3.0,11.0
anunoog01,OG Anunoby,12,4,21.0,38.0,14.0,17.0,8.0,64.0,20.0,7.0,5.0,1.0,6.0
anunoog01,OG Anunoby,13,3,21.0,50.0,17.0,23.0,2.0,61.0,15.0,10.0,4.0,3.0,6.0
anunoog01,OG Anunoby,14,3,15.0,27.0,4.0,6.0,3.0,37.0,18.0,9.0,5.0,1.0,8.0
anunoog01,OG Anunoby,15,4,35.0,56.0,7.0,9.0,13.0,90.0,19.0,11.0,11.0,3.0,11.0
anunoog01,OG Anunoby,16,2,13.0,28.0,6.0,7.0,7.0,39.0,12.0,6.0,1.0,1.0,1.0
anunoog01,OG Anunoby,18,3,15.0,40.0,4.0,6.0,3.0,37.0,11.0,3.0,6.0,5.0,2.0
anunoog01,OG Anunoby,19,3,15.0,30.0,3.0,4.0,8.0,41.0,11.0,6.0,3.0,2.0,3.0
anunoog01,OG Anunoby,20,4,27.0,51.0,11.0,12.0,13.0,78.0,23.0,6.0,8.0,3.0,7.0
anunoog01,OG Anunoby,21,4,26.0,47.0,21.0,24.0,10.0,83.0,20.0,9.0,4.0,1.0,8.0
anunoog01,OG Anunoby,22,3,20.0,33.0,5.0,6.0,6.0,51.0,13.0,5.0,3.0,1.0,9.0
anunoog01,OG Anunoby,23,3,15.0,35.0,6.0,6.0,12.0,48.0,7.0,9.0,4.0,2.0,3.0
anunoog01,OG Anunoby,24,3,20.0,41.0,11.0,12.0,13.0,64.0,27.0,5.0,3.0,4.0,2.0
anunoog01,OG Anunoby,25,3,12.0,28.0,6.0,6.0,7.0,37.0,14.0,5.0,2.0,2.0,4.0
toppiob01,Obi Toppin,1,3,15.0,36.0,9.0,9.0,3.0,42.0,20.0,5.0,3.0,0.0,6.0
toppiob01,Obi Toppin,19,2,2.0,7.0,3.0,4.0,0.0,7.0,6.0,6.0,3.0,0.0,0.0
toppiob01,Obi Toppin,20,3,3.0,10.0,0.0,0.0,0.0,6.0,9.0,2.0,0.0,0.0,1.0
toppiob01,Obi Toppin,21,3,10.0,22.0,9.0,12.0,8.0,37.0,13.0,5.0,0.0,0.0,3.0
toppiob01,Obi Toppin,22,2,11.0,18.0,1.0,1.0,3.0,26.0,7.0,7.0,0.0,0.0,5.0
toppiob01,Obi Toppin,23,4,23.0,34.0,1.0,1.0,8.0,55.0,15.0,13.0,3.0,1.0,5.0
toppiob01,Obi Toppin,24,3,11.0,25.0,10.0,10.0,6.0,38.0,15.0,8.0,2.0,0.0,2.0
toppiob01,Obi Toppin,25,4,25.0,47.0,9.0,9.0,9.0,68.0,21.0,9.0,1.0,0.0,6.0
okongon01,Onyeka Okongwu,1,3,18.0,34.0,7.0,8.0,3.0,46.0,22.0,8.0,2.0,4.0,2.0
okongon01,Onyeka Okongwu,2,4,19.0,36.0,7.0,16.0,6.0,51.0,38.0,8.0,1.0,3.0,5.0
okongon01,Onyeka Okongwu,3,3,11.0,31.0,9.0,10.0,2.0,33.0,26.0,7.0,5.0,3.0,5.0
okongon01,Onyeka Okongwu,4,4,30.0,50.0,17.0,18.0,13.0,90.0,24.0,12.0,5.0,5.0,10.0
okongon01,Onyeka Okongwu,5,3,22.0,42.0,3.0,3.0,9.0,56.0,15.0,11.0,1.0,2.0,8.0
okongon01,Onyeka Okongwu,6,3,21.0,42.0,1.0,3.0,5.0,48.0,23.0,10.0,3.0,3.0,7.0
okongon01,Onyeka Okongwu,7,4,26.0,55.0,3.0,4.0,6.0,61.0,30.0,17.0,4.0,6.0,9.0
okongon01,Onyeka Okongwu,8,2,10.0,27.0,9.0,12.0,5.0,34.0,18.0,7.0,3.0,6.0,9.0
okongon01,Onyeka Okongwu,9,3,18.0,39.0,2.0,2.0,4.0,42.0,19.0,12.0,6.0,2.0,2.0
okongon01,Onyeka Okongwu,10,3,19.0,41.0,9.0,11.0,6.0,53.0,29.0,8.0,2.0,0.0,2.0
okongon01,Onyeka Okongwu,11,4,25.0,54.0,12.0,15.0,8.0,70.0,34.0,17.0,5.0,3.0,8.0
okongon01,Onyeka Okongwu,12,3,19.0,41.0,4.0,6.0,8.0,50.0,29.0,16.0,8.0,1.0,4.0
okongon01,Onyeka Okongwu,13,3,21.0,43.0,4.0,5.0,8.0,54.0,24.0,9.0,4.0,2.0,8.0
okongon01,Onyeka Okongwu,14,3,15.0,31.0,10.0,11.0,7.0,47.0,24.0,10.0,5.0,3.0,11.0
okongon01,Onyeka Okongwu,15,2,11.0,25.0,3.0,4.0,4.0,29.0,16.0,5.0,2.0,2.0,3.0
okongon01,Onyeka Okongwu,16,1,6.0,11.0,0.0,0.0,4.0,16.0,6.0,2.0,0.0,2.0,1.0
okongon01,Onyeka Okongwu,17,2,9.0,18.0,9.0,12.0,5.0,32.0,8.0,3.0,2.0,2.0,3.0
okongon01,Onyeka Okongwu,18,3,17.0,28.0,4.0,6.0,5.0,43.0,23.0,6.0,1.0,4.0,4.0
okongon01,Onyeka Okongwu,19,3,15.0,39.0,6.0,6.0,9.0,45.0,31.0,16.0,3.0,4.0,4.0
okongon01,Onyeka Okongwu,20,2,13.0,21.0,1.0,4.0,4.0,31.0,14.0,6.0,5.0,2.0,3.0
okongon01,Onyeka Okongwu,21,3,13.0,28.0,6.0,9.0,3.0,35.0,22.0,6.0,4.0,8.0,2.0
okongon01,Onyeka Okongwu,22,4,15.0,39.0,4.0,6.0,5.0,39.0,29.0,16.0,1.0,4.0,4.0
okongon01,Onyeka Okongwu,23,3,12.0,20.0,7.0,11.0,4.0,35.0,15.0,6.0,4.0,1.0,4.0
okongon01,Onyeka Okongwu,24,3,16.0,36.0,11.0,14.0,8.0,51.0,24.0,11.0,5.0,5.0,6.0
okongon01,Onyeka Okongwu,25,3,12.0,28.0,5.0,6.0,3.0,32.0,18.0,2.0,1.0,2.0,3.0
washipj01,P.J. Washington,1,3,21.0,39.0,5.0,7.0,5.0,52.0,21.0,7.0,3.0,2.0,12.0
washipj01,P.J. Washington,2,3,10.0,31.0,8.0,15.0,2.0,30.0,25.0,10.0,1.0,6.0,6.0
washipj01,P.J. Washington,3,4,26.0,56.0,16.0,23.0,4.0,72.0,38.0,10.0,5.0,5.0,10.0
washipj01,P.J. Washington,4,3,14.0,32.0,9.0,14.0,6.0,43.0,14.0,3.0,3.0,2.0,8.0
washipj01,P.J. Washington,5,4,21.0,55.0,8.0,11.0,8.0,58.0,34.0,11.0,5.0,5.0,9.0
washipj01,P.J. Washington,6,2,19.0,40.0,6.0,6.0,5.0,49.0,17.0,2.0,1.0,3.0,4.0
washipj01,P.J. Washington,7,1,6.0,13.0,0.0,0.0,2.0,14.0,7.0,1.0,5.0,1.0,2.0
washipj01,P.J. Washington,8,1,4.0,10.0,4.0,6.0,1.0,13.0,4.0,2.0,1.0,2.0,3.0
washipj01,P.J. Washington,9,3,22.0,38.0,6.0,9.0,3.0,53.0,28.0,5.0,1.0,6.0,4.0
washipj01,P.J. Washington,10,3,17.0,32.0,3.0,3.0,2.0,39.0,23.0,3.0,3.0,7.0,7.0
washipj01,P.J. Washington,11,3,6.0,15.0,5.0,7.0,2.0,19.0,11.0,2.0,3.0,4.0,0.0
washipj01,P.J. Washington,13,1,4.0,13.0,4.0,7.0,0.0,12.0,6.0,2.0,1.0,0.0,2.0
washipj01,P.J. Washington,14,2,5.0,14.0,0.0,0.0,2.0,12.0,9.0,3.0,3.0,4.0,2.0
washipj01,P.J. Washington,15,3,20.0,48.0,3.0,8.0,1.0,44.0,20.0,6.0,2.0,4.0,7.0
washipj01,P.J. Washington,16,1,4.0,10.0,0.0,0.0,2.0,10.0,5.0,3.0,1.0,0.0,0.0
washipj01,P.J. Washington,17,2,9.0,19.0,10.0,13.0,3.0,31.0,9.0,3.0,0.0,0.0,2.0
washipj01,P.J. Washington,18,2,13.0,31.0,6.0,10.0,3.0,35.0,21.0,4.0,3.0,1.0,1.0
washipj01,P.J. Washington,19,1,5.0,8.0,2.0,2.0,1.0,13.0,4.0,2.0,0.0,1.0,2.0
washipj01,P.J. Washington,20,4,13.0,35.0,12.0,17.0,7.0,45.0,19.0,10.0,3.0,2.0,5.0
washipj01,P.J. Washington,21,3,16.0,39.0,4.0,6.0,3.0,39.0,27.0,3.0,6.0,2.0,2.0
washipj01,P.J. Washington,22,3,21.0,41.0,11.0,13.0,9.0,62.0,22.0,3.0,2.0,2.0,3.0
washipj01,P.J. Washington,23,3,14.0,29.0,3.0,5.0,2.0,33.0,23.0,3.0,3.0,1.0,1.0
washipj01,P.J. Washington,24,1,6.0,10.0,0.0,0.0,3.0,15.0,6.0,0.0,0.0,0.0,2.0
banchpa01,Paolo Banchero,1,3,18.0,53.0,21.0,28.0,2.0,59.0,27.0,3.0,2.0,3.0,8.0
banchpa01,Paolo Banchero,2,4,34.0,61.0,30.0,41.0,6.0,104.0,38.0,25.0,3.0,6.0,10.0
banchpa01,Paolo Banchero,3,3,19.0,42.0,26.0,30.0,1.0,65.0,26.0,16.0,2.0,1.0,11.0
banchpa01,Paolo Banchero,4,2,11.0,22.0,8.0,12.0,2.0,32.0,13.0,5.0,2.0,1.0,3.0
banchpa01,Paolo Banchero,7,2,7.0,19.0,7.0,8.0,4.0,25.0,7.0,4.0,0.0,0.0,2.0
banchpa01,Paolo Banchero,8,2,15.0,35.0,11.0,13.0,2.0,43.0,15.0,7.0,1.0,1.0,8.0
banchpa01,Paolo Banchero,9,2,15.0,39.0,18.0,27.0,1.0,49.0,25.0,19.0,1.0,2.0,4.0
banchpa01,Paolo Banchero,10,4,21.0,53.0,16.0,22.0,0.0,58.0,29.0,18.0,2.0,1.0,9.0
banchpa01,Paolo Banchero,11,4,43.0,81.0,18.0,27.0,7.0,111.0,43.0,25.0,4.0,5.0,10.0
banchpa01,Paolo Banchero,12,4,29.0,63.0,21.0,25.0,2.0,81.0,37.0,25.0,1.0,2.0,21.0
banchpa01,Paolo Banchero,13,2,16.0,36.0,5.0,5.0,5.0,42.0,21.0,13.0,4.0,0.0,6.0
banchpa01,Paolo Banchero,14,2,13.0,26.0,19.0,24.0,5.0,50.0,12.0,7.0,1.0,0.0,6.0
banchpa01,Paolo Banchero,15,4,35.0,67.0,32.0,42.0,5.0,107.0,41.0,18.0,4.0,2.0,10.0
banchpa01,Paolo Banchero,16,3,20.0,47.0,19.0,24.0,3.0,62.0,15.0,16.0,3.0,3.0,8.0
banchpa01,Paolo Banchero,17,2,8.0,26.0,8.0,12.0,4.0,28.0,13.0,5.0,0.0,0.0,2.0
banchpa01,Paolo Banchero,18,3,27.0,65.0,13.0,14.0,5.0,72.0,26.0,22.0,1.0,5.0,11.0
banchpa01,Paolo Banchero,19,3,23.0,48.0,30.0,37.0,3.0,79.0,29.0,17.0,2.0,1.0,13.0
banchpa01,Paolo Banchero,20,4,44.0,72.0,17.0,22.0,6.0,111.0,37.0,18.0,2.0,1.0,14.0
banchpa01,Paolo Banchero,21,3,20.0,45.0,27.0,33.0,3.0,70.0,26.0,19.0,0.0,0.0,9.0
banchpa01,Paolo Banchero,22,4,25.0,64.0,31.0,38.0,5.0,86.0,28.0,21.0,5.0,4.0,12.0
banchpa01,Paolo Banchero,23,4,37.0,82.0,32.0,39.0,8.0,114.0,24.0,21.0,2.0,1.0,16.0
banchpa01,Paolo Banchero,24,4,19.0,47.0,23.0,35.0,2.0,63.0,40.0,22.0,3.0,1.0,15.0
banchpa01,Paolo Banchero,25,4,30.0,59.0,25.0,32.0,3.0,88.0,32.0,27.0,6.0,0.0,14.0
siakapa01,Pascal Siakam,1,3,28.0,61.0,14.0,26.0,8.0,78.0,31.0,18.0,4.0,1.0,5.0
siakapa01,Pascal Siakam,2,3,26.0,61.0,15.0,25.0,5.0,72.0,23.0,11.0,4.0,1.0,8.0
siakapa01,Pascal Siakam,3,3,26.0,61.0,15.0,24.0,2.0,69.0,17.0,23.0,4.0,1.0,12.0
siakapa01,Pascal Siakam,4,3,25.0,49.0,19.0,21.0,7.0,76.0,14.0,9.0,2.0,1.0,4.0
siakapa01,Pascal Siakam,5,3,26.0,49.0,17.0,20.0,8.0,77.0,20.0,12.0,3.0,2.0,8.0
siakapa01,Pascal Siakam,6,4,34.0,65.0,13.0,22.0,2.0,83.0,32.0,10.0,8.0,5.0,7.0
siakapa01,Pascal Siakam,7,3,31.0,61.0,15.0,21.0,8.0,85.0,20.0,7.0,2.0,0.0,4.0
siakapa01,Pascal Siakam,8,3,22.0,51.0,8.0,9.0,2.0,54.0,14.0,10.0,4.0,0.0,4.0
siakapa01,Pascal Siakam,9,2,15.0,36.0,14.0,17.0,4.0,48.0,11.0,8.0,4.0,2.0,5.0
siakapa01,Pascal Siakam,10,4,33.0,62.0,9.0,19.0,9.0,84.0,28.0,11.0,5.0,0.0,7.0
siakapa01,Pascal Siakam,11,4,41.0,75.0,18.0,27.0,6.0,106.0,24.0,14.0,5.0,1.0,6.0
siakapa01,Pascal Siakam,12,3,25.0,61.0,10.0,12.0,3.0,63.0,25.0,11.0,3.0,2.0,13.0
siakapa01,Pascal Siakam,13,3,31.0,60.0,4.0,7.0,8.0,74.0,24.0,15.0,2.0,2.0,7.0
siakapa01,Pascal Siakam,14,3,30.0,62.0,7.0,13.0,10.0,77.0,22.0,17.0,0.0,0.0,7.0
siakapa01,Pascal Siakam,15,3,25.0,52.0,17.0,20.0,4.0,71.0,18.0,10.0,2.0,4.0,6.0
siakapa01,Pascal Siakam,16,3,26.0,55.0,8.0,13.0,4.0,64.0,14.0,11.0,2.0,1.0,7.0
siakapa01,Pascal Siakam,17,1,11.0,26.0,5.0,10.0,3.0,30.0,6.0,4.0,3.0,0.0,1.0
siakapa01,Pascal Siakam,18,1,12.0,19.0,4.0,5.0,2.0,30.0,8.0,3.0,0.0,0.0,5.0
siakapa01,Pascal Siakam,20,3,27.0,54.0,22.0,32.0,1.0,77.0,16.0,9.0,4.0,0.0,4.0
siakapa01,Pascal Siakam,22,1,6.0,14.0,2.0,3.0,0.0,14.0,2.0,5.0,1.0,0.0,1.0
siakapa01,Pascal Siakam,23,4,35.0,81.0,22.0,27.0,6.0,98.0,31.0,11.0,5.0,2.0,15.0
siakapa01,Pascal Siakam,24,2,24.0,40.0,4.0,5.0,3.0,55.0,11.0,7.0,2.0,0.0,2.0
georgpa01,Paul George,5,3,12.0,31.0,11.0,16.0,5.0,40.0,14.0,11.0,3.0,3.0,6.0
georgpa01,Paul George,6,2,12.0,27.0,2.0,2.0,4.0,30.0,10.0,6.0,7.0,0.0,2.0
georgpa01,Paul George,7,3,14.0,33.0,9.0,9.0,6.0,43.0,16.0,8.0,3.0,0.0,3.0
georgpa01,Paul George,8,2,19.0,38.0,9.0,9.0,11.0,58.0,10.0,8.0,1.0,1.0,6.0
georgpa01,Paul George,9,1,2.0,10.0,2.0,2.0,1.0,7.0,6.0,4.0,1.0,0.0,1.0
georgpa01,Paul George,10,3,14.0,40.0,8.0,9.0,10.0,46.0,20.0,10.0,5.0,2.0,7.0
georgpa01,Paul George,11,3,16.0,39.0,8.0,9.0,6.0,46.0,18.0,11.0,1.0,2.0,9.0
georgpa01,Paul George,12,3,18.0,42.0,7.0,8.0,6.0,49.0,15.0,11.0,7.0,4.0,4.0
georgpa01,Paul George,13,3,18.0,39.0,5.0,7.0,5.0,46.0,12.0,15.0,3.0,0.0,2.0
georgpa01,Paul George,14,2,7.0,19.0,3.0,3.0,2.0,19.0,12.0,6.0,5.0,1.0,2.0
georgpa01,Paul George,15,2,18.0,36.0,1.0,2.0,10.0,47.0,7.0,10.0,4.0,0.0,2.0
georgpa01,Paul George,23,2,20.0,41.0,4.0,5.0,10.0,54.0,19.0,6.0,8.0,2.0,3.0
georgpa01,Paul George,24,4,35.0,69.0,15.0,19.0,16.0,101.0,20.0,18.0,10.0,1.0,10.0
georgpa01,Paul George,25,4,20.0,49.0,7.0,11.0,8.0,55.0,18.0,9.0,4.0,0.0,7.0
reedpa01,Paul Reed,1,2,7.0,11.0,0.0,0.0,2.0,16.0,9.0,1.0,0.0,3.0,3.0
reedpa01,Paul Reed,2,2,2.0,4.0,0.0,0.0,0.0,4.0,2.0,1.0,1.0,0.0,2.0
reedpa01,Paul Reed,3,4,6.0,9.0,0.0,2.0,0.0,12.0,12.0,2.0,4.0,2.0,1.0
reedpa01,Paul Reed,4,3,20.0,27.0,4.0,6.0,2.0,46.0,30.0,9.0,7.0,5.0,7.0
reedpa01,Paul Reed,5,3,4.0,6.0,5.0,6.0,0.0,13.0,5.0,3.0,2.0,1.0,1.0
reedpa01,Paul Reed,6,2,5.0,9.0,3.0,4.0,1.0,14.0,11.0,2.0,1.0,1.0,2.0
reedpa01,Paul Reed,7,2,7.0,13.0,0.0,2.0,1.0,15.0,14.0,4.0,0.0,1.0,3.0
reedpa01,Paul Reed,8,1,2.0,3.0,0.0,0.0,0.0,4.0,3.0,0.0,0.0,0.0,1.0
reedpa01,Paul Reed,9,2,2.0,3.0,0.0,0.0,0.0,4.0,1.0,0.0,1.0,1.0,1.0
reedpa01,Paul Reed,10,3,1.0,5.0,1.0,1.0,0.0,3.0,4.0,1.0,1.0,2.0,0.0
reedpa01,Paul Reed,11,3,9.0,16.0,2.0,3.0,0.0,20.0,17.0,5.0,4.0,0.0,3.0
reedpa01,Paul Reed,12,3,11.0,23.0,2.0,6.0,1.0,25.0,21.0,10.0,6.0,3.0,6.0
reedpa01,Paul Reed,13,1,1.0,1.0,1.0,2.0,0.0,3.0,5.0,0.0,1.0,0.0,2.0
reedpa01,Paul Reed,14,1,1.0,2.0,0.0,0.0,0.0,2.0,4.0,1.0,0.0,0.0,1.0
reedpa01,Paul Reed,15,2,3.0,5.0,0.0,0.0,0.0,6.0,4.0,1.0,1.0,0.0,0.0
reedpa01,Paul Reed,16,2,7.0,12.0,4.0,5.0,1.0,19.0,11.0,4.0,1.0,1.0,1.0
reedpa01,Paul Reed,17,2,13.0,22.0,6.0,10.0,2.0,34.0,8.0,4.0,5.0,5.0,3.0
reedpa01,Paul Reed,18,2,14.0,20.0,5.0,5.0,0.0,33.0,16.0,2.0,2.0,4.0,1.0
reedpa01,Paul Reed,19,4,11.0,20.0,5.0,8.0,0.0,27.0,23.0,1.0,2.0,7.0,3.0
reedpa01,Paul Reed,20,2,6.0,10.0,3.0,4.0,1.0,16.0,8.0,1.0,3.0,1.0,1.0
reedpa01,Paul Reed,21,4,7.0,12.0,4.0,6.0,0.0,18.0,13.0,1.0,1.0,6.0,5.0
reedpa01,Paul Reed,22,3,17.0,28.0,8.0,14.0,0.0,42.0,14.0,7.0,2.0,3.0,1.0
reedpa01,Paul Reed,23,4,14.0,24.0,6.0,7.0,0.0,34.0,14.0,6.0,4.0,2.0,2.0
reedpa01,Paul Reed,24,4,18.0,28.0,8.0,12.0,1.0,45.0,23.0,8.0,5.0,7.0,6.0
reedpa01,Paul Reed,25,4,21.0,26.0,6.0,7.0,1.0,49.0,22.0,6.0,3.0,5.0,2.0
pritcpa01,Payton Pritchard,1,3,16.0,40.0,9.0,12.0,4.0,45.0,20.0,12.0,3.0,0.0,4.0
pritcpa01,Payton Pritchard,2,4,23.0,55.0,6.0,7.0,5.0,57.0,9.0,27.0,6.0,0.0,4.0
pritcpa01,Payton Pritchard,3,4,24.0,51.0,8.0,10.0,12.0,68.0,14.0,17.0,1.0,0.0,9.0
pritcpa01,Payton Pritchard,4,3,20.0,40.0,5.0,6.0,14.0,59.0,12.0,14.0,1.0,0.0,1.0
pritcpa01,Payton Pritchard,5,3,20.0,45.0,5.0,5.0,9.0,54.0,18.0,17.0,2.0,0.0,5.0
pritcpa01,Payton Pritchard,6,3,24.0,46.0,8.0,8.0,11.0,67.0,13.0,9.0,1.0,2.0,3.0
pritcpa01,Payton Pritchard,7,4,24.0,59.0,2.0,2.0,10.0,60.0,16.0,23.0,4.0,0.0,4.0
pritcpa01,Payton Pritchard,8,1,4.0,14.0,0.0,0.0,3.0,11.0,5.0,7.0,0.0,0.0,0.0
pritcpa01,Payton Pritchard,9,3,20.0,46.0,6.0,7.0,8.0,54.0,15.0,19.0,2.0,0.0,2.0
pritcpa01,Payton Pritchard,10,3,17.0,39.0,8.0,10.0,7.0,49.0,17.0,15.0,5.0,0.0,8.0
pritcpa01,Payton Pritchard,11,3,19.0,38.0,3.0,3.0,5.0,46.0,11.0,20.0,3.0,1.0,2.0
pritcpa01,Payton Pritchard,12,4,27.0,58.0,7.0,7.0,8.0,69.0,21.0,19.0,4.0,1.0,1.0
pritcpa01,Payton Pritchard,13,2,11.0,26.0,0.0,0.0,3.0,25.0,7.0,16.0,3.0,1.0,1.0
pritcpa01,Payton Pritchard,14,4,26.0,54.0,6.0,7.0,11.0,69.0,15.0,22.0,1.0,0.0,6.0
pritcpa01,Payton Pritchard,15,4,27.0,51.0,6.0,8.0,11.0,71.0,13.0,16.0,0.0,0.0,2.0
pritcpa01,Payton Pritchard,16,4,31.0,64.0,9.0,10.0,12.0,83.0,10.0,22.0,3.0,0.0,6.0
pritcpa01,Payton Pritchard,17,1,11.0,18.0,1.0,2.0,3.0,26.0,5.0,8.0,2.0,0.0,5.0
pritcpa01,Payton Pritchard,18,2,20.0,32.0,4.0,4.0,12.0,56.0,10.0,15.0,1.0,0.0,8.0
pritcpa01,Payton Pritchard,19,4,12.0,35.0,4.0,4.0,5.0,33.0,12.0,18.0,5.0,0.0,6.0
pritcpa01,Payton Pritchard,20,4,25.0,58.0,2.0,2.0,9.0,61.0,16.0,22.0,1.0,2.0,6.0
pritcpa01,Payton Pritchard,21,2,8.0,28.0,0.0,0.0,2.0,18.0,8.0,8.0,2.0,1.0,2.0
pritcpa01,Payton Pritchard,22,4,23.0,53.0,8.0,8.0,13.0,67.0,11.0,19.0,3.0,0.0,8.0
pritcpa01,Payton Pritchard,23,3,28.0,52.0,10.0,10.0,12.0,78.0,15.0,11.0,1.0,1.0,8.0
pritcpa01,Payton Pritchard,24,4,25.0,47.0,2.0,2.0,11.0,63.0,9.0,13.0,3.0,1.0,3.0
pritcpa01,Payton Pritchard,25,3,21.0,42.0,2.0,2.0,12.0,56.0,10.0,19.0,1.0,0.0,5.0
watsope01,Peyton Watson,1,2,3.0,4.0,3.0,3.0,0.0,9.0,4.0,2.0,1.0,1.0,4.0
watsope01,Peyton Watson,2,3,9.0,15.0,7.0,9.0,2.0,27.0,11.0,7.0,4.0,6.0,3.0
watsope01,Peyton Watson,3,4,10.0,27.0,6.0,7.0,2.0,28.0,21.0,6.0,6.0,3.0,3.0
watsope01,Peyton Watson,4,3,6.0,18.0,2.0,6.0,0.0,14.0,8.0,1.0,3.0,3.0,2.0
watsope01,Peyton Watson,5,4,24.0,38.0,4.0,5.0,9.0,61.0,32.0,8.0,3.0,4.0,11.0
watsope01,Peyton Watson,6,3,19.0,37.0,8.0,8.0,7.0,53.0,16.0,9.0,2.0,2.0,2.0
watsope01,Peyton Watson,7,4,18.0,42.0,5.0,10.0,4.0,45.0,26.0,6.0,2.0,9.0,4.0
watsope01,Peyton Watson,8,1,7.0,10.0,5.0,8.0,2.0,21.0,2.0,1.0,0.0,0.0,2.0
watsope01,Peyton Watson,9,1,2.0,4.0,0.0,0.0,1.0,5.0,0.0,0.0,1.0,0.0,0.0
watsope01,Peyton Watson,10,4,16.0,26.0,11.0,12.0,5.0,48.0,14.0,3.0,6.0,1.0,6.0
watsope01,Peyton Watson,11,4,30.0,65.0,15.0,20.0,4.0,79.0,18.0,6.0,4.0,2.0,5.0
watsope01,Peyton Watson,12,4,33.0,66.0,18.0,27.0,14.0,98.0,32.0,16.0,5.0,7.0,18.0
watsope01,Peyton Watson,13,4,29.0,54.0,19.0,26.0,4.0,81.0,21.0,9.0,4.0,5.0,8.0
watsope01,Peyton Watson,14,2,17.0,33.0,9.0,10.0,10.0,53.0,13.0,6.0,5.0,5.0,4.0
watsope01,Peyton Watson,15,4,33.0,69.0,6.0,12.0,10.0,82.0,14.0,12.0,1.0,6.0,10.0
watsope01,Peyton Watson,16,2,8.0,24.0,10.0,13.0,1.0,27.0,8.0,4.0,3.0,4.0,4.0
watsope01,Peyton Watson,22,1,6.0,13.0,1.0,2.0,1.0,14.0,6.0,3.0,0.0,0.0,0.0
watsope01,Peyton Watson,23,3,12.0,31.0,9.0,11.0,5.0,38.0,15.0,12.0,0.0,3.0,6.0
watsope01,Peyton Watson,24,1,3.0,5.0,0.0,0.0,0.0,6.0,3.0,0.0,0.0,0.0,1.0
achiupr01,Precious Achiuwa,3,3,8.0,14.0,4.0,6.0,0.0,20.0,17.0,0.0,1.0,2.0,2.0
achiupr01,Precious Achiuwa,4,4,9.0,17.0,3.0,7.0,0.0,21.0,12.0,5.0,4.0,1.0,1.0
achiupr01,Precious Achiuwa,5,3,10.0,19.0,3.0,5.0,1.0,24.0,18.0,5.0,2.0,0.0,2.0
achiupr01,Precious Achiuwa,6,4,17.0,31.0,1.0,6.0,2.0,37.0,26.0,4.0,2.0,3.0,2.0
achiupr01,Precious Achiuwa,7,2,7.0,13.0,3.0,6.0,0.0,17.0,14.0,1.0,2.0,0.0,1.0
achiupr01,Precious Achiuwa,8,3,14.0,20.0,3.0,7.0,1.0,32.0,17.0,2.0,2.0,3.0,0.0
achiupr01,Precious Achiuwa,9,3,2.0,13.0,5.0,10.0,0.0,9.0,8.0,4.0,2.0,0.0,2.0
achiupr01,Precious Achiuwa,10,3,10.0,25.0,2.0,4.0,3.0,25.0,24.0,6.0,5.0,1.0,1.0
achiupr01,Precious Achiuwa,11,4,8.0,24.0,3.0,4.0,2.0,21.0,15.0,7.0,4.0,2.0,3.0
achiupr01,Precious Achiuwa,12,3,8.0,14.0,3.0,4.0,1.0,20.0,16.0,4.0,4.0,3.0,2.0
achiupr01,Precious Achiuwa,13,4,20.0,32.0,5.0,9.0,4.0,49.0,30.0,5.0,2.0,7.0,5.0
achiupr01,Precious Achiuwa,14,4,11.0,20.0,2.0,2.0,1.0,25.0,25.0,5.0,1.0,0.0,4.0
achiupr01,Precious Achiuwa,15,4,10.0,26.0,0.0,0.0,1.0,21.0,25.0,3.0,3.0,1.0,5.0
achiupr01,Precious Achiuwa,16,2,3.0,7.0,2.0,4.0,0.0,8.0,6.0,3.0,2.0,1.0,0.0
achiupr01,Precious Achiuwa,17,2,7.0,13.0,0.0,0.0,0.0,14.0,8.0,1.0,4.0,2.0,2.0
achiupr01,Precious Achiuwa,18,2,13.0,21.0,1.0,2.0,1.0,28.0,13.0,5.0,5.0,2.0,3.0
achiupr01,Precious Achiuwa,19,4,30.0,55.0,2.0,3.0,3.0,65.0,43.0,6.0,5.0,4.0,4.0
achiupr01,Precious Achiuwa,20,3,26.0,42.0,6.0,8.0,2.0,60.0,30.0,9.0,2.0,3.0,0.0
achiupr01,Precious Achiuwa,21,4,29.0,46.0,4.0,4.0,3.0,65.0,39.0,4.0,3.0,7.0,6.0
achiupr01,Precious Achiuwa,22,3,13.0,30.0,9.0,15.0,1.0,36.0,29.0,2.0,1.0,2.0,3.0
achiupr01,Precious Achiuwa,23,3,22.0,37.0,2.0,7.0,0.0,46.0,23.0,5.0,5.0,2.0,6.0
achiupr01,Precious Achiuwa,24,3,21.0,35.0,5.0,11.0,1.0,48.0,31.0,3.0,2.0,1.0,6.0
achiupr01,Precious Achiuwa,25,3,18.0,44.0,9.0,15.0,0.0,45.0,23.0,12.0,2.0,3.0,5.0
grimequ01,Quentin Grimes,1,2,10.0,22.0,7.0,9.0,7.0,34.0,8.0,9.0,0.0,0.0,7.0
grimequ01,Quentin Grimes,2,4,23.0,51.0,17.0,22.0,12.0,75.0,20.0,22.0,5.0,3.0,11.0
grimequ01,Quentin Grimes,3,4,21.0,42.0,15.0,17.0,6.0,63.0,13.0,13.0,5.0,1.0,14.0
grimequ01,Quentin Grimes,4,2,9.0,20.0,5.0,5.0,4.0,27.0,7.0,9.0,1.0,2.0,6.0
grimequ01,Quentin Grimes,5,4,23.0,51.0,11.0,13.0,12.0,69.0,8.0,12.0,3.0,3.0,4.0
grimequ01,Quentin Grimes,6,3,17.0,44.0,17.0,18.0,4.0,55.0,16.0,17.0,4.0,0.0,11.0
grimequ01,Quentin Grimes,7,3,14.0,29.0,6.0,7.0,7.0,41.0,17.0,14.0,1.0,0.0,6.0
grimequ01,Quentin Grimes,8,2,7.0,23.0,4.0,4.0,6.0,24.0,11.0,11.0,3.0,1.0,3.0
grimequ01,Quentin Grimes,9,2,3.0,13.0,4.0,4.0,1.0,11.0,3.0,8.0,3.0,1.0,3.0
grimequ01,Quentin Grimes,10,2,4.0,14.0,4.0,4.0,3.0,15.0,3.0,5.0,0.0,0.0,1.0
grimequ01,Quentin Grimes,11,3,15.0,28.0,1.0,2.0,9.0,40.0,16.0,10.0,7.0,5.0,1.0
grimequ01,Quentin Grimes,12,4,15.0,31.0,15.0,17.0,6.0,51.0,13.0,7.0,4.0,2.0,9.0
grimequ01,Quentin Grimes,13,3,10.0,22.0,3.0,4.0,5.0,28.0,16.0,6.0,1.0,0.0,2.0
grimequ01,Quentin Grimes,14,4,7.0,22.0,9.0,11.0,1.0,24.0,11.0,12.0,5.0,1.0,5.0
grimequ01,Quentin Grimes,15,2,7.0,14.0,4.0,5.0,0.0,18.0,7.0,7.0,1.0,0.0,2.0
grimequ01,Quentin Grimes,16,4,12.0,23.0,6.0,7.0,4.0,34.0,11.0,12.0,2.0,0.0,5.0
grimequ01,Quentin Grimes,18,3,15.0,30.0,5.0,8.0,9.0,44.0,6.0,11.0,1.0,2.0,4.0
grimequ01,Quentin Grimes,19,3,11.0,24.0,2.0,3.0,5.0,29.0,7.0,4.0,2.0,0.0,5.0
grimequ01,Quentin Grimes,20,3,17.0,32.0,7.0,10.0,3.0,44.0,13.0,6.0,3.0,0.0,8.0
grimequ01,Quentin Grimes,21,5,38.0,87.0,32.0,37.0,5.0,113.0,22.0,16.0,7.0,2.0,9.0
grimequ01,Quentin Grimes,22,3,24.0,47.0,11.0,14.0,5.0,64.0,12.0,12.0,0.0,0.0,7.0
grimequ01,Quentin Grimes,23,2,7.0,15.0,4.0,4.0,3.0,21.0,7.0,8.0,4.0,3.0,2.0
grimequ01,Quentin Grimes,24,4,14.0,30.0,1.0,2.0,4.0,33.0,16.0,7.0,0.0,2.0,4.0
grimequ01,Quentin Grimes,25,4,17.0,41.0,9.0,10.0,6.0,49.0,10.0,6.0,2.0,0.0,4.0
barrerj01,RJ Barrett,1,3,25.0,37.0,7.0,10.0,4.0,61.0,18.0,10.0,4.0,2.0,7.0
barrerj01,RJ Barrett,2,4,31.0,63.0,11.0,13.0,9.0,82.0,13.0,14.0,5.0,0.0,8.0
barrerj01,RJ Barrett,3,3,20.0,39.0,16.0,22.0,8.0,64.0,16.0,14.0,1.0,2.0,3.0
barrerj01,RJ Barrett,4,3,18.0,47.0,5.0,9.0,3.0,44.0,19.0,14.0,1.0,0.0,3.0
barrerj01,RJ Barrett,5,4,26.0,51.0,19.0,26.0,7.0,78.0,16.0,12.0,3.0,0.0,5.0
barrerj01,RJ Barrett,10,1,5.0,13.0,0.0,2.0,2.0,12.0,7.0,4.0,0.0,0.0,0.0
barrerj01,RJ Barrett,11,2,18.0,32.0,5.0,7.0,5.0,46.0,10.0,4.0,1.0,0.0,5.0
barrerj01,RJ Barrett,12,3,25.0,57.0,8.0,14.0,6.0,64.0,17.0,12.0,4.0,0.0,5.0
barrerj01,RJ Barrett,14,2,10.0,21.0,2.0,4.0,2.0,24.0,12.0,5.0,2.0,1.0,4.0
barrerj01,RJ Barrett,15,3,15.0,39.0,18.0,22.0,3.0,51.0,17.0,12.0,1.0,1.0,5.0
barrerj01,RJ Barrett,16,2,11.0,27.0,7.0,12.0,4.0,33.0,14.0,6.0,2.0,2.0,7.0
barrerj01,RJ Barrett,17,1,4.0,6.0,7.0,8.0,1.0,16.0,3.0,4.0,1.0,1.0,2.0
barrerj01,RJ Barrett,18,2,5.0,20.0,9.0,12.0,1.0,20.0,12.0,6.0,3.0,0.0,1.0
barrerj01,RJ Barrett,19,3,20.0,44.0,8.0,12.0,6.0,54.0,20.0,10.0,2.0,1.0,5.0
barrerj01,RJ Barrett,20,3,31.0,46.0,6.0,10.0,8.0,76.0,16.0,6.0,1.0,1.0,5.0
barrerj01,RJ Barrett,21,4,35.0,64.0,15.0,20.0,5.0,90.0,25.0,9.0,4.0,2.0,7.0
barrerj01,RJ Barrett,22,3,20.0,37.0,9.0,11.0,5.0,54.0,12.0,7.0,0.0,2.0,8.0
barrerj01,RJ Barrett,23,4,30.0,62.0,15.0,22.0,6.0,81.0,17.0,17.0,4.0,0.0,4.0
barrerj01,RJ Barrett,24,4,30.0,65.0,16.0,21.0,8.0,84.0,19.0,16.0,1.0,3.0,12.0
barrerj01,RJ Barrett,25,3,22.0,46.0,17.0,22.0,3.0,64.0,17.0,7.0,2.0,1.0,3.0
sheppre01,Reed Sheppard,1,2,6.0,22.0,1.0,2.0,5.0,18.0,4.0,5.0,4.0,1.0,5.0
sheppre01,Reed Sheppard,2,3,12.0,24.0,3.0,3.0,7.0,34.0,9.0,12.0,1.0,1.0,2.0
sheppre01,Reed Sheppard,3,4,19.0,34.0,0.0,1.0,11.0,49.0,6.0,12.0,7.0,1.0,5.0
sheppre01,Reed Sheppard,4,3,19.0,34.0,2.0,3.0,10.0,50.0,13.0,8.0,7.0,1.0,3.0
sheppre01,Reed Sheppard,5,2,14.0,24.0,4.0,6.0,7.0,39.0,2.0,6.0,3.0,1.0,1.0
sheppre01,Reed Sheppard,6,3,18.0,42.0,5.0,6.0,6.0,47.0,16.0,14.0,8.0,4.0,6.0
sheppre01,Reed Sheppard,7,4,14.0,34.0,0.0,0.0,8.0,36.0,15.0,12.0,3.0,2.0,6.0
sheppre01,Reed Sheppard,8,1,4.0,9.0,0.0,0.0,2.0,10.0,4.0,2.0,0.0,1.0,1.0
sheppre01,Reed Sheppard,9,4,22.0,57.0,8.0,9.0,16.0,68.0,11.0,18.0,6.0,3.0,4.0
sheppre01,Reed Sheppard,10,3,13.0,31.0,7.0,8.0,6.0,39.0,6.0,12.0,6.0,2.0,1.0
sheppre01,Reed Sheppard,11,3,14.0,33.0,2.0,3.0,5.0,35.0,3.0,9.0,3.0,3.0,4.0
sheppre01,Reed Sheppard,12,4,18.0,44.0,2.0,3.0,7.0,45.0,8.0,9.0,4.0,1.0,6.0
sheppre01,Reed Sheppard,13,4,15.0,36.0,0.0,0.0,10.0,40.0,6.0,7.0,4.0,0.0,3.0
sheppre01,Reed Sheppard,14,3,19.0,46.0,6.0,8.0,9.0,53.0,3.0,9.0,4.0,1.0,4.0
sheppre01,Reed Sheppard,15,4,14.0,45.0,0.0,0.0,4.0,32.0,14.0,5.0,4.0,4.0,5.0
sheppre01,Reed Sheppard,16,4,16.0,47.0,5.0,6.0,6.0,43.0,9.0,11.0,8.0,2.0,8.0
sheppre01,Reed Sheppard,17,2,12.0,23.0,0.0,0.0,9.0,33.0,8.0,8.0,3.0,2.0,6.0
sheppre01,Reed Sheppard,18,2,8.0,17.0,4.0,4.0,3.0,23.0,6.0,6.0,1.0,2.0,3.0
sheppre01,Reed Sheppard,19,4,26.0,55.0,4.0,5.0,21.0,77.0,14.0,15.0,5.0,3.0,6.0
sheppre01,Reed Sheppard,20,4,30.0,66.0,7.0,8.0,16.0,83.0,16.0,25.0,8.0,6.0,14.0
sheppre01,Reed Sheppard,21,3,12.0,36.0,3.0,4.0,7.0,34.0,14.0,7.0,3.0,3.0,9.0
sheppre01,Reed Sheppard,22,4,22.0,45.0,2.0,2.0,13.0,59.0,8.0,24.0,10.0,2.0,8.0
sheppre01,Reed Sheppard,23,4,16.0,51.0,2.0,2.0,10.0,44.0,20.0,16.0,8.0,4.0,8.0
sheppre01,Reed Sheppard,24,4,25.0,45.0,1.0,1.0,19.0,70.0,11.0,17.0,7.0,3.0,3.0
sheppre01,Reed Sheppard,25,4,19.0,46.0,1.0,2.0,10.0,49.0,12.0,8.0,4.0,1.0,2.0
williro04,Robert Williams,2,1,2.0,2.0,0.0,1.0,0.0,4.0,4.0,1.0,0.0,1.0,0.0
williro04,Robert Williams,3,3,3.0,5.0,0.0,0.0,0.0,6.0,9.0,3.0,1.0,1.0,0.0
williro04,Robert Williams,4,4,11.0,19.0,0.0,0.0,1.0,23.0,18.0,2.0,4.0,3.0,2.0
williro04,Robert Williams,5,2,6.0,8.0,0.0,0.0,0.0,12.0,13.0,2.0,1.0,3.0,2.0
williro04,Robert Williams,6,3,11.0,15.0,3.0,6.0,0.0,25.0,19.0,2.0,3.0,9.0,0.0
williro04,Robert Williams,7,2,7.0,11.0,0.0,0.0,0.0,14.0,19.0,1.0,0.0,8.0,2.0
williro04,Robert Williams,8,1,4.0,4.0,3.0,4.0,0.0,11.0,11.0,3.0,1.0,0.0,3.0
williro04,Robert Williams,9,2,5.0,8.0,2.0,2.0,0.0,12.0,15.0,3.0,2.0,2.0,2.0
williro04,Robert Williams,10,2,4.0,7.0,4.0,4.0,0.0,12.0,17.0,1.0,0.0,2.0,0.0
williro04,Robert Williams,11,3,10.0,12.0,0.0,0.0,0.0,20.0,22.0,3.0,1.0,3.0,2.0
williro04,Robert Williams,12,4,7.0,8.0,2.0,3.0,1.0,17.0,13.0,7.0,3.0,2.0,2.0
williro04,Robert Williams,13,3,10.0,11.0,4.0,4.0,1.0,25.0,25.0,2.0,2.0,4.0,4.0
williro04,Robert Williams,14,1,2.0,3.0,0.0,0.0,0.0,4.0,10.0,0.0,1.0,3.0,0.0
williro04,Robert Williams,15,3,10.0,11.0,0.0,0.0,0.0,20.0,25.0,5.0,3.0,5.0,3.0
williro04,Robert Williams,16,2,12.0,13.0,1.0,2.0,2.0,27.0,15.0,5.0,1.0,6.0,5.0
williro04,Robert Williams,17,2,5.0,8.0,1.0,2.0,2.0,13.0,11.0,3.0,0.0,3.0,2.0
williro04,Robert Williams,18,2,3.0,5.0,0.0,2.0,0.0,6.0,8.0,1.0,1.0,3.0,1.0
williro04,Robert Williams,19,2,7.0,11.0,5.0,6.0,0.0,19.0,20.0,3.0,3.0,5.0,4.0
williro04,Robert Williams,20,3,19.0,25.0,2.0,6.0,0.0,40.0,26.0,2.0,4.0,4.0,4.0
williro04,Robert Williams,21,2,6.0,12.0,0.0,0.0,0.0,12.0,22.0,0.0,0.0,7.0,1.0
williro04,Robert Williams,22,3,10.0,16.0,0.0,1.0,0.0,20.0,27.0,3.0,0.0,2.0,4.0
williro04,Robert Williams,23,3,6.0,10.0,2.0,4.0,0.0,14.0,17.0,1.0,1.0,5.0,1.0
williro04,Robert Williams,24,2,6.0,8.0,0.0,0.0,0.0,12.0,16.0,2.0,0.0,4.0,1.0
williro04,Robert Williams,25,4,11.0,18.0,5.0,10.0,2.0,29.0,33.0,5.0,3.0,2.0,4.0
onealro01,Royce O'Neale,1,3,10.0,25.0,2.0,4.0,8.0,30.0,13.0,5.0,3.0,1.0,4.0
onealro01,Royce O'Neale,2,4,21.0,45.0,0.0,0.0,17.0,59.0,27.0,18.0,9.0,0.0,8.0
onealro01,Royce O'Neale,3,3,13.0,27.0,0.0,0.0,11.0,37.0,17.0,10.0,3.0,0.0,5.0
onealro01,Royce O'Neale,4,4,12.0,29.0,2.0,2.0,9.0,35.0,20.0,10.0,2.0,1.0,4.0
onealro01,Royce O'Neale,5,3,11.0,26.0,3.0,4.0,9.0,34.0,13.0,4.0,3.0,0.0,4.0
onealro01,Royce O'Neale,6,4,17.0,42.0,0.0,0.0,13.0,47.0,22.0,7.0,6.0,3.0,4.0
onealro01,Royce O'Neale,7,2,2.0,11.0,0.0,0.0,2.0,6.0,9.0,13.0,2.0,0.0,2.0
onealro01,Royce O'Neale,8,3,10.0,20.0,0.0,0.0,7.0,27.0,17.0,7.0,5.0,1.0,9.0
onealro01,Royce O'Neale,9,2,5.0,16.0,1.0,2.0,3.0,14.0,8.0,5.0,4.0,0.0,4.0
onealro01,Royce O'Neale,10,3,10.0,18.0,0.0,0.0,10.0,30.0,10.0,8.0,2.0,1.0,3.0
onealro01,Royce O'Neale,11,4,13.0,33.0,0.0,1.0,8.0,34.0,18.0,10.0,4.0,4.0,7.0
onealro01,Royce O'Neale,12,4,19.0,37.0,2.0,2.0,18.0,58.0,25.0,12.0,6.0,2.0,4.0
onealro01,Royce O'Neale,13,3,10.0,26.0,2.0,4.0,7.0,29.0,16.0,13.0,2.0,0.0,4.0
onealro01,Royce O'Neale,14,4,11.0,30.0,4.0,4.0,7.0,33.0,13.0,15.0,4.0,1.0,10.0
onealro01,Royce O'Neale,15,4,13.0,33.0,3.0,3.0,9.0,38.0,13.0,11.0,4.0,1.0,4.0
onealro01,Royce O'Neale,16,3,13.0,29.0,0.0,2.0,8.0,34.0,19.0,8.0,4.0,0.0,6.0
onealro01,Royce O'Neale,17,2,8.0,19.0,0.0,0.0,8.0,24.0,6.0,4.0,2.0,0.0,2.0
onealro01,Royce O'Neale,18,3,5.0,23.0,0.0,0.0,4.0,14.0,21.0,5.0,3.0,4.0,3.0
onealro01,Royce O'Neale,19,2,7.0,13.0,2.0,2.0,6.0,22.0,8.0,4.0,0.0,1.0,3.0
onealro01,Royce O'Neale,20,4,8.0,28.0,0.0,0.0,7.0,23.0,21.0,9.0,5.0,3.0,2.0
onealro01,Royce O'Neale,21,3,14.0,28.0,0.0,0.0,14.0,42.0,14.0,9.0,3.0,1.0,2.0
onealro01,Royce O'Neale,22,2,5.0,11.0,0.0,0.0,5.0,15.0,4.0,5.0,3.0,2.0,3.0
onealro01,Royce O'Neale,23,2,7.0,15.0,2.0,2.0,7.0,23.0,8.0,5.0,1.0,3.0,0.0
onealro01,Royce O'Neale,24,4,9.0,19.0,3.0,4.0,8.0,29.0,17.0,7.0,1.0,1.0,5.0
onealro01,Royce O'Neale,25,3,10.0,21.0,1.0,2.0,7.0,28.0,13.0,4.0,3.0,2.0,1.0
goberru01,Rudy Gobert,1,3,10.0,13.0,6.0,13.0,0.0,26.0,31.0,3.0,0.0,3.0,2.0
goberru01,Rudy Gobert,2,3,13.0,21.0,5.0,7.0,0.0,31.0,26.0,8.0,3.0,6.0,5.0
goberru01,Rudy Gobert,3,4,22.0,25.0,5.0,10.0,0.0,49.0,42.0,4.0,2.0,9.0,8.0
goberru01,Rudy Gobert,4,3,13.0,17.0,3.0,9.0,0.0,29.0,26.0,2.0,1.0,6.0,7.0
goberru01,Rudy Gobert,5,3,15.0,23.0,6.0,12.0,0.0,36.0,36.0,11.0,2.0,3.0,8.0
goberru01,Rudy Gobert,6,4,14.0,21.0,8.0,16.0,0.0,36.0,41.0,9.0,0.0,5.0,3.0
goberru01,Rudy Gobert,7,3,15.0,19.0,15.0,22.0,0.0,45.0,32.0,7.0,1.0,3.0,3.0
goberru01,Rudy Gobert,8,3,21.0,26.0,4.0,11.0,0.0,46.0,34.0,5.0,3.0,2.0,1.0
goberru01,Rudy Gobert,9,3,14.0,22.0,8.0,17.0,0.0,36.0,48.0,8.0,2.0,5.0,6.0
goberru01,Rudy Gobert,10,3,10.0,19.0,6.0,10.0,0.0,26.0,36.0,2.0,4.0,10.0,1.0
goberru01,Rudy Gobert,11,4,20.0,28.0,6.0,9.0,0.0,46.0,47.0,5.0,3.0,8.0,4.0
goberru01,Rudy Gobert,12,4,15.0,20.0,4.0,8.0,0.0,34.0,55.0,9.0,4.0,6.0,6.0
goberru01,Rudy Gobert,13,1,4.0,7.0,2.0,10.0,0.0,10.0,13.0,1.0,2.0,2.0,2.0
goberru01,Rudy Gobert,14,3,10.0,13.0,5.0,10.0,0.0,25.0,26.0,2.0,3.0,6.0,1.0
goberru01,Rudy Gobert,15,4,16.0,27.0,12.0,26.0,0.0,44.0,50.0,6.0,6.0,6.0,5.0
goberru01,Rudy Gobert,16,4,17.0,28.0,5.0,12.0,0.0,39.0,45.0,6.0,4.0,6.0,6.0
goberru01,Rudy Gobert,17,2,12.0,14.0,11.0,19.0,0.0,35.0,14.0,2.0,0.0,1.0,3.0
goberru01,Rudy Gobert,18,1,9.0,11.0,4.0,8.0,0.0,22.0,17.0,1.0,1.0,3.0,2.0
goberru01,Rudy Gobert,19,3,8.0,14.0,4.0,8.0,0.0,20.0,47.0,9.0,4.0,6.0,6.0
goberru01,Rudy Gobert,20,3,14.0,16.0,7.0,15.0,0.0,35.0,32.0,6.0,3.0,4.0,3.0
goberru01,Rudy Gobert,21,4,9.0,14.0,14.0,19.0,0.0,32.0,33.0,10.0,2.0,1.0,7.0
goberru01,Rudy Gobert,22,4,23.0,38.0,11.0,17.0,0.0,57.0,60.0,3.0,4.0,11.0,5.0
goberru01,Rudy Gobert,23,2,13.0,22.0,2.0,4.0,0.0,28.0,26.0,1.0,1.0,6.0,3.0
goberru01,Rudy Gobert,24,4,16.0,28.0,5.0,9.0,0.0,37.0,43.0,5.0,2.0,4.0,7.0
goberru01,Rudy Gobert,25,1,2.0,5.0,1.0,1.0,0.0,5.0,12.0,3.0,1.0,2.0,2.0
hachiru01,Rui Hachimura,1,3,20.0,29.0,5.0,6.0,5.0,50.0,9.0,5.0,2.0,0.0,3.0
hachiru01,Rui Hachimura,2,4,21.0,42.0,7.0,10.0,8.0,57.0,20.0,8.0,1.0,2.0,8.0
hachiru01,Rui Hachimura,3,3,18.0,33.0,9.0,12.0,6.0,51.0,8.0,1.0,2.0,1.0,3.0
hachiru01,Rui Hachimura,4,3,20.0,33.0,1.0,2.0,7.0,48.0,12.0,2.0,4.0,0.0,2.0
hachiru01,Rui Hachimura,5,2,7.0,16.0,3.0,4.0,2.0,19.0,10.0,1.0,0.0,1.0,0.0
hachiru01,Rui Hachimura,6,3,17.0,36.0,0.0,0.0,7.0,41.0,9.0,0.0,1.0,0.0,3.0
hachiru01,Rui Hachimura,7,4,16.0,33.0,2.0,2.0,8.0,42.0,17.0,1.0,1.0,0.0,3.0
hachiru01,Rui Hachimura,8,2,4.0,9.0,0.0,0.0,3.0,11.0,8.0,2.0,2.0,1.0,0.0
hachiru01,Rui Hachimura,9,1,6.0,10.0,0.0,0.0,1.0,13.0,3.0,1.0,0.0,1.0,0.0
hachiru01,Rui Hachimura,10,2,5.0,16.0,0.0,0.0,2.0,12.0,6.0,2.0,3.0,0.0,1.0
hachiru01,Rui Hachimura,13,4,12.0,28.0,2.0,2.0,5.0,31.0,4.0,2.0,2.0,2.0,2.0
hachiru01,Rui Hachimura,14,3,15.0,37.0,1.0,1.0,7.0,38.0,17.0,4.0,1.0,2.0,1.0
hachiru01,Rui Hachimura,15,4,17.0,34.0,4.0,8.0,7.0,45.0,9.0,4.0,1.0,2.0,3.0
hachiru01,Rui Hachimura,16,3,14.0,20.0,2.0,2.0,7.0,37.0,11.0,1.0,1.0,1.0,2.0
hachiru01,Rui Hachimura,17,3,17.0,33.0,0.0,0.0,5.0,39.0,12.0,5.0,3.0,0.0,3.0
hachiru01,Rui Hachimura,18,2,3.0,11.0,0.0,0.0,2.0,8.0,4.0,2.0,1.0,0.0,0.0
hachiru01,Rui Hachimura,19,2,6.0,15.0,2.0,2.0,4.0,18.0,2.0,0.0,3.0,2.0,0.0
hachiru01,Rui Hachimura,20,4,16.0,32.0,3.0,3.0,9.0,44.0,14.0,6.0,1.0,1.0,2.0
hachiru01,Rui Hachimura,21,3,13.0,24.0,0.0,0.0,4.0,30.0,6.0,2.0,1.0,0.0,0.0
hachiru01,Rui Hachimura,22,4,10.0,18.0,0.0,0.0,3.0,23.0,8.0,0.0,2.0,2.0,2.0
hachiru01,Rui Hachimura,23,1,3.0,6.0,2.0,4.0,0.0,8.0,3.0,0.0,1.0,0.0,0.0
hachiru01,Rui Hachimura,24,4,23.0,40.0,1.0,2.0,6.0,53.0,15.0,1.0,2.0,2.0,0.0
hachiru01,Rui Hachimura,25,4,24.0,42.0,6.0,12.0,8.0,62.0,19.0,6.0,4.0,1.0,4.0
westbru01,Russell Westbrook,1,3,11.0,25.0,4.0,9.0,5.0,31.0,13.0,11.0,2.0,1.0,6.0
westbru01,Russell Westbrook,2,3,14.0,39.0,7.0,8.0,5.0,40.0,16.0,18.0,6.0,0.0,5.0
westbru01,Russell Westbrook,3,4,30.0,54.0,6.0,7.0,13.0,79.0,34.0,26.0,4.0,1.0,18.0
westbru01,Russell Westbrook,4,4,16.0,45.0,12.0,19.0,7.0,51.0,29.0,35.0,2.0,0.0,16.0
westbru01,Russell Westbrook,5,3,16.0,33.0,2.0,6.0,5.0,39.0,24.0,21.0,4.0,1.0,7.0
westbru01,Russell Westbrook,6,4,18.0,50.0,3.0,4.0,6.0,45.0,33.0,31.0,8.0,0.0,15.0
westbru01,Russell Westbrook,7,2,10.0,24.0,1.0,3.0,3.0,24.0,5.0,19.0,5.0,0.0,10.0
westbru01,Russell Westbrook,8,3,19.0,40.0,8.0,10.0,3.0,49.0,22.0,29.0,5.0,1.0,9.0
westbru01,Russell Westbrook,9,3,18.0,45.0,7.0,12.0,5.0,48.0,24.0,21.0,6.0,0.0,8.0
westbru01,Russell Westbrook,10,3,23.0,54.0,5.0,7.0,10.0,61.0,16.0,17.0,5.0,0.0,13.0
westbru01,Russell Westbrook,11,4,18.0,49.0,18.0,21.0,6.0,60.0,21.0,19.0,5.0,3.0,13.0
westbru01,Russell Westbrook,12,3,16.0,38.0,2.0,4.0,5.0,39.0,16.0,21.0,2.0,0.0,9.0
westbru01,Russell Westbrook,13,4,32.0,58.0,11.0,16.0,15.0,90.0,16.0,31.0,5.0,0.0,15.0
westbru01,Russell Westbrook,14,4,25.0,57.0,11.0,12.0,8.0,69.0,12.0,17.0,7.0,1.0,14.0
westbru01,Russell Westbrook,15,1,6.0,19.0,0.0,0.0,2.0,14.0,4.0,5.0,1.0,0.0,6.0
westbru01,Russell Westbrook,16,3,15.0,36.0,2.0,5.0,8.0,40.0,8.0,19.0,1.0,0.0,11.0
westbru01,Russell Westbrook,17,1,7.0,17.0,2.0,2.0,1.0,17.0,2.0,2.0,0.0,0.0,2.0
westbru01,Russell Westbrook,18,2,5.0,17.0,0.0,0.0,2.0,12.0,3.0,3.0,2.0,1.0,8.0
westbru01,Russell Westbrook,19,3,24.0,52.0,8.0,9.0,5.0,61.0,11.0,15.0,1.0,0.0,10.0
westbru01,Russell Westbrook,20,3,20.0,46.0,10.0,13.0,8.0,58.0,15.0,29.0,7.0,1.0,5.0
westbru01,Russell Westbrook,21,2,9.0,25.0,6.0,10.0,4.0,28.0,19.0,19.0,4.0,0.0,5.0
westbru01,Russell Westbrook,22,2,6.0,16.0,2.0,6.0,2.0,16.0,4.0,18.0,1.0,2.0,4.0
kalkbry01,Ryan Kalkbrenner,1,3,14.0,16.0,0.0,0.0,0.0,28.0,23.0,3.0,1.0,3.0,6.0
kalkbry01,Ryan Kalkbrenner,2,4,16.0,21.0,3.0,5.0,0.0,35.0,23.0,0.0,8.0,12.0,5.0
kalkbry01,Ryan Kalkbrenner,3,2,9.0,11.0,2.0,2.0,0.0,20.0,16.0,2.0,1.0,8.0,5.0
kalkbry01,Ryan Kalkbrenner,4,3,15.0,18.0,9.0,10.0,0.0,39.0,20.0,0.0,2.0,4.0,4.0
kalkbry01,Ryan Kalkbrenner,5,3,7.0,10.0,5.0,7.0,0.0,19.0,21.0,1.0,0.0,2.0,2.0
kalkbry01,Ryan Kalkbrenner,6,3,9.0,11.0,5.0,7.0,0.0,23.0,17.0,2.0,2.0,4.0,3.0
kalkbry01,Ryan Kalkbrenner,7,4,13.0,17.0,7.0,10.0,0.0,33.0,27.0,2.0,2.0,9.0,1.0
kalkbry01,Ryan Kalkbrenner,8,2,8.0,10.0,1.0,2.0,0.0,17.0,9.0,2.0,1.0,3.0,3.0
kalkbry01,Ryan Kalkbrenner,9,2,5.0,8.0,2.0,4.0,0.0,12.0,11.0,4.0,1.0,2.0,1.0
kalkbry01,Ryan Kalkbrenner,12,1,5.0,7.0,2.0,2.0,0.0,12.0,9.0,0.0,0.0,2.0,0.0
kalkbry01,Ryan Kalkbrenner,13,4,15.0,21.0,2.0,4.0,0.0,32.0,19.0,5.0,2.0,0.0,2.0
kalkbry01,Ryan Kalkbrenner,14,3,10.0,12.0,5.0,9.0,0.0,25.0,16.0,1.0,0.0,2.0,3.0
kalkbry01,Ryan Kalkbrenner,15,4,13.0,17.0,4.0,8.0,0.0,30.0,20.0,3.0,1.0,6.0,4.0
kalkbry01,Ryan Kalkbrenner,16,3,6.0,13.0,6.0,8.0,0.0,18.0,16.0,2.0,4.0,5.0,4.0
kalkbry01,Ryan Kalkbrenner,17,2,5.0,6.0,1.0,2.0,0.0,11.0,10.0,1.0,2.0,2.0,2.0
kalkbry01,Ryan Kalkbrenner,18,3,12.0,16.0,6.0,7.0,0.0,30.0,26.0,7.0,0.0,5.0,2.0
kalkbry01,Ryan Kalkbrenner,19,3,3.0,6.0,0.0,2.0,0.0,6.0,12.0,2.0,0.0,2.0,1.0
kalkbry01,Ryan Kalkbrenner,20,4,11.0,17.0,6.0,8.0,0.0,28.0,17.0,4.0,2.0,8.0,0.0
kalkbry01,Ryan Kalkbrenner,21,2,7.0,10.0,2.0,4.0,0.0,16.0,9.0,2.0,1.0,5.0,1.0
kalkbry01,Ryan Kalkbrenner,22,3,12.0,14.0,5.0,5.0,0.0,29.0,10.0,1.0,0.0,0.0,5.0
kalkbry01,Ryan Kalkbrenner,23,4,7.0,8.0,2.0,2.0,0.0,16.0,11.0,4.0,0.0,6.0,4.0
kalkbry01,Ryan Kalkbrenner,24,4,10.0,15.0,5.0,5.0,0.0,25.0,23.0,3.0,1.0,8.0,1.0
kalkbry01,Ryan Kalkbrenner,25,3,7.0,7.0,3.0,3.0,0.0,17.0,12.0,3.0,1.0,3.0,3.0
rolliry01,Ryan Rollins,1,3,12.0,31.0,9.0,9.0,3.0,36.0,13.0,13.0,8.0,1.0,7.0
rolliry01,Ryan Rollins,2,3,29.0,45.0,6.0,8.0,9.0,73.0,9.0,20.0,6.0,0.0,6.0
rolliry01,Ryan Rollins,3,4,23.0,46.0,4.0,6.0,10.0,60.0,13.0,21.0,5.0,1.0,12.0
rolliry01,Ryan Rollins,4,4,27.0,51.0,4.0,7.0,10.0,68.0,18.0,21.0,5.0,1.0,8.0
rolliry01,Ryan Rollins,5,3,31.0,69.0,8.0,9.0,10.0,80.0,14.0,26.0,3.0,2.0,10.0
rolliry01,Ryan Rollins,6,4,23.0,58.0,5.0,7.0,8.0,59.0,19.0,22.0,8.0,2.0,13.0
rolliry01,Ryan Rollins,7,4,24.0,55.0,7.0,9.0,7.0,62.0,18.0,26.0,6.0,1.0,10.0
rolliry01,Ryan Rollins,8,2,9.0,21.0,0.0,0.0,3.0,21.0,4.0,12.0,2.0,1.0,5.0
rolliry01,Ryan Rollins,9,2,13.0,29.0,2.0,2.0,5.0,33.0,8.0,10.0,3.0,1.0,3.0
rolliry01,Ryan Rollins,10,3,22.0,39.0,5.0,10.0,9.0,58.0,18.0,14.0,5.0,2.0,3.0
rolliry01,Ryan Rollins,11,4,23.0,47.0,10.0,11.0,14.0,70.0,20.0,22.0,6.0,1.0,9.0
rolliry01,Ryan Rollins,12,3,10.0,35.0,5.0,6.0,3.0,28.0,19.0,10.0,2.0,2.0,5.0
rolliry01,Ryan Rollins,13,2,7.0,22.0,1.0,2.0,2.0,17.0,14.0,10.0,1.0,2.0,3.0
rolliry01,Ryan Rollins,14,3,18.0,43.0,2.0,3.0,7.0,45.0,10.0,11.0,8.0,1.0,6.0
rolliry01,Ryan Rollins,15,3,26.0,46.0,6.0,9.0,8.0,66.0,17.0,19.0,5.0,2.0,4.0
rolliry01,Ryan Rollins,16,3,27.0,59.0,4.0,5.0,12.0,70.0,15.0,18.0,0.0,0.0,12.0
rolliry01,Ryan Rollins,17,1,6.0,16.0,0.0,0.0,2.0,14.0,6.0,3.0,2.0,0.0,6.0
rolliry01,Ryan Rollins,18,2,16.0,32.0,5.0,6.0,11.0,48.0,11.0,7.0,5.0,3.0,7.0
rolliry01,Ryan Rollins,19,4,27.0,49.0,3.0,4.0,6.0,63.0,18.0,25.0,4.0,1.0,18.0
rolliry01,Ryan Rollins,20,4,16.0,49.0,5.0,6.0,9.0,46.0,23.0,23.0,9.0,2.0,12.0
rolliry01,Ryan Rollins,21,4,26.0,40.0,9.0,10.0,11.0,72.0,13.0,32.0,5.0,2.0,12.0
rolliry01,Ryan Rollins,22,3,21.0,42.0,9.0,12.0,9.0,60.0,16.0,16.0,3.0,1.0,7.0
rolliry01,Ryan Rollins,23,3,24.0,57.0,6.0,6.0,7.0,61.0,9.0,15.0,5.0,1.0,15.0
rolliry01,Ryan Rollins,24,2,18.0,30.0,4.0,4.0,8.0,48.0,11.0,12.0,2.0,0.0,5.0
rolliry01,Ryan Rollins,25,1,8.0,19.0,6.0,6.0,1.0,23.0,2.0,6.0,2.0,1.0,3.0
beysa01,Saddiq Bey,1,2,8.0,19.0,2.0,4.0,4.0,22.0,9.0,5.0,1.0,0.0,0.0
beysa01,Saddiq Bey,2,4,9.0,27.0,5.0,6.0,5.0,28.0,11.0,3.0,4.0,0.0,4.0
beysa01,Saddiq Bey,3,3,19.0,34.0,2.0,4.0,9.0,49.0,15.0,5.0,1.0,0.0,1.0
beysa01,Saddiq Bey,4,4,21.0,53.0,10.0,13.0,10.0,62.0,27.0,13.0,4.0,0.0,4.0
beysa01,Saddiq Bey,5,3,8.0,24.0,7.0,10.0,1.0,24.0,16.0,8.0,3.0,0.0,2.0
beysa01,Saddiq Bey,6,4,30.0,59.0,9.0,16.0,12.0,81.0,41.0,11.0,7.0,2.0,2.0
beysa01,Saddiq Bey,7,3,21.0,43.0,16.0,16.0,2.0,60.0,17.0,6.0,3.0,0.0,2.0
beysa01,Saddiq Bey,8,3,16.0,37.0,8.0,8.0,2.0,42.0,20.0,8.0,2.0,0.0,1.0
beysa01,Saddiq Bey,9,2,17.0,32.0,9.0,9.0,4.0,47.0,14.0,4.0,3.0,0.0,2.0
beysa01,Saddiq Bey,10,4,21.0,54.0,13.0,15.0,1.0,56.0,19.0,6.0,2.0,0.0,1.0
beysa01,Saddiq Bey,11,2,15.0,37.0,6.0,7.0,6.0,42.0,10.0,9.0,2.0,0.0,2.0
beysa01,Saddiq Bey,13,4,16.0,33.0,23.0,28.0,5.0,60.0,16.0,6.0,2.0,0.0,1.0
beysa01,Saddiq Bey,14,3,24.0,47.0,22.0,24.0,10.0,80.0,17.0,10.0,4.0,0.0,3.0
beysa01,Saddiq Bey,15,3,25.0,54.0,13.0,13.0,9.0,72.0,27.0,10.0,5.0,0.0,4.0
beysa01,Saddiq Bey,16,3,19.0,46.0,14.0,15.0,8.0,60.0,15.0,12.0,2.0,0.0,1.0
beysa01,Saddiq Bey,17,2,9.0,25.0,3.0,4.0,5.0,26.0,13.0,5.0,0.0,0.0,5.0
beysa01,Saddiq Bey,18,2,14.0,28.0,8.0,8.0,6.0,42.0,10.0,5.0,3.0,1.0,5.0
beysa01,Saddiq Bey,19,4,32.0,61.0,23.0,28.0,11.0,98.0,22.0,16.0,2.0,0.0,10.0
beysa01,Saddiq Bey,20,4,27.0,58.0,20.0,26.0,6.0,80.0,22.0,5.0,5.0,1.0,3.0
beysa01,Saddiq Bey,21,2,6.0,26.0,1.0,1.0,1.0,14.0,9.0,5.0,2.0,1.0,2.0
beysa01,Saddiq Bey,22,4,30.0,64.0,14.0,14.0,13.0,87.0,22.0,17.0,4.0,0.0,4.0
beysa01,Saddiq Bey,23,4,26.0,53.0,6.0,8.0,14.0,72.0,15.0,8.0,3.0,2.0,7.0
beysa01,Saddiq Bey,24,3,23.0,53.0,14.0,18.0,7.0,67.0,13.0,5.0,4.0,0.0,2.0
hausesa01,Sam Hauser,1,3,11.0,23.0,2.0,2.0,10.0,34.0,9.0,1.0,1.0,1.0,5.0
hausesa01,Sam Hauser,2,4,13.0,33.0,0.0,0.0,13.0,39.0,14.0,8.0,2.0,1.0,2.0
hausesa01,Sam Hauser,3,4,3.0,24.0,1.0,2.0,3.0,10.0,11.0,7.0,3.0,1.0,1.0
hausesa01,Sam Hauser,4,3,3.0,16.0,0.0,0.0,2.0,8.0,11.0,2.0,1.0,1.0,2.0
hausesa01,Sam Hauser,5,3,8.0,18.0,0.0,0.0,6.0,22.0,12.0,5.0,2.0,0.0,1.0
hausesa01,Sam Hauser,6,3,10.0,22.0,0.0,0.0,6.0,26.0,12.0,7.0,2.0,1.0,0.0
hausesa01,Sam Hauser,7,4,11.0,25.0,0.0,0.0,11.0,33.0,12.0,4.0,5.0,2.0,0.0
hausesa01,Sam Hauser,8,1,0.0,10.0,0.0,0.0,0.0,0.0,7.0,1.0,0.0,1.0,2.0
hausesa01,Sam Hauser,9,3,7.0,13.0,0.0,0.0,7.0,21.0,10.0,4.0,0.0,0.0,3.0
hausesa01,Sam Hauser,10,3,10.0,21.0,2.0,2.0,10.0,32.0,9.0,1.0,1.0,2.0,2.0
hausesa01,Sam Hauser,11,3,10.0,24.0,0.0,0.0,8.0,28.0,13.0,1.0,1.0,1.0,0.0
hausesa01,Sam Hauser,12,3,12.0,24.0,0.0,0.0,10.0,34.0,8.0,5.0,4.0,1.0,3.0
hausesa01,Sam Hauser,13,3,18.0,39.0,4.0,4.0,15.0,55.0,17.0,7.0,2.0,1.0,3.0
hausesa01,Sam Hauser,14,4,22.0,36.0,0.0,0.0,16.0,60.0,19.0,10.0,3.0,0.0,2.0
hausesa01,Sam Hauser,15,4,13.0,39.0,2.0,2.0,8.0,36.0,18.0,6.0,2.0,1.0,1.0
hausesa01,Sam Hauser,16,2,5.0,15.0,0.0,0.0,3.0,13.0,8.0,2.0,2.0,2.0,0.0
hausesa01,Sam Hauser,17,1,4.0,9.0,0.0,0.0,4.0,12.0,2.0,0.0,0.0,1.0,0.0
hausesa01,Sam Hauser,18,2,8.0,16.0,1.0,1.0,6.0,23.0,9.0,7.0,0.0,0.0,0.0
hausesa01,Sam Hauser,19,4,16.0,39.0,1.0,1.0,9.0,42.0,14.0,9.0,0.0,0.0,2.0
hausesa01,Sam Hauser,20,4,13.0,32.0,0.0,0.0,12.0,38.0,20.0,2.0,1.0,3.0,2.0
hausesa01,Sam Hauser,21,3,11.0,31.0,0.0,0.0,9.0,31.0,17.0,6.0,4.0,0.0,1.0
hausesa01,Sam Hauser,22,4,4.0,16.0,0.0,0.0,2.0,10.0,10.0,4.0,1.0,2.0,0.0
hausesa01,Sam Hauser,23,3,9.0,20.0,1.0,2.0,7.0,26.0,11.0,2.0,0.0,0.0,1.0
hausesa01,Sam Hauser,24,4,19.0,29.0,3.0,4.0,10.0,51.0,14.0,3.0,1.0,1.0,2.0
hausesa01,Sam Hauser,25,3,12.0,27.0,0.0,0.0,11.0,35.0,13.0,10.0,0.0,0.0,0.0
merrisa01,Sam Merrill,1,3,17.0,33.0,9.0,9.0,15.0,58.0,7.0,7.0,1.0,1.0,5.0
merrisa01,Sam Merrill,2,1,4.0,7.0,0.0,0.0,3.0,11.0,1.0,1.0,2.0,0.0,0.0
merrisa01,Sam Merrill,3,3,12.0,20.0,2.0,2.0,10.0,36.0,4.0,10.0,1.0,0.0,2.0
merrisa01,Sam Merrill,4,4,14.0,46.0,4.0,5.0,10.0,42.0,8.0,9.0,2.0,1.0,2.0
merrisa01,Sam Merrill,5,1,7.0,10.0,0.0,0.0,6.0,20.0,5.0,0.0,0.0,1.0,1.0
merrisa01,Sam Merrill,10,4,18.0,38.0,3.0,5.0,11.0,50.0,15.0,16.0,5.0,0.0,3.0
merrisa01,Sam Merrill,11,3,12.0,28.0,2.0,2.0,10.0,36.0,4.0,4.0,2.0,0.0,5.0
merrisa01,Sam Merrill,12,3,18.0,32.0,9.0,10.0,16.0,61.0,8.0,6.0,4.0,0.0,3.0
merrisa01,Sam Merrill,13,2,6.0,16.0,1.0,1.0,4.0,17.0,5.0,3.0,0.0,0.0,1.0
merrisa01,Sam Merrill,15,3,12.0,25.0,3.0,4.0,9.0,36.0,5.0,10.0,0.0,1.0,3.0
merrisa01,Sam Merrill,16,2,4.0,12.0,2.0,2.0,3.0,13.0,2.0,2.0,0.0,0.0,2.0
merrisa01,Sam Merrill,17,2,14.0,18.0,1.0,1.0,12.0,41.0,7.0,2.0,2.0,1.0,2.0
merrisa01,Sam Merrill,18,3,12.0,22.0,0.0,0.0,9.0,33.0,8.0,5.0,0.0,0.0,0.0
merrisa01,Sam Merrill,19,4,17.0,39.0,5.0,7.0,10.0,49.0,8.0,8.0,2.0,0.0,7.0
merrisa01,Sam Merrill,20,2,5.0,19.0,0.0,0.0,4.0,14.0,5.0,6.0,2.0,0.0,0.0
merrisa01,Sam Merrill,21,2,6.0,14.0,1.0,2.0,2.0,15.0,7.0,7.0,1.0,0.0,0.0
merrisa01,Sam Merrill,22,3,16.0,33.0,4.0,4.0,9.0,45.0,17.0,7.0,1.0,2.0,1.0
merrisa01,Sam Merrill,23,3,15.0,33.0,9.0,10.0,8.0,47.0,9.0,9.0,2.0,0.0,3.0
merrisa01,Sam Merrill,24,2,5.0,20.0,1.0,1.0,1.0,12.0,6.0,8.0,2.0,0.0,2.0
merrisa01,Sam Merrill,25,2,9.0,19.0,3.0,4.0,6.0,27.0,2.0,5.0,4.0,0.0,0.0
mamuksa01,Sandro Mamukelashvili,1,3,10.0,16.0,5.0,5.0,2.0,27.0,8.0,7.0,0.0,1.0,2.0
mamuksa01,Sandro Mamukelashvili,2,4,8.0,13.0,7.0,10.0,3.0,26.0,10.0,8.0,2.0,2.0,6.0
mamuksa01,Sandro Mamukelashvili,3,3,14.0,26.0,4.0,5.0,5.0,37.0,16.0,4.0,3.0,1.0,2.0
mamuksa01,Sandro Mamukelashvili,4,2,9.0,14.0,4.0,5.0,3.0,25.0,9.0,4.0,1.0,1.0,1.0
mamuksa01,Sandro Mamukelashvili,5,4,18.0,36.0,8.0,10.0,5.0,49.0,17.0,7.0,3.0,1.0,3.0
mamuksa01,Sandro Mamukelashvili,6,4,16.0,35.0,6.0,7.0,3.0,41.0,22.0,4.0,1.0,3.0,2.0
mamuksa01,Sandro Mamukelashvili,7,4,14.0,31.0,4.0,7.0,4.0,36.0,24.0,8.0,2.0,5.0,4.0
mamuksa01,Sandro Mamukelashvili,8,1,1.0,4.0,0.0,0.0,0.0,2.0,2.0,1.0,1.0,0.0,1.0
mamuksa01,Sandro Mamukelashvili,9,4,22.0,38.0,2.0,3.0,11.0,57.0,24.0,3.0,4.0,1.0,6.0
mamuksa01,Sandro Mamukelashvili,10,3,16.0,29.0,0.0,0.0,8.0,40.0,23.0,9.0,5.0,2.0,2.0
mamuksa01,Sandro Mamukelashvili,11,3,10.0,25.0,5.0,5.0,1.0,26.0,20.0,10.0,3.0,5.0,1.0
mamuksa01,Sandro Mamukelashvili,12,4,15.0,30.0,4.0,4.0,3.0,37.0,18.0,8.0,2.0,1.0,2.0
mamuksa01,Sandro Mamukelashvili,13,3,17.0,28.0,5.0,11.0,2.0,41.0,10.0,5.0,1.0,2.0,1.0
mamuksa01,Sandro Mamukelashvili,14,4,25.0,45.0,8.0,14.0,10.0,68.0,32.0,15.0,4.0,2.0,5.0
mamuksa01,Sandro Mamukelashvili,15,3,11.0,21.0,10.0,10.0,5.0,37.0,14.0,5.0,4.0,3.0,7.0
mamuksa01,Sandro Mamukelashvili,16,3,16.0,28.0,7.0,8.0,9.0,48.0,13.0,4.0,4.0,2.0,1.0
mamuksa01,Sandro Mamukelashvili,17,1,2.0,8.0,2.0,2.0,1.0,7.0,6.0,1.0,0.0,0.0,1.0
mamuksa01,Sandro Mamukelashvili,18,2,9.0,17.0,0.0,0.0,4.0,22.0,7.0,4.0,1.0,1.0,0.0
mamuksa01,Sandro Mamukelashvili,19,3,5.0,14.0,1.0,1.0,1.0,12.0,8.0,1.0,2.0,0.0,1.0
mamuksa01,Sandro Mamukelashvili,20,3,11.0,23.0,3.0,5.0,3.0,28.0,13.0,5.0,2.0,2.0,1.0
mamuksa01,Sandro Mamukelashvili,21,4,11.0,24.0,7.0,10.0,4.0,33.0,22.0,6.0,4.0,1.0,5.0
mamuksa01,Sandro Mamukelashvili,22,3,8.0,17.0,8.0,10.0,2.0,26.0,9.0,9.0,1.0,1.0,2.0
mamuksa01,Sandro Mamukelashvili,23,4,29.0,48.0,4.0,8.0,11.0,73.0,24.0,4.0,9.0,2.0,4.0
mamuksa01,Sandro Mamukelashvili,24,4,18.0,32.0,9.0,10.0,8.0,53.0,24.0,11.0,2.0,2.0,2.0
mamuksa01,Sandro Mamukelashvili,25,4,15.0,29.0,5.0,8.0,7.0,42.0,20.0,8.0,3.0,0.0,5.0
aldamsa01,Santi Aldama,1,3,12.0,25.0,1.0,4.0,2.0,27.0,22.0,3.0,2.0,4.0,3.0
aldamsa01,Santi Aldama,2,4,20.0,51.0,3.0,6.0,7.0,50.0,30.0,14.0,7.0,0.0,5.0
aldamsa01,Santi Aldama,3,4,20.0,43.0,9.0,11.0,6.0,55.0,20.0,8.0,3.0,3.0,9.0
aldamsa01,Santi Aldama,4,3,17.0,30.0,6.0,12.0,5.0,45.0,24.0,9.0,3.0,1.0,1.0
aldamsa01,Santi Aldama,5,3,24.0,45.0,4.0,5.0,7.0,59.0,19.0,9.0,2.0,4.0,2.0
aldamsa01,Santi Aldama,6,4,16.0,37.0,10.0,11.0,4.0,46.0,24.0,19.0,3.0,4.0,3.0
aldamsa01,Santi Aldama,7,3,11.0,25.0,8.0,11.0,3.0,33.0,16.0,10.0,3.0,1.0,3.0
aldamsa01,Santi Aldama,8,1,8.0,15.0,2.0,4.0,4.0,22.0,7.0,2.0,1.0,1.0,0.0
aldamsa01,Santi Aldama,9,3,20.0,36.0,3.0,5.0,5.0,48.0,23.0,7.0,2.0,1.0,6.0
aldamsa01,Santi Aldama,10,4,26.0,58.0,10.0,14.0,10.0,72.0,29.0,14.0,6.0,1.0,9.0
aldamsa01,Santi Aldama,11,3,15.0,36.0,6.0,8.0,6.0,42.0,23.0,12.0,2.0,4.0,5.0
aldamsa01,Santi Aldama,12,4,19.0,37.0,5.0,7.0,4.0,47.0,27.0,12.0,1.0,5.0,6.0
aldamsa01,Santi Aldama,13,2,9.0,16.0,5.0,9.0,4.0,27.0,10.0,4.0,1.0,0.0,1.0
aldamsa01,Santi Aldama,15,1,7.0,12.0,2.0,3.0,1.0,17.0,7.0,2.0,0.0,0.0,1.0
aldamsa01,Santi Aldama,16,1,4.0,10.0,2.0,4.0,2.0,12.0,6.0,0.0,1.0,2.0,1.0
barnesc01,Scottie Barnes,1,3,28.0,53.0,11.0,13.0,5.0,72.0,22.0,18.0,5.0,2.0,9.0
barnesc01,Scottie Barnes,2,4,28.0,58.0,6.0,11.0,10.0,72.0,30.0,17.0,4.0,8.0,7.0
barnesc01,Scottie Barnes,3,3,21.0,46.0,8.0,9.0,5.0,55.0,18.0,14.0,7.0,6.0,3.0
barnesc01,Scottie Barnes,4,3,21.0,38.0,14.0,15.0,1.0,57.0,32.0,19.0,3.0,7.0,6.0
barnesc01,Scottie Barnes,5,4,32.0,61.0,5.0,6.0,3.0,72.0,27.0,17.0,7.0,7.0,9.0
barnesc01,Scottie Barnes,6,4,31.0,58.0,23.0,24.0,5.0,90.0,38.0,19.0,4.0,4.0,14.0
barnesc01,Scottie Barnes,7,4,30.0,61.0,16.0,20.0,6.0,82.0,32.0,29.0,4.0,7.0,13.0
barnesc01,Scottie Barnes,8,1,6.0,18.0,0.0,0.0,1.0,13.0,5.0,4.0,2.0,0.0,2.0
barnesc01,Scottie Barnes,9,4,26.0,55.0,3.0,7.0,4.0,59.0,36.0,15.0,5.0,9.0,16.0
barnesc01,Scottie Barnes,10,3,27.0,45.0,10.0,11.0,0.0,64.0,37.0,21.0,3.0,1.0,9.0
barnesc01,Scottie Barnes,11,3,20.0,40.0,10.0,11.0,3.0,53.0,32.0,16.0,6.0,4.0,4.0
barnesc01,Scottie Barnes,12,3,24.0,49.0,17.0,20.0,1.0,66.0,19.0,18.0,1.0,1.0,9.0
barnesc01,Scottie Barnes,13,4,34.0,74.0,18.0,25.0,1.0,87.0,27.0,25.0,6.0,3.0,10.0
barnesc01,Scottie Barnes,14,4,29.0,58.0,15.0,16.0,1.0,74.0,35.0,30.0,5.0,10.0,13.0
barnesc01,Scottie Barnes,15,3,18.0,37.0,12.0,18.0,2.0,50.0,27.0,15.0,2.0,9.0,11.0
barnesc01,Scottie Barnes,16,3,26.0,42.0,7.0,9.0,1.0,60.0,30.0,21.0,3.0,5.0,8.0
barnesc01,Scottie Barnes,17,1,5.0,13.0,7.0,7.0,0.0,17.0,7.0,5.0,3.0,3.0,0.0
barnesc01,Scottie Barnes,18,1,5.0,14.0,4.0,4.0,0.0,14.0,9.0,5.0,2.0,1.0,6.0
barnesc01,Scottie Barnes,19,3,21.0,43.0,5.0,5.0,1.0,48.0,11.0,13.0,7.0,6.0,9.0
barnesc01,Scottie Barnes,20,3,18.0,33.0,6.0,6.0,5.0,47.0,10.0,9.0,4.0,3.0,4.0
barnesc01,Scottie Barnes,21,4,23.0,53.0,12.0,13.0,3.0,61.0,27.0,18.0,6.0,6.0,9.0
barnesc01,Scottie Barnes,22,3,21.0,37.0,6.0,8.0,2.0,50.0,20.0,17.0,5.0,2.0,8.0
barnesc01,Scottie Barnes,23,4,31.0,49.0,9.0,12.0,4.0,75.0,26.0,49.0,8.0,5.0,11.0
barnesc01,Scottie Barnes,24,4,16.0,42.0,7.0,14.0,0.0,39.0,15.0,36.0,10.0,3.0,16.0
barnesc01,Scottie Barnes,25,4,28.0,46.0,11.0,13.0,4.0,71.0,28.0,24.0,2.0,4.0,4.0
pippesc02,Scotty Pippen Jr.,16,1,4.0,8.0,4.0,4.0,1.0,13.0,3.0,6.0,1.0,0.0,2.0
pippesc02,Scotty Pippen Jr.,17,2,8.0,16.0,1.0,2.0,2.0,19.0,0.0,7.0,5.0,2.0,3.0
pippesc02,Scotty Pippen Jr.,18,1,7.0,15.0,1.0,2.0,3.0,18.0,3.0,6.0,2.0,1.0,3.0
pippesc02,Scotty Pippen Jr.,19,4,17.0,43.0,9.0,10.0,2.0,45.0,10.0,20.0,9.0,1.0,13.0
pippesc02,Scotty Pippen Jr.,20,2,7.0,14.0,3.0,5.0,2.0,19.0,6.0,8.0,2.0,0.0,6.0
sharpsh01,Shaedon Sharpe,1,3,17.0,59.0,12.0,12.0,5.0,51.0,11.0,6.0,4.0,0.0,12.0
sharpsh01,Shaedon Sharpe,2,3,19.0,44.0,8.0,9.0,7.0,53.0,15.0,3.0,4.0,1.0,7.0
sharpsh01,Shaedon Sharpe,3,3,23.0,51.0,12.0,15.0,4.0,62.0,22.0,4.0,7.0,1.0,10.0
sharpsh01,Shaedon Sharpe,4,4,44.0,84.0,24.0,33.0,9.0,121.0,20.0,13.0,4.0,1.0,8.0
sharpsh01,Shaedon Sharpe,5,1,12.0,24.0,5.0,7.0,0.0,29.0,2.0,3.0,1.0,0.0,2.0
sharpsh01,Shaedon Sharpe,6,2,7.0,15.0,3.0,6.0,1.0,18.0,6.0,3.0,1.0,1.0,6.0
sharpsh01,Shaedon Sharpe,7,4,31.0,72.0,20.0,23.0,6.0,88.0,19.0,13.0,6.0,0.0,12.0
sharpsh01,Shaedon Sharpe,8,2,20.0,32.0,7.0,10.0,9.0,56.0,6.0,7.0,4.0,1.0,5.0
sharpsh01,Shaedon Sharpe,9,2,21.0,41.0,1.0,4.0,6.0,49.0,8.0,7.0,3.0,0.0,9.0
sharpsh01,Shaedon Sharpe,10,4,36.0,78.0,7.0,11.0,10.0,89.0,15.0,7.0,9.0,0.0,15.0
sharpsh01,Shaedon Sharpe,11,4,26.0,74.0,12.0,12.0,3.0,67.0,17.0,10.0,5.0,0.0,13.0
sharpsh01,Shaedon Sharpe,12,4,35.0,75.0,11.0,14.0,11.0,92.0,19.0,18.0,5.0,0.0,8.0
sharpsh01,Shaedon Sharpe,13,4,34.0,67.0,17.0,23.0,10.0,95.0,21.0,11.0,6.0,0.0,13.0
sharpsh01,Shaedon Sharpe,14,2,21.0,44.0,0.0,0.0,6.0,48.0,14.0,7.0,5.0,0.0,9.0
sharpsh01,Shaedon Sharpe,15,4,33.0,69.0,8.0,10.0,12.0,86.0,14.0,11.0,4.0,1.0,13.0
sharpsh01,Shaedon Sharpe,16,2,7.0,18.0,5.0,5.0,2.0,21.0,3.0,3.0,0.0,0.0,2.0
sharpsh01,Shaedon Sharpe,25,2,6.0,21.0,3.0,3.0,2.0,17.0,5.0,6.0,2.0,0.0,3.0
gilgesh01,Shai Gilgeous-Alexander,1,3,39.0,74.0,37.0,44.0,5.0,120.0,18.0,15.0,5.0,4.0,7.0
gilgesh01,Shai Gilgeous-Alexander,2,4,43.0,82.0,23.0,23.0,6.0,115.0,18.0,26.0,3.0,4.0,8.0
gilgesh01,Shai Gilgeous-Alexander,3,4,42.0,82.0,34.0,37.0,12.0,130.0,21.0,25.0,4.0,4.0,4.0
gilgesh01,Shai Gilgeous-Alexander,4,3,32.0,56.0,19.0,22.0,8.0,91.0,14.0,27.0,7.0,1.0,4.0
gilgesh01,Shai Gilgeous-Alexander,5,4,39.0,65.0,37.0,41.0,9.0,124.0,17.0,26.0,8.0,2.0,9.0
gilgesh01,Shai Gilgeous-Alexander,6,3,30.0,54.0,39.0,46.0,4.0,103.0,13.0,19.0,5.0,0.0,5.0
gilgesh01,Shai Gilgeous-Alexander,7,2,23.0,33.0,18.0,22.0,7.0,71.0,8.0,10.0,1.0,1.0,2.0
gilgesh01,Shai Gilgeous-Alexander,8,2,23.0,38.0,7.0,7.0,4.0,57.0,6.0,13.0,2.0,2.0,9.0
gilgesh01,Shai Gilgeous-Alexander,9,2,25.0,50.0,12.0,14.0,5.0,67.0,12.0,13.0,4.0,4.0,4.0
gilgesh01,Shai Gilgeous-Alexander,10,4,42.0,74.0,24.0,28.0,5.0,113.0,21.0,25.0,7.0,1.0,8.0
gilgesh01,Shai Gilgeous-Alexander,11,4,44.0,81.0,29.0,30.0,7.0,124.0,9.0,25.0,6.0,0.0,9.0
gilgesh01,Shai Gilgeous-Alexander,12,3,31.0,66.0,30.0,34.0,4.0,96.0,13.0,20.0,2.0,3.0,5.0
gilgesh01,Shai Gilgeous-Alexander,13,3,29.0,53.0,31.0,34.0,4.0,93.0,11.0,12.0,1.0,6.0,9.0
gilgesh01,Shai Gilgeous-Alexander,14,4,53.0,78.0,31.0,34.0,4.0,141.0,15.0,24.0,4.0,5.0,5.0
gilgesh01,Shai Gilgeous-Alexander,15,3,31.0,56.0,29.0,32.0,2.0,93.0,17.0,25.0,3.0,1.0,12.0
gilgesh01,Shai Gilgeous-Alexander,16,1,8.0,22.0,3.0,4.0,1.0,20.0,5.0,9.0,2.0,0.0,3.0
gilgesh01,Shai Gilgeous-Alexander,19,2,24.0,49.0,17.0,19.0,1.0,66.0,7.0,14.0,6.0,2.0,4.0
gilgesh01,Shai Gilgeous-Alexander,20,2,15.0,31.0,21.0,22.0,2.0,53.0,8.0,13.0,2.0,1.0,7.0
gilgesh01,Shai Gilgeous-Alexander,21,3,34.0,61.0,15.0,17.0,7.0,90.0,18.0,34.0,5.0,5.0,5.0
gilgesh01,Shai Gilgeous-Alexander,22,3,39.0,63.0,18.0,24.0,4.0,100.0,11.0,15.0,8.0,0.0,6.0
gilgesh01,Shai Gilgeous-Alexander,23,4,35.0,67.0,35.0,43.0,5.0,110.0,12.0,22.0,4.0,5.0,12.0
gilgesh01,Shai Gilgeous-Alexander,24,3,31.0,54.0,28.0,33.0,5.0,95.0,16.0,17.0,3.0,0.0,8.0
gilgesh01,Shai Gilgeous-Alexander,25,2,19.0,32.0,3.0,4.0,4.0,45.0,2.0,19.0,3.0,1.0,6.0
curryst01,Stephen Curry,1,3,32.0,61.0,20.0,20.0,16.0,100.0,13.0,14.0,7.0,4.0,8.0
curryst01,Stephen Curry,2,4,28.0,68.0,16.0,18.0,14.0,86.0,12.0,17.0,4.0,0.0,13.0
curryst01,Stephen Curry,3,1,9.0,23.0,5.0,5.0,5.0,28.0,4.0,3.0,1.0,1.0,2.0
curryst01,Stephen Curry,4,4,35.0,75.0,29.0,32.0,16.0,115.0,15.0,10.0,5.0,0.0,9.0
curryst01,Stephen Curry,5,2,26.0,46.0,4.0,6.0,16.0,72.0,5.0,13.0,3.0,0.0,8.0
curryst01,Stephen Curry,6,2,16.0,37.0,5.0,5.0,8.0,45.0,10.0,7.0,1.0,4.0,10.0
curryst01,Stephen Curry,8,2,30.0,54.0,9.0,11.0,18.0,87.0,8.0,7.0,3.0,1.0,5.0
curryst01,Stephen Curry,9,2,12.0,32.0,13.0,14.0,6.0,43.0,19.0,13.0,2.0,0.0,6.0
curryst01,Stephen Curry,10,3,28.0,71.0,22.0,22.0,10.0,88.0,9.0,14.0,3.0,1.0,10.0
curryst01,Stephen Curry,11,3,25.0,49.0,18.0,19.0,16.0,84.0,6.0,14.0,2.0,1.0,9.0
curryst01,Stephen Curry,12,4,42.0,86.0,16.0,17.0,16.0,116.0,13.0,28.0,4.0,2.0,7.0
curryst01,Stephen Curry,13,3,18.0,38.0,4.0,4.0,8.0,48.0,10.0,23.0,2.0,1.0,7.0
curryst01,Stephen Curry,14,4,33.0,74.0,15.0,16.0,18.0,99.0,12.0,22.0,5.0,0.0,8.0
curryst01,Stephen Curry,15,2,14.0,30.0,14.0,15.0,8.0,50.0,2.0,4.0,2.0,1.0,9.0
curryst01,Stephen Curry,24,1,11.0,21.0,2.0,3.0,5.0,29.0,2.0,4.0,1.0,0.0,1.0
curryst01,Stephen Curry,25,3,15.0,34.0,12.0,14.0,10.0,52.0,14.0,10.0,4.0,1.0,9.0
castlst01,Stephon Castle,1,3,18.0,34.0,11.0,21.0,4.0,51.0,18.0,15.0,3.0,1.0,19.0
castlst01,Stephon Castle,2,3,23.0,40.0,18.0,25.0,5.0,69.0,18.0,17.0,8.0,2.0,9.0
castlst01,Stephon Castle,3,3,13.0,36.0,17.0,20.0,1.0,44.0,15.0,35.0,6.0,1.0,13.0
castlst01,Stephon Castle,4,4,22.0,44.0,13.0,19.0,2.0,59.0,24.0,32.0,5.0,1.0,10.0
castlst01,Stephon Castle,8,3,24.0,45.0,16.0,19.0,6.0,70.0,21.0,13.0,0.0,0.0,13.0
castlst01,Stephon Castle,9,3,18.0,37.0,13.0,20.0,3.0,52.0,9.0,25.0,3.0,2.0,8.0
castlst01,Stephon Castle,10,3,23.0,42.0,12.0,14.0,5.0,63.0,6.0,17.0,4.0,0.0,10.0
castlst01,Stephon Castle,11,4,17.0,50.0,20.0,26.0,1.0,55.0,19.0,32.0,4.0,0.0,13.0
castlst01,Stephon Castle,12,4,16.0,51.0,15.0,22.0,3.0,50.0,21.0,18.0,6.0,1.0,16.0
castlst01,Stephon Castle,13,3,14.0,30.0,13.0,19.0,6.0,47.0,14.0,27.0,4.0,0.0,7.0
castlst01,Stephon Castle,14,4,15.0,46.0,18.0,25.0,4.0,52.0,19.0,29.0,4.0,2.0,10.0
castlst01,Stephon Castle,15,2,12.0,23.0,6.0,9.0,2.0,32.0,10.0,15.0,2.0,1.0,5.0
castlst01,Stephon Castle,16,3,29.0,46.0,10.0,13.0,4.0,72.0,22.0,22.0,9.0,3.0,12.0
castlst01,Stephon Castle,17,2,4.0,12.0,2.0,3.0,0.0,10.0,5.0,11.0,0.0,1.0,4.0
castlst01,Stephon Castle,18,2,14.0,20.0,8.0,10.0,2.0,38.0,10.0,7.0,3.0,1.0,4.0
castlst01,Stephon Castle,19,4,20.0,51.0,16.0,23.0,4.0,60.0,13.0,25.0,5.0,1.0,8.0
castlst01,Stephon Castle,20,4,19.0,39.0,13.0,17.0,4.0,55.0,16.0,35.0,3.0,1.0,9.0
castlst01,Stephon Castle,21,3,18.0,38.0,19.0,21.0,8.0,63.0,27.0,26.0,1.0,0.0,10.0
castlst01,Stephon Castle,22,2,10.0,26.0,4.0,6.0,2.0,26.0,8.0,20.0,1.0,1.0,3.0
castlst01,Stephon Castle,23,3,18.0,29.0,16.0,22.0,4.0,56.0,20.0,25.0,2.0,0.0,12.0
castlst01,Stephon Castle,24,4,27.0,53.0,14.0,20.0,8.0,76.0,24.0,35.0,2.0,0.0,17.0
castlst01,Stephon Castle,25,2,9.0,23.0,8.0,10.0,3.0,29.0,21.0,22.0,3.0,0.0,4.0
mccontj01,T.J. McConnell,4,3,12.0,31.0,1.0,1.0,1.0,26.0,3.0,7.0,2.0,0.0,0.0
mccontj01,T.J. McConnell,5,3,10.0,16.0,0.0,0.0,4.0,24.0,10.0,14.0,2.0,0.0,4.0
mccontj01,T.J. McConnell,6,4,27.0,48.0,0.0,0.0,0.0,54.0,15.0,25.0,7.0,2.0,4.0
mccontj01,T.J. McConnell,7,3,10.0,16.0,0.0,0.0,0.0,20.0,5.0,11.0,5.0,1.0,2.0
mccontj01,T.J. McConnell,8,3,11.0,24.0,0.0,0.0,1.0,23.0,7.0,12.0,2.0,0.0,5.0
mccontj01,T.J. McConnell,9,2,12.0,16.0,0.0,0.0,0.0,24.0,9.0,13.0,3.0,1.0,4.0
mccontj01,T.J. McConnell,10,2,12.0,15.0,4.0,4.0,1.0,29.0,3.0,9.0,1.0,0.0,3.0
mccontj01,T.J. McConnell,11,4,15.0,33.0,4.0,4.0,0.0,34.0,8.0,20.0,4.0,1.0,7.0
mccontj01,T.J. McConnell,12,3,18.0,35.0,2.0,2.0,4.0,42.0,5.0,21.0,7.0,1.0,7.0
mccontj01,T.J. McConnell,13,3,10.0,21.0,1.0,2.0,0.0,21.0,4.0,20.0,2.0,0.0,1.0
mccontj01,T.J. McConnell,14,3,10.0,23.0,0.0,0.0,0.0,20.0,5.0,9.0,4.0,1.0,4.0
mccontj01,T.J. McConnell,15,3,14.0,25.0,2.0,2.0,0.0,30.0,8.0,13.0,4.0,0.0,3.0
mccontj01,T.J. McConnell,16,3,11.0,18.0,0.0,0.0,1.0,23.0,5.0,15.0,2.0,1.0,4.0
mccontj01,T.J. McConnell,17,1,6.0,9.0,1.0,1.0,0.0,13.0,1.0,3.0,0.0,0.0,1.0
mccontj01,T.J. McConnell,18,1,4.0,8.0,0.0,0.0,1.0,9.0,2.0,2.0,1.0,0.0,2.0
mccontj01,T.J. McConnell,19,3,11.0,22.0,2.0,4.0,0.0,24.0,4.0,15.0,2.0,0.0,5.0
mccontj01,T.J. McConnell,20,3,10.0,23.0,2.0,2.0,0.0,22.0,8.0,12.0,2.0,0.0,1.0
mccontj01,T.J. McConnell,21,2,8.0,19.0,3.0,3.0,0.0,19.0,5.0,17.0,1.0,0.0,2.0
mccontj01,T.J. McConnell,22,3,10.0,23.0,1.0,2.0,0.0,21.0,10.0,28.0,2.0,0.0,4.0
mccontj01,T.J. McConnell,23,4,21.0,25.0,2.0,2.0,3.0,47.0,7.0,21.0,3.0,2.0,1.0
easonta01,Tari Eason,1,2,3.0,11.0,0.0,0.0,1.0,7.0,11.0,2.0,1.0,1.0,5.0
easonta01,Tari Eason,2,3,18.0,30.0,1.0,3.0,11.0,48.0,16.0,9.0,2.0,2.0,8.0
easonta01,Tari Eason,3,4,18.0,36.0,2.0,2.0,10.0,48.0,19.0,5.0,5.0,2.0,5.0
easonta01,Tari Eason,4,2,8.0,18.0,2.0,2.0,5.0,23.0,11.0,2.0,1.0,0.0,1.0
easonta01,Tari Eason,9,1,6.0,8.0,1.0,2.0,3.0,16.0,3.0,3.0,1.0,0.0,0.0
easonta01,Tari Eason,10,3,12.0,27.0,1.0,4.0,4.0,29.0,14.0,2.0,6.0,4.0,3.0
easonta01,Tari Eason,11,3,18.0,32.0,5.0,6.0,6.0,47.0,27.0,3.0,4.0,2.0,5.0
easonta01,Tari Eason,12,3,12.0,37.0,4.0,6.0,5.0,33.0,24.0,7.0,4.0,2.0,7.0
easonta01,Tari Eason,14,2,8.0,18.0,0.0,1.0,3.0,19.0,15.0,3.0,5.0,1.0,4.0
easonta01,Tari Eason,15,3,17.0,42.0,1.0,2.0,9.0,44.0,20.0,3.0,7.0,2.0,4.0
easonta01,Tari Eason,16,3,17.0,35.0,3.0,4.0,8.0,45.0,22.0,2.0,3.0,1.0,3.0
easonta01,Tari Eason,17,2,6.0,23.0,3.0,3.0,4.0,19.0,7.0,4.0,1.0,0.0,3.0
easonta01,Tari Eason,18,2,6.0,17.0,2.0,2.0,2.0,16.0,15.0,4.0,3.0,0.0,3.0
easonta01,Tari Eason,19,4,13.0,33.0,1.0,1.0,4.0,31.0,31.0,13.0,5.0,3.0,7.0
easonta01,Tari Eason,20,4,11.0,33.0,2.0,2.0,1.0,25.0,22.0,6.0,4.0,3.0,1.0
easonta01,Tari Eason,21,3,10.0,28.0,0.0,0.0,0.0,20.0,19.0,3.0,4.0,0.0,5.0
easonta01,Tari Eason,22,4,11.0,40.0,8.0,9.0,2.0,32.0,28.0,6.0,4.0,2.0,9.0
easonta01,Tari Eason,23,4,14.0,38.0,5.0,7.0,5.0,38.0,26.0,3.0,3.0,1.0,1.0
easonta01,Tari Eason,24,4,15.0,37.0,4.0,4.0,6.0,40.0,21.0,3.0,3.0,1.0,2.0
easonta01,Tari Eason,25,4,18.0,37.0,7.0,7.0,4.0,47.0,24.0,7.0,6.0,1.0,5.0
hardati02,Tim Hardaway Jr.,1,2,5.0,14.0,1.0,2.0,3.0,14.0,2.0,0.0,2.0,0.0,1.0
hardati02,Tim Hardaway Jr.,2,3,14.0,27.0,5.0,5.0,9.0,42.0,4.0,6.0,1.0,0.0,0.0
hardati02,Tim Hardaway Jr.,3,4,17.0,34.0,2.0,2.0,11.0,47.0,11.0,8.0,1.0,0.0,2.0
hardati02,Tim Hardaway Jr.,4,3,11.0,23.0,9.0,9.0,10.0,41.0,6.0,5.0,1.0,1.0,0.0
hardati02,Tim Hardaway Jr.,5,4,12.0,35.0,3.0,4.0,4.0,31.0,7.0,4.0,3.0,0.0,1.0
hardati02,Tim Hardaway Jr.,6,3,17.0,34.0,6.0,7.0,11.0,51.0,7.0,2.0,0.0,1.0,2.0
hardati02,Tim Hardaway Jr.,7,4,18.0,37.0,10.0,12.0,9.0,55.0,8.0,9.0,4.0,0.0,1.0
hardati02,Tim Hardaway Jr.,8,1,5.0,11.0,0.0,0.0,1.0,11.0,5.0,2.0,0.0,0.0,0.0
hardati02,Tim Hardaway Jr.,9,3,12.0,27.0,3.0,3.0,6.0,33.0,7.0,2.0,3.0,0.0,4.0
hardati02,Tim Hardaway Jr.,10,4,27.0,54.0,9.0,9.0,20.0,83.0,13.0,5.0,0.0,1.0,1.0
hardati02,Tim Hardaway Jr.,11,4,22.0,52.0,9.0,12.0,13.0,66.0,12.0,6.0,0.0,0.0,1.0
hardati02,Tim Hardaway Jr.,12,3,15.0,29.0,8.0,9.0,11.0,49.0,6.0,1.0,3.0,1.0,2.0
hardati02,Tim Hardaway Jr.,13,4,19.0,44.0,15.0,15.0,13.0,66.0,10.0,8.0,2.0,0.0,4.0
hardati02,Tim Hardaway Jr.,14,3,8.0,34.0,10.0,11.0,3.0,29.0,9.0,4.0,2.0,3.0,3.0
hardati02,Tim Hardaway Jr.,15,4,20.0,43.0,8.0,10.0,16.0,64.0,20.0,6.0,4.0,1.0,1.0
hardati02,Tim Hardaway Jr.,16,3,13.0,26.0,14.0,19.0,8.0,48.0,11.0,3.0,1.0,0.0,2.0
hardati02,Tim Hardaway Jr.,17,2,11.0,18.0,4.0,6.0,7.0,33.0,4.0,0.0,1.0,0.0,0.0
hardati02,Tim Hardaway Jr.,18,3,11.0,25.0,2.0,4.0,5.0,29.0,5.0,3.0,3.0,0.0,4.0
hardati02,Tim Hardaway Jr.,19,3,16.0,27.0,7.0,12.0,8.0,47.0,9.0,6.0,1.0,1.0,1.0
hardati02,Tim Hardaway Jr.,20,3,8.0,24.0,7.0,10.0,4.0,27.0,9.0,2.0,0.0,0.0,3.0
hardati02,Tim Hardaway Jr.,21,4,21.0,42.0,5.0,8.0,16.0,63.0,8.0,7.0,2.0,0.0,5.0
hardati02,Tim Hardaway Jr.,22,4,15.0,44.0,7.0,8.0,12.0,49.0,14.0,7.0,2.0,0.0,3.0
hardati02,Tim Hardaway Jr.,23,4,17.0,37.0,11.0,14.0,14.0,59.0,7.0,6.0,3.0,0.0,1.0
hardati02,Tim Hardaway Jr.,24,2,4.0,8.0,2.0,2.0,3.0,13.0,6.0,0.0,1.0,0.0,0.0
hardati02,Tim Hardaway Jr.,25,3,10.0,29.0,2.0,3.0,7.0,29.0,6.0,6.0,2.0,1.0,1.0
harrito02,Tobias Harris,1,3,15.0,38.0,3.0,3.0,4.0,37.0,25.0,12.0,2.0,1.0,2.0
harrito02,Tobias Harris,2,3,13.0,33.0,14.0,15.0,4.0,44.0,11.0,5.0,3.0,0.0,6.0
harrito02,Tobias Harris,5,1,7.0,9.0,1.0,3.0,3.0,18.0,5.0,4.0,0.0,1.0,0.0
harrito02,Tobias Harris,6,4,26.0,43.0,9.0,11.0,7.0,68.0,14.0,8.0,1.0,2.0,4.0
harrito02,Tobias Harris,7,3,12.0,38.0,8.0,10.0,7.0,39.0,16.0,5.0,0.0,0.0,4.0
harrito02,Tobias Harris,8,1,4.0,9.0,0.0,0.0,1.0,9.0,3.0,1.0,3.0,0.0,1.0
harrito02,Tobias Harris,9,3,9.0,24.0,11.0,14.0,0.0,29.0,16.0,9.0,1.0,1.0,1.0
harrito02,Tobias Harris,10,4,23.0,48.0,8.0,8.0,4.0,58.0,15.0,13.0,5.0,1.0,4.0
harrito02,Tobias Harris,11,1,2.0,2.0,2.0,2.0,1.0,7.0,0.0,0.0,0.0,0.0,1.0
harrito02,Tobias Harris,13,2,9.0,16.0,4.0,4.0,1.0,23.0,12.0,6.0,6.0,0.0,3.0
harrito02,Tobias Harris,14,4,22.0,51.0,2.0,3.0,9.0,55.0,12.0,8.0,4.0,1.0,6.0
harrito02,Tobias Harris,15,4,20.0,38.0,17.0,17.0,4.0,61.0,23.0,10.0,6.0,0.0,4.0
harrito02,Tobias Harris,16,2,9.0,24.0,3.0,3.0,5.0,26.0,12.0,4.0,0.0,0.0,3.0
harrito02,Tobias Harris,17,2,8.0,20.0,5.0,6.0,2.0,23.0,17.0,1.0,1.0,2.0,1.0
harrito02,Tobias Harris,18,2,12.0,30.0,2.0,4.0,3.0,29.0,16.0,6.0,5.0,1.0,3.0
harrito02,Tobias Harris,19,4,18.0,42.0,4.0,4.0,2.0,42.0,28.0,9.0,8.0,2.0,2.0
harrito02,Tobias Harris,20,4,19.0,38.0,16.0,17.0,3.0,57.0,20.0,1.0,1.0,3.0,4.0
harrito02,Tobias Harris,21,3,16.0,28.0,1.0,1.0,5.0,38.0,12.0,7.0,1.0,0.0,3.0
harrito02,Tobias Harris,22,3,12.0,27.0,7.0,8.0,1.0,32.0,18.0,16.0,1.0,4.0,2.0
harrito02,Tobias Harris,23,4,26.0,53.0,7.0,9.0,7.0,66.0,23.0,19.0,3.0,6.0,4.0
harrito02,Tobias Harris,24,3,12.0,23.0,7.0,8.0,2.0,33.0,9.0,9.0,4.0,0.0,2.0
harrito02,Tobias Harris,25,3,15.0,25.0,5.0,7.0,7.0,42.0,15.0,4.0,4.0,1.0,3.0
camarto01,Toumani Camara,1,3,12.0,30.0,5.0,6.0,5.0,34.0,18.0,11.0,4.0,0.0,1.0
camarto01,Toumani Camara,2,3,13.0,33.0,4.0,6.0,5.0,35.0,10.0,11.0,4.0,3.0,5.0
camarto01,Toumani Camara,3,3,16.0,39.0,2.0,4.0,9.0,43.0,19.0,5.0,2.0,1.0,9.0
camarto01,Toumani Camara,4,4,18.0,42.0,4.0,5.0,8.0,48.0,21.0,11.0,4.0,2.0,11.0
camarto01,Toumani Camara,5,4,17.0,42.0,2.0,2.0,8.0,44.0,20.0,9.0,5.0,3.0,10.0
camarto01,Toumani Camara,6,3,14.0,37.0,4.0,5.0,10.0,42.0,20.0,8.0,2.0,2.0,6.0
camarto01,Toumani Camara,7,4,17.0,36.0,6.0,11.0,12.0,52.0,20.0,11.0,5.0,3.0,8.0
camarto01,Toumani Camara,8,2,8.0,18.0,2.0,2.0,4.0,22.0,7.0,8.0,2.0,0.0,2.0
camarto01,Toumani Camara,9,2,11.0,26.0,3.0,4.0,7.0,32.0,14.0,7.0,4.0,0.0,6.0
camarto01,Toumani Camara,10,4,20.0,51.0,7.0,12.0,11.0,58.0,15.0,7.0,3.0,0.0,8.0
camarto01,Toumani Camara,11,4,16.0,36.0,3.0,7.0,14.0,49.0,25.0,11.0,1.0,1.0,10.0
camarto01,Toumani Camara,12,4,22.0,46.0,11.0,11.0,10.0,65.0,18.0,10.0,5.0,3.0,9.0
camarto01,Toumani Camara,13,4,17.0,35.0,3.0,4.0,6.0,43.0,13.0,6.0,1.0,3.0,4.0
camarto01,Toumani Camara,14,2,11.0,21.0,3.0,4.0,7.0,32.0,14.0,8.0,2.0,1.0,3.0
camarto01,Toumani Camara,15,4,17.0,41.0,3.0,5.0,9.0,46.0,25.0,7.0,3.0,1.0,6.0
camarto01,Toumani Camara,16,3,14.0,33.0,1.0,1.0,7.0,36.0,22.0,8.0,4.0,1.0,4.0
camarto01,Toumani Camara,17,3,18.0,26.0,3.0,5.0,14.0,53.0,19.0,6.0,4.0,1.0,9.0
camarto01,Toumani Camara,18,2,9.0,20.0,0.0,2.0,4.0,22.0,11.0,3.0,2.0,1.0,3.0
camarto01,Toumani Camara,19,4,16.0,48.0,8.0,12.0,8.0,48.0,17.0,11.0,5.0,0.0,5.0
camarto01,Toumani Camara,20,3,12.0,35.0,3.0,6.0,5.0,32.0,24.0,7.0,7.0,1.0,2.0
camarto01,Toumani Camara,21,3,9.0,34.0,0.0,0.0,5.0,23.0,11.0,11.0,3.0,2.0,8.0
camarto01,Toumani Camara,22,4,21.0,35.0,6.0,7.0,9.0,57.0,15.0,5.0,3.0,1.0,4.0
camarto01,Toumani Camara,23,4,24.0,41.0,11.0,13.0,17.0,76.0,18.0,8.0,8.0,2.0,6.0
camarto01,Toumani Camara,24,2,15.0,31.0,1.0,1.0,9.0,40.0,11.0,1.0,5.0,1.0,2.0
camarto01,Toumani Camara,25,4,25.0,55.0,2.0,2.0,16.0,68.0,14.0,11.0,5.0,2.0,3.0
youngtr01,Trae Young,1,3,17.0,44.0,24.0,29.0,4.0,62.0,6.0,21.0,3.0,1.0,8.0
youngtr01,Trae Young,2,2,9.0,26.0,8.0,10.0,1.0,27.0,4.0,18.0,0.0,1.0,2.0
youngtr01,Trae Young,9,2,13.0,24.0,10.0,11.0,7.0,43.0,2.0,19.0,1.0,0.0,5.0
youngtr01,Trae Young,10,3,17.0,41.0,21.0,23.0,6.0,61.0,3.0,31.0,5.0,0.0,11.0
youngtr01,Trae Young,20,2,8.0,15.0,9.0,14.0,4.0,29.0,6.0,14.0,2.0,0.0,7.0
youngtr01,Trae Young,21,2,10.0,17.0,4.0,5.0,2.0,26.0,7.0,12.0,0.0,0.0,3.0
youngtr01,Trae Young,22,1,7.0,10.0,4.0,5.0,3.0,21.0,2.0,5.0,1.0,1.0,3.0
jonestr01,Tre Jones,1,2,8.0,15.0,7.0,10.0,2.0,25.0,6.0,16.0,8.0,0.0,5.0
jonestr01,Tre Jones,2,4,16.0,33.0,12.0,12.0,4.0,48.0,14.0,22.0,5.0,2.0,7.0
jonestr01,Tre Jones,3,3,13.0,28.0,16.0,18.0,0.0,42.0,15.0,10.0,5.0,0.0,3.0
jonestr01,Tre Jones,4,2,11.0,21.0,9.0,12.0,0.0,31.0,9.0,12.0,5.0,0.0,3.0
jonestr01,Tre Jones,5,2,4.0,11.0,8.0,8.0,0.0,16.0,6.0,3.0,1.0,1.0,5.0
jonestr01,Tre Jones,6,3,15.0,22.0,13.0,16.0,0.0,43.0,4.0,17.0,5.0,1.0,4.0
jonestr01,Tre Jones,7,1,7.0,10.0,4.0,5.0,2.0,20.0,1.0,3.0,0.0,0.0,1.0
jonestr01,Tre Jones,8,2,5.0,16.0,2.0,2.0,0.0,12.0,4.0,10.0,2.0,2.0,1.0
jonestr01,Tre Jones,9,3,12.0,19.0,12.0,13.0,2.0,38.0,5.0,22.0,5.0,0.0,4.0
jonestr01,Tre Jones,10,3,11.0,22.0,7.0,11.0,1.0,30.0,10.0,10.0,2.0,0.0,1.0
jonestr01,Tre Jones,11,4,18.0,33.0,10.0,12.0,1.0,47.0,6.0,29.0,2.0,0.0,5.0
jonestr01,Tre Jones,12,3,11.0,22.0,6.0,6.0,1.0,29.0,15.0,21.0,0.0,0.0,4.0
jonestr01,Tre Jones,13,4,24.0,36.0,8.0,9.0,6.0,62.0,7.0,30.0,9.0,0.0,6.0
jonestr01,Tre Jones,14,2,11.0,14.0,3.0,4.0,2.0,27.0,11.0,17.0,2.0,1.0,3.0
jonestr01,Tre Jones,18,3,12.0,24.0,2.0,3.0,1.0,27.0,4.0,15.0,3.0,1.0,2.0
jonestr01,Tre Jones,19,3,14.0,31.0,6.0,9.0,1.0,35.0,8.0,11.0,1.0,1.0,4.0
jonestr01,Tre Jones,20,3,19.0,35.0,6.0,8.0,4.0,48.0,9.0,12.0,3.0,0.0,3.0
jonestr01,Tre Jones,21,3,28.0,45.0,3.0,3.0,2.0,61.0,9.0,13.0,2.0,0.0,4.0
jonestr01,Tre Jones,22,3,16.0,32.0,8.0,10.0,3.0,43.0,11.0,13.0,7.0,1.0,8.0
jonestr01,Tre Jones,23,4,26.0,47.0,16.0,20.0,2.0,70.0,25.0,28.0,5.0,1.0,8.0
jonestr01,Tre Jones,24,4,32.0,49.0,12.0,15.0,4.0,80.0,10.0,18.0,2.0,0.0,7.0
jonestr01,Tre Jones,25,4,28.0,52.0,21.0,21.0,3.0,80.0,15.0,18.0,3.0,0.0,4.0
murphtr02,Trey Murphy III,1,2,14.0,33.0,5.0,5.0,4.0,37.0,17.0,8.0,3.0,0.0,2.0
murphtr02,Trey Murphy III,2,4,17.0,46.0,5.0,6.0,11.0,50.0,22.0,13.0,4.0,0.0,2.0
murphtr02,Trey Murphy III,3,3,25.0,50.0,12.0,12.0,11.0,73.0,21.0,11.0,4.0,2.0,5.0
murphtr02,Trey Murphy III,4,4,33.0,66.0,22.0,24.0,10.0,98.0,29.0,11.0,7.0,0.0,18.0
murphtr02,Trey Murphy III,5,4,26.0,53.0,19.0,20.0,14.0,85.0,19.0,8.0,11.0,2.0,10.0
murphtr02,Trey Murphy III,6,2,12.0,28.0,2.0,3.0,6.0,32.0,8.0,10.0,4.0,0.0,4.0
murphtr02,Trey Murphy III,7,3,28.0,55.0,15.0,17.0,6.0,77.0,27.0,17.0,4.0,0.0,7.0
murphtr02,Trey Murphy III,8,3,31.0,49.0,9.0,12.0,5.0,76.0,19.0,10.0,5.0,1.0,3.0
murphtr02,Trey Murphy III,9,2,14.0,21.0,12.0,12.0,4.0,44.0,9.0,6.0,1.0,1.0,2.0
murphtr02,Trey Murphy III,10,4,24.0,52.0,10.0,11.0,10.0,68.0,17.0,13.0,10.0,0.0,5.0
murphtr02,Trey Murphy III,11,3,24.0,50.0,0.0,0.0,15.0,63.0,20.0,12.0,1.0,2.0,8.0
murphtr02,Trey Murphy III,12,3,35.0,65.0,12.0,14.0,16.0,98.0,20.0,13.0,4.0,0.0,4.0
murphtr02,Trey Murphy III,13,4,37.0,76.0,17.0,20.0,17.0,108.0,21.0,16.0,5.0,3.0,7.0
murphtr02,Trey Murphy III,14,3,22.0,56.0,15.0,16.0,7.0,66.0,13.0,14.0,5.0,1.0,7.0
murphtr02,Trey Murphy III,15,3,13.0,55.0,7.0,10.0,4.0,37.0,15.0,9.0,5.0,3.0,1.0
murphtr02,Trey Murphy III,16,3,34.0,63.0,8.0,8.0,21.0,97.0,13.0,15.0,4.0,1.0,9.0
murphtr02,Trey Murphy III,17,2,15.0,30.0,3.0,4.0,7.0,40.0,6.0,13.0,1.0,0.0,1.0
murphtr02,Trey Murphy III,19,1,6.0,15.0,0.0,0.0,4.0,16.0,2.0,3.0,2.0,0.0,3.0
murphtr02,Trey Murphy III,20,4,27.0,60.0,19.0,22.0,15.0,88.0,22.0,16.0,7.0,2.0,4.0
murphtr02,Trey Murphy III,21,2,13.0,27.0,8.0,10.0,8.0,42.0,13.0,10.0,3.0,0.0,7.0
murphtr02,Trey Murphy III,22,4,26.0,59.0,12.0,14.0,13.0,77.0,25.0,14.0,7.0,4.0,7.0
murphtr02,Trey Murphy III,23,1,6.0,15.0,0.0,0.0,4.0,16.0,6.0,2.0,1.0,0.0,0.0
murphtr02,Trey Murphy III,24,2,12.0,26.0,6.0,6.0,2.0,32.0,12.0,6.0,1.0,2.0,4.0
dasiltr01,Tristan Da Silva,1,3,13.0,29.0,8.0,10.0,5.0,39.0,10.0,4.0,3.0,1.0,2.0
dasiltr01,Tristan Da Silva,2,4,12.0,27.0,6.0,6.0,6.0,36.0,10.0,3.0,5.0,0.0,3.0
dasiltr01,Tristan Da Silva,3,3,16.0,28.0,2.0,2.0,9.0,43.0,11.0,2.0,2.0,0.0,3.0
dasiltr01,Tristan Da Silva,4,4,17.0,35.0,3.0,6.0,8.0,45.0,23.0,5.0,3.0,2.0,4.0
dasiltr01,Tristan Da Silva,5,4,19.0,45.0,0.0,0.0,7.0,45.0,16.0,9.0,2.0,1.0,3.0
dasiltr01,Tristan Da Silva,6,2,7.0,11.0,2.0,2.0,2.0,18.0,7.0,3.0,1.0,1.0,2.0
dasiltr01,Tristan Da Silva,7,4,6.0,25.0,0.0,0.0,3.0,15.0,16.0,2.0,5.0,1.0,5.0
dasiltr01,Tristan Da Silva,8,2,4.0,14.0,1.0,1.0,2.0,11.0,8.0,2.0,0.0,0.0,3.0
dasiltr01,Tristan Da Silva,10,2,10.0,19.0,2.0,3.0,3.0,25.0,7.0,2.0,1.0,1.0,0.0
dasiltr01,Tristan Da Silva,11,4,9.0,25.0,2.0,2.0,3.0,23.0,13.0,5.0,2.0,0.0,4.0
dasiltr01,Tristan Da Silva,12,3,15.0,26.0,4.0,4.0,9.0,43.0,4.0,4.0,3.0,0.0,2.0
dasiltr01,Tristan Da Silva,13,2,5.0,16.0,2.0,2.0,0.0,12.0,7.0,2.0,4.0,1.0,2.0
dasiltr01,Tristan Da Silva,14,2,1.0,8.0,0.0,0.0,1.0,3.0,4.0,1.0,2.0,0.0,2.0
dasiltr01,Tristan Da Silva,15,4,13.0,28.0,0.0,0.0,6.0,32.0,9.0,8.0,5.0,2.0,3.0
dasiltr01,Tristan Da Silva,16,3,5.0,17.0,0.0,0.0,3.0,13.0,6.0,4.0,1.0,2.0,1.0
dasiltr01,Tristan Da Silva,17,2,3.0,10.0,0.0,0.0,2.0,8.0,5.0,1.0,2.0,1.0,1.0
dasiltr01,Tristan Da Silva,18,3,9.0,22.0,4.0,4.0,8.0,30.0,15.0,6.0,1.0,3.0,0.0
dasiltr01,Tristan Da Silva,19,3,15.0,30.0,2.0,2.0,8.0,40.0,17.0,8.0,4.0,1.0,4.0
dasiltr01,Tristan Da Silva,20,4,17.0,29.0,1.0,1.0,8.0,43.0,25.0,13.0,6.0,1.0,3.0
dasiltr01,Tristan Da Silva,21,3,23.0,43.0,7.0,8.0,7.0,60.0,19.0,7.0,7.0,3.0,5.0
dasiltr01,Tristan Da Silva,22,4,11.0,30.0,10.0,10.0,4.0,36.0,10.0,3.0,1.0,2.0,2.0
dasiltr01,Tristan Da Silva,23,4,23.0,43.0,13.0,14.0,10.0,69.0,14.0,10.0,2.0,0.0,3.0
dasiltr01,Tristan Da Silva,24,4,12.0,31.0,12.0,14.0,3.0,39.0,13.0,9.0,4.0,1.0,6.0
dasiltr01,Tristan Da Silva,25,4,14.0,29.0,3.0,4.0,3.0,34.0,15.0,11.0,2.0,1.0,6.0
jeromty01,Ty Jerome,15,1,6.0,12.0,6.0,7.0,2.0,20.0,1.0,6.0,1.0,0.0,2.0
jeromty01,Ty Jerome,16,3,20.0,34.0,13.0,15.0,7.0,60.0,8.0,16.0,3.0,1.0,7.0
jeromty01,Ty Jerome,17,2,12.0,25.0,9.0,11.0,5.0,38.0,4.0,14.0,3.0,1.0,1.0
jeromty01,Ty Jerome,18,1,6.0,16.0,2.0,2.0,3.0,17.0,6.0,4.0,2.0,0.0,2.0
jeromty01,Ty Jerome,19,1,8.0,14.0,2.0,2.0,4.0,22.0,3.0,5.0,1.0,0.0,2.0
jeromty01,Ty Jerome,20,2,11.0,30.0,11.0,12.0,4.0,37.0,6.0,9.0,4.0,0.0,2.0
jeromty01,Ty Jerome,21,2,18.0,37.0,4.0,5.0,7.0,47.0,3.0,11.0,0.0,0.0,7.0
jeromty01,Ty Jerome,22,2,15.0,32.0,0.0,0.0,7.0,37.0,10.0,16.0,0.0,1.0,2.0
jeromty01,Ty Jerome,23,1,6.0,15.0,2.0,2.0,3.0,17.0,1.0,4.0,2.0,1.0,2.0
herroty01,Tyler Herro,6,3,27.0,50.0,14.0,14.0,9.0,77.0,16.0,9.0,4.0,2.0,4.0
herroty01,Tyler Herro,7,2,16.0,32.0,4.0,5.0,6.0,42.0,7.0,2.0,2.0,1.0,2.0
herroty01,Tyler Herro,8,1,7.0,17.0,6.0,7.0,0.0,20.0,7.0,3.0,0.0,0.0,1.0
herroty01,Tyler Herro,12,3,23.0,49.0,8.0,9.0,3.0,57.0,18.0,10.0,1.0,1.0,5.0
herroty01,Tyler Herro,13,2,17.0,33.0,5.0,6.0,6.0,45.0,4.0,6.0,4.0,1.0,5.0
herroty01,Tyler Herro,18,2,14.0,29.0,7.0,7.0,3.0,38.0,9.0,9.0,1.0,0.0,4.0
herroty01,Tyler Herro,19,3,22.0,47.0,4.0,5.0,9.0,57.0,8.0,16.0,2.0,1.0,9.0
herroty01,Tyler Herro,20,4,36.0,67.0,18.0,19.0,15.0,105.0,22.0,19.0,2.0,1.0,8.0
herroty01,Tyler Herro,21,1,4.0,14.0,0.0,0.0,2.0,10.0,6.0,5.0,0.0,1.0,2.0
herroty01,Tyler Herro,22,3,23.0,52.0,13.0,13.0,7.0,66.0,22.0,14.0,2.0,0.0,8.0
herroty01,Tyler Herro,23,4,28.0,57.0,10.0,10.0,12.0,78.0,13.0,15.0,3.0,1.0,5.0
herroty01,Tyler Herro,24,2,17.0,39.0,7.0,9.0,7.0,48.0,7.0,10.0,1.0,3.0,6.0
herroty01,Tyler Herro,25,3,13.0,29.0,3.0,4.0,5.0,34.0,19.0,18.0,1.0,0.0,5.0
maxeyty01,Tyrese Maxey,1,2,20.0,44.0,17.0,20.0,11.0,68.0,8.0,15.0,2.0,2.0,3.0
maxeyty01,Tyrese Maxey,2,4,43.0,92.0,33.0,37.0,15.0,134.0,21.0,39.0,5.0,3.0,11.0
maxeyty01,Tyrese Maxey,3,4,46.0,96.0,23.0,27.0,15.0,130.0,20.0,28.0,5.0,5.0,13.0
maxeyty01,Tyrese Maxey,4,2,18.0,48.0,11.0,11.0,5.0,52.0,12.0,12.0,5.0,0.0,3.0
maxeyty01,Tyrese Maxey,5,4,49.0,94.0,26.0,30.0,20.0,144.0,13.0,30.0,9.0,4.0,15.0
maxeyty01,Tyrese Maxey,6,3,28.0,62.0,25.0,29.0,5.0,86.0,17.0,20.0,2.0,2.0,8.0
maxeyty01,Tyrese Maxey,7,4,42.0,91.0,13.0,14.0,13.0,110.0,18.0,21.0,12.0,5.0,9.0
maxeyty01,Tyrese Maxey,9,2,26.0,55.0,5.0,5.0,11.0,68.0,4.0,13.0,2.0,1.0,3.0
maxeyty01,Tyrese Maxey,10,3,22.0,56.0,17.0,18.0,7.0,68.0,9.0,15.0,8.0,2.0,11.0
maxeyty01,Tyrese Maxey,11,3,41.0,67.0,8.0,11.0,14.0,104.0,20.0,26.0,5.0,4.0,7.0
maxeyty01,Tyrese Maxey,12,4,42.0,86.0,20.0,25.0,13.0,117.0,14.0,20.0,11.0,5.0,9.0
maxeyty01,Tyrese Maxey,13,3,24.0,55.0,11.0,11.0,10.0,69.0,11.0,15.0,6.0,4.0,3.0
maxeyty01,Tyrese Maxey,14,4,42.0,92.0,15.0,16.0,8.0,107.0,11.0,31.0,16.0,3.0,10.0
maxeyty01,Tyrese Maxey,15,4,31.0,67.0,14.0,15.0,10.0,86.0,14.0,32.0,2.0,0.0,7.0
maxeyty01,Tyrese Maxey,16,4,31.0,70.0,24.0,26.0,12.0,98.0,18.0,28.0,10.0,0.0,9.0
maxeyty01,Tyrese Maxey,17,2,19.0,42.0,19.0,21.0,5.0,62.0,3.0,6.0,2.0,0.0,5.0
maxeyty01,Tyrese Maxey,18,3,33.0,74.0,18.0,21.0,10.0,94.0,9.0,18.0,8.0,2.0,12.0
maxeyty01,Tyrese Maxey,19,3,31.0,82.0,20.0,21.0,11.0,93.0,16.0,25.0,8.0,4.0,3.0
maxeyty01,Tyrese Maxey,20,3,28.0,63.0,14.0,15.0,7.0,77.0,12.0,13.0,6.0,4.0,8.0
maxeyty01,Tyrese Maxey,23,1,10.0,18.0,3.0,4.0,3.0,26.0,7.0,8.0,1.0,1.0,3.0
maxeyty01,Tyrese Maxey,24,4,34.0,70.0,21.0,24.0,6.0,95.0,16.0,27.0,2.0,4.0,9.0
maxeyty01,Tyrese Maxey,25,4,34.0,77.0,14.0,15.0,9.0,91.0,16.0,19.0,3.0,0.0,10.0
edgecvj01,VJ Edgecombe,1,2,19.0,41.0,5.0,8.0,6.0,49.0,13.0,11.0,4.0,1.0,4.0
edgecvj01,VJ Edgecombe,2,4,27.0,52.0,9.0,9.0,10.0,73.0,17.0,19.0,5.0,1.0,8.0
edgecvj01,VJ Edgecombe,3,4,15.0,50.0,8.0,12.0,3.0,41.0,28.0,14.0,6.0,1.0,10.0
edgecvj01,VJ Edgecombe,4,2,8.0,26.0,2.0,2.0,6.0,24.0,10.0,6.0,1.0,2.0,2.0
edgecvj01,VJ Edgecombe,5,3,19.0,47.0,4.0,7.0,5.0,47.0,22.0,13.0,3.0,2.0,5.0
edgecvj01,VJ Edgecombe,6,1,3.0,6.0,0.0,0.0,1.0,7.0,2.0,2.0,2.0,0.0,1.0
edgecvj01,VJ Edgecombe,7,4,17.0,39.0,5.0,5.0,7.0,46.0,21.0,15.0,5.0,2.0,6.0
edgecvj01,VJ Edgecombe,8,2,15.0,31.0,11.0,14.0,7.0,48.0,10.0,7.0,2.0,1.0,2.0
edgecvj01,VJ Edgecombe,9,2,20.0,39.0,3.0,3.0,6.0,49.0,9.0,8.0,2.0,1.0,3.0
edgecvj01,VJ Edgecombe,10,2,7.0,29.0,4.0,6.0,2.0,20.0,9.0,8.0,1.0,0.0,3.0
edgecvj01,VJ Edgecombe,11,3,29.0,51.0,4.0,5.0,12.0,74.0,13.0,10.0,10.0,4.0,3.0
edgecvj01,VJ Edgecombe,12,4,19.0,57.0,7.0,8.0,8.0,53.0,27.0,27.0,11.0,2.0,10.0
edgecvj01,VJ Edgecombe,13,3,12.0,22.0,2.0,2.0,8.0,34.0,9.0,14.0,3.0,2.0,7.0
edgecvj01,VJ Edgecombe,14,4,22.0,48.0,11.0,17.0,4.0,59.0,22.0,13.0,6.0,1.0,11.0
edgecvj01,VJ Edgecombe,15,4,14.0,35.0,6.0,7.0,7.0,41.0,22.0,16.0,6.0,2.0,5.0
edgecvj01,VJ Edgecombe,16,4,21.0,51.0,5.0,6.0,7.0,54.0,26.0,18.0,7.0,0.0,6.0
edgecvj01,VJ Edgecombe,17,2,9.0,29.0,6.0,6.0,1.0,25.0,10.0,5.0,0.0,3.0,5.0
edgecvj01,VJ Edgecombe,18,3,20.0,47.0,8.0,8.0,10.0,58.0,21.0,4.0,3.0,1.0,8.0
edgecvj01,VJ Edgecombe,19,3,25.0,47.0,7.0,8.0,8.0,65.0,20.0,11.0,6.0,2.0,5.0
edgecvj01,VJ Edgecombe,20,1,2.0,9.0,2.0,3.0,0.0,6.0,4.0,1.0,1.0,2.0,1.0
edgecvj01,VJ Edgecombe,21,4,24.0,60.0,15.0,15.0,2.0,65.0,26.0,15.0,5.0,5.0,10.0
edgecvj01,VJ Edgecombe,22,3,28.0,59.0,9.0,10.0,4.0,69.0,23.0,19.0,3.0,1.0,3.0
edgecvj01,VJ Edgecombe,23,3,26.0,48.0,4.0,5.0,14.0,70.0,17.0,13.0,2.0,0.0,3.0
edgecvj01,VJ Edgecombe,24,4,26.0,50.0,6.0,7.0,5.0,63.0,12.0,19.0,6.0,1.0,9.0
edgecvj01,VJ Edgecombe,25,4,24.0,57.0,6.0,9.0,6.0,60.0,30.0,27.0,7.0,2.0,7.0
wembavi01,Victor Wembanyama,1,3,37.0,65.0,22.0,30.0,4.0,100.0,40.0,7.0,5.0,18.0,2.0
wembavi01,Victor Wembanyama,2,3,21.0,45.0,16.0,18.0,2.0,60.0,42.0,12.0,3.0,10.0,13.0
wembavi01,Victor Wembanyama,3,3,21.0,49.0,15.0,17.0,2.0,59.0,34.0,10.0,3.0,6.0,14.0
wembavi01,Victor Wembanyama,4,3,32.0,62.0,19.0,19.0,12.0,95.0,39.0,19.0,2.0,9.0,14.0
wembavi01,Victor Wembanyama,8,1,6.0,11.0,9.0,12.0,1.0,22.0,9.0,2.0,1.0,2.0,5.0
wembavi01,Victor Wembanyama,9,3,22.0,39.0,8.0,12.0,3.0,55.0,32.0,9.0,1.0,8.0,6.0
wembavi01,Victor Wembanyama,10,3,23.0,42.0,14.0,15.0,3.0,63.0,23.0,8.0,1.0,6.0,9.0
wembavi01,Victor Wembanyama,11,2,17.0,28.0,19.0,22.0,4.0,57.0,27.0,4.0,1.0,2.0,5.0
wembavi01,Victor Wembanyama,12,4,33.0,70.0,23.0,26.0,7.0,96.0,32.0,7.0,6.0,8.0,7.0
wembavi01,Victor Wembanyama,13,3,26.0,50.0,17.0,23.0,9.0,78.0,26.0,5.0,0.0,5.0,4.0
wembavi01,Victor Wembanyama,14,4,30.0,69.0,16.0,20.0,13.0,89.0,50.0,6.0,3.0,11.0,8.0
wembavi01,Victor Wembanyama,15,3,21.0,43.0,27.0,34.0,0.0,69.0,32.0,6.0,7.0,10.0,8.0
wembavi01,Victor Wembanyama,16,3,24.0,44.0,12.0,20.0,7.0,67.0,36.0,9.0,2.0,8.0,5.0
wembavi01,Victor Wembanyama,17,2,21.0,37.0,18.0,22.0,6.0,66.0,21.0,6.0,3.0,3.0,5.0
wembavi01,Victor Wembanyama,18,2,18.0,35.0,7.0,9.0,2.0,45.0,26.0,10.0,2.0,9.0,2.0
wembavi01,Victor Wembanyama,19,4,20.0,54.0,26.0,29.0,4.0,70.0,46.0,14.0,4.0,17.0,14.0
wembavi01,Victor Wembanyama,20,4,35.0,63.0,23.0,28.0,11.0,104.0,42.0,9.0,6.0,19.0,4.0
wembavi01,Victor Wembanyama,21,2,24.0,44.0,10.0,14.0,13.0,71.0,23.0,11.0,3.0,6.0,8.0
wembavi01,Victor Wembanyama,22,4,34.0,72.0,18.0,20.0,7.0,93.0,41.0,12.0,5.0,11.0,8.0
wembavi01,Victor Wembanyama,23,3,26.0,58.0,14.0,16.0,2.0,68.0,45.0,13.0,5.0,13.0,7.0
wembavi01,Victor Wembanyama,24,3,41.0,66.0,27.0,29.0,7.0,116.0,52.0,14.0,2.0,11.0,3.0
wembavi01,Victor Wembanyama,25,2,21.0,34.0,12.0,15.0,3.0,57.0,18.0,6.0,1.0,5.0,4.0
cartewe01,Wendell Carter Jr.,1,3,5.0,16.0,16.0,22.0,1.0,27.0,29.0,4.0,4.0,1.0,6.0
cartewe01,Wendell Carter Jr.,2,4,20.0,33.0,4.0,7.0,8.0,52.0,32.0,6.0,1.0,5.0,7.0
cartewe01,Wendell Carter Jr.,3,3,13.0,28.0,10.0,11.0,5.0,41.0,14.0,3.0,3.0,1.0,6.0
cartewe01,Wendell Carter Jr.,4,4,20.0,33.0,10.0,11.0,4.0,54.0,28.0,12.0,1.0,6.0,11.0
cartewe01,Wendell Carter Jr.,5,3,12.0,22.0,7.0,8.0,4.0,35.0,23.0,9.0,2.0,0.0,3.0
cartewe01,Wendell Carter Jr.,6,2,6.0,12.0,6.0,6.0,2.0,20.0,19.0,4.0,1.0,1.0,4.0
cartewe01,Wendell Carter Jr.,7,4,13.0,30.0,9.0,14.0,2.0,37.0,29.0,7.0,2.0,2.0,1.0
cartewe01,Wendell Carter Jr.,8,2,10.0,14.0,4.0,6.0,4.0,28.0,16.0,5.0,5.0,1.0,0.0
cartewe01,Wendell Carter Jr.,9,2,17.0,24.0,1.0,2.0,5.0,40.0,17.0,4.0,1.0,3.0,2.0
cartewe01,Wendell Carter Jr.,10,4,21.0,45.0,11.0,13.0,4.0,57.0,26.0,8.0,2.0,2.0,2.0
cartewe01,Wendell Carter Jr.,11,4,15.0,36.0,12.0,19.0,4.0,46.0,39.0,9.0,3.0,1.0,2.0
cartewe01,Wendell Carter Jr.,12,3,15.0,33.0,4.0,5.0,1.0,35.0,21.0,8.0,1.0,4.0,6.0
cartewe01,Wendell Carter Jr.,13,2,9.0,18.0,4.0,4.0,5.0,27.0,13.0,7.0,2.0,3.0,2.0
cartewe01,Wendell Carter Jr.,14,2,5.0,15.0,4.0,4.0,1.0,15.0,8.0,6.0,2.0,2.0,3.0
cartewe01,Wendell Carter Jr.,15,4,18.0,37.0,3.0,3.0,5.0,44.0,21.0,5.0,3.0,1.0,1.0
cartewe01,Wendell Carter Jr.,16,3,8.0,16.0,6.0,6.0,2.0,24.0,21.0,4.0,4.0,2.0,4.0
cartewe01,Wendell Carter Jr.,17,2,3.0,15.0,4.0,4.0,0.0,10.0,19.0,5.0,4.0,0.0,1.0
cartewe01,Wendell Carter Jr.,18,3,9.0,23.0,6.0,6.0,0.0,24.0,33.0,7.0,1.0,0.0,7.0
cartewe01,Wendell Carter Jr.,19,3,17.0,27.0,5.0,8.0,1.0,40.0,26.0,5.0,2.0,1.0,4.0
cartewe01,Wendell Carter Jr.,20,3,12.0,17.0,9.0,10.0,1.0,34.0,18.0,6.0,4.0,3.0,2.0
cartewe01,Wendell Carter Jr.,21,3,17.0,28.0,7.0,12.0,4.0,45.0,30.0,9.0,2.0,3.0,3.0
cartewe01,Wendell Carter Jr.,22,3,14.0,27.0,10.0,11.0,3.0,41.0,17.0,6.0,3.0,0.0,4.0
cartewe01,Wendell Carter Jr.,23,4,15.0,28.0,14.0,17.0,2.0,46.0,25.0,5.0,3.0,2.0,5.0
cartewe01,Wendell Carter Jr.,24,4,24.0,39.0,19.0,23.0,3.0,70.0,29.0,4.0,3.0,1.0,10.0
cartewe01,Wendell Carter Jr.,25,4,8.0,21.0,13.0,18.0,1.0,30.0,24.0,6.0,1.0,4.0,4.0
edeyza01,Zach Edey,4,1,3.0,7.0,7.0,9.0,0.0,13.0,7.0,0.0,2.0,2.0,1.0
edeyza01,Zach Edey,5,3,13.0,20.0,9.0,9.0,1.0,36.0,30.0,5.0,3.0,6.0,7.0
edeyza01,Zach Edey,6,4,29.0,40.0,2.0,4.0,0.0,60.0,52.0,2.0,1.0,10.0,8.0
edeyza01,Zach Edey,7,3,17.0,31.0,7.0,10.0,0.0,41.0,33.0,5.0,1.0,3.0,10.0
lavinza01,Zach LaVine,1,3,35.0,66.0,13.0,14.0,10.0,93.0,8.0,2.0,0.0,1.0,5.0
lavinza01,Zach LaVine,2,3,26.0,49.0,20.0,21.0,12.0,84.0,11.0,8.0,3.0,0.0,6.0
lavinza01,Zach LaVine,3,3,17.0,33.0,7.0,9.0,9.0,50.0,11.0,8.0,2.0,0.0,6.0
lavinza01,Zach LaVine,4,3,16.0,36.0,6.0,8.0,7.0,45.0,12.0,9.0,2.0,1.0,7.0
lavinza01,Zach LaVine,5,3,20.0,41.0,4.0,4.0,5.0,49.0,8.0,7.0,3.0,0.0,10.0
lavinza01,Zach LaVine,6,4,28.0,64.0,9.0,13.0,8.0,73.0,10.0,12.0,4.0,0.0,9.0
lavinza01,Zach LaVine,7,2,13.0,29.0,10.0,11.0,8.0,44.0,6.0,2.0,2.0,2.0,1.0
lavinza01,Zach LaVine,8,2,10.0,21.0,3.0,3.0,3.0,26.0,3.0,4.0,1.0,0.0,7.0
lavinza01,Zach LaVine,11,1,6.0,12.0,6.0,6.0,2.0,20.0,3.0,4.0,0.0,0.0,0.0
lavinza01,Zach LaVine,12,3,20.0,45.0,7.0,8.0,6.0,53.0,9.0,7.0,2.0,1.0,7.0
lavinza01,Zach LaVine,13,4,25.0,50.0,14.0,16.0,14.0,78.0,11.0,6.0,2.0,3.0,5.0
lavinza01,Zach LaVine,14,3,18.0,35.0,4.0,6.0,7.0,47.0,2.0,10.0,2.0,1.0,4.0
lavinza01,Zach LaVine,15,3,23.0,51.0,16.0,17.0,7.0,69.0,11.0,6.0,3.0,0.0,6.0
lavinza01,Zach LaVine,16,2,5.0,15.0,6.0,6.0,1.0,17.0,3.0,4.0,2.0,1.0,1.0
willizi02,Ziaire Williams,1,3,10.0,20.0,4.0,5.0,7.0,31.0,6.0,1.0,4.0,0.0,0.0
willizi02,Ziaire Williams,2,1,4.0,9.0,4.0,4.0,1.0,13.0,5.0,0.0,2.0,0.0,2.0
willizi02,Ziaire Williams,3,4,11.0,31.0,6.0,8.0,8.0,36.0,10.0,4.0,1.0,4.0,5.0
willizi02,Ziaire Williams,4,3,9.0,26.0,8.0,9.0,4.0,30.0,7.0,0.0,3.0,1.0,2.0
willizi02,Ziaire Williams,5,3,6.0,19.0,4.0,4.0,3.0,19.0,8.0,3.0,1.0,2.0,4.0
willizi02,Ziaire Williams,6,2,8.0,20.0,0.0,0.0,4.0,20.0,6.0,2.0,2.0,0.0,4.0
willizi02,Ziaire Williams,7,4,14.0,32.0,8.0,11.0,7.0,43.0,11.0,4.0,3.0,2.0,5.0
willizi02,Ziaire Williams,8,2,5.0,10.0,0.0,0.0,3.0,13.0,6.0,3.0,1.0,1.0,1.0
willizi02,Ziaire Williams,9,2,1.0,5.0,2.0,2.0,0.0,4.0,3.0,0.0,4.0,2.0,3.0
willizi02,Ziaire Williams,10,1,1.0,5.0,6.0,6.0,1.0,9.0,0.0,0.0,1.0,0.0,1.0
willizi02,Ziaire Williams,11,3,12.0,21.0,10.0,11.0,7.0,41.0,6.0,2.0,9.0,3.0,2.0
willizi02,Ziaire Williams,12,1,2.0,6.0,0.0,0.0,1.0,5.0,2.0,0.0,2.0,0.0,0.0
willizi02,Ziaire Williams,14,4,15.0,38.0,12.0,13.0,5.0,47.0,14.0,1.0,3.0,3.0,4.0
willizi02,Ziaire Williams,15,1,3.0,9.0,2.0,2.0,3.0,11.0,1.0,5.0,1.0,0.0,1.0
willizi02,Ziaire Williams,16,2,7.0,13.0,1.0,3.0,3.0,18.0,4.0,3.0,4.0,1.0,3.0
willizi02,Ziaire Williams,17,2,12.0,24.0,0.0,0.0,6.0,30.0,10.0,3.0,5.0,0.0,3.0
willizi02,Ziaire Williams,18,1,1.0,9.0,0.0,0.0,0.0,2.0,2.0,1.0,1.0,0.0,1.0
willizi02,Ziaire Williams,19,3,5.0,11.0,0.0,0.0,1.0,11.0,2.0,5.0,2.0,0.0,0.0
willizi02,Ziaire Williams,20,3,13.0,27.0,19.0,20.0,9.0,54.0,6.0,5.0,5.0,0.0,4.0
willizi02,Ziaire Williams,21,2,7.0,13.0,3.0,4.0,3.0,20.0,5.0,5.0,3.0,0.0,1.0
willizi02,Ziaire Williams,22,4,16.0,33.0,10.0,12.0,5.0,47.0,10.0,5.0,6.0,1.0,5.0
willizi02,Ziaire Williams,23,3,16.0,32.0,16.0,20.0,3.0,51.0,7.0,5.0,11.0,0.0,6.0
willizi02,Ziaire Williams,24,2,6.0,20.0,4.0,6.0,2.0,18.0,3.0,3.0,2.0,1.0,2.0
willizi01,Zion Williamson,1,2,18.0,39.0,18.0,28.0,0.0,54.0,19.0,12.0,8.0,0.0,7.0
willizi01,Zion Williamson,2,3,20.0,39.0,20.0,29.0,0.0,60.0,15.0,11.0,2.0,1.0,10.0
willizi01,Zion Williamson,5,2,13.0,22.0,10.0,15.0,0.0,36.0,9.0,7.0,4.0,1.0,4.0
willizi01,Zion Williamson,6,3,23.0,45.0,25.0,29.0,0.0,71.0,13.0,10.0,2.0,3.0,10.0
willizi01,Zion Williamson,8,1,7.0,14.0,4.0,5.0,0.0,18.0,6.0,2.0,0.0,0.0,1.0
willizi01,Zion Williamson,9,2,12.0,23.0,14.0,17.0,0.0,38.0,10.0,6.0,1.0,1.0,4.0
willizi01,Zion Williamson,10,4,32.0,50.0,28.0,35.0,0.0,92.0,26.0,10.0,3.0,2.0,10.0
willizi01,Zion Williamson,11,4,44.0,71.0,22.0,29.0,0.0,110.0,25.0,9.0,4.0,4.0,5.0
willizi01,Zion Williamson,12,4,38.0,56.0,14.0,30.0,0.0,90.0,19.0,17.0,6.0,2.0,8.0
willizi01,Zion Williamson,13,4,35.0,55.0,14.0,21.0,0.0,84.0,25.0,17.0,4.0,3.0,11.0
willizi01,Zion Williamson,14,3,21.0,40.0,10.0,19.0,0.0,52.0,25.0,8.0,2.0,2.0,3.0
willizi01,Zion Williamson,15,3,17.0,27.0,19.0,22.0,0.0,53.0,23.0,8.0,0.0,5.0,7.0
willizi01,Zion Williamson,16,3,21.0,37.0,21.0,30.0,0.0,63.0,20.0,13.0,2.0,0.0,6.0
willizi01,Zion Williamson,17,2,19.0,30.0,5.0,6.0,0.0,43.0,9.0,9.0,1.0,0.0,6.0
willizi01,Zion Williamson,18,2,20.0,31.0,13.0,16.0,0.0,53.0,8.0,10.0,3.0,1.0,1.0
willizi01,Zion Williamson,19,3,21.0,38.0,7.0,10.0,1.0,50.0,11.0,6.0,6.0,2.0,2.0
willizi01,Zion Williamson,20,4,32.0,53.0,22.0,30.0,0.0,86.0,25.0,9.0,2.0,0.0,8.0
willizi01,Zion Williamson,21,2,14.0,22.0,12.0,17.0,0.0,40.0,11.0,5.0,1.0,2.0,4.0
willizi01,Zion Williamson,22,4,32.0,42.0,17.0,27.0,0.0,81.0,19.0,10.0,5.0,1.0,6.0
willizi01,Zion Williamson,23,4,31.0,44.0,21.0,29.0,0.0,83.0,21.0,11.0,3.0,2.0,6.0
willizi01,Zion Williamson,24,3,14.0,29.0,17.0,21.0,0.0,45.0,14.0,8.0,1.0,2.0,7.0
