player_id,player_name,team,games,minutes_pg,fgm_pg,fga_pg,fg_pct,ftm_pg,fta_pg,ft_pct,fgm_total,fga_total,ftm_total,fta_total,threes_pg,points_pg,rebounds_pg,assists_pg,steals_pg,blocks_pg,turnovers_pg
greenaj01,A.J. Green,MIL,78,29.102564102564102,3.358974358974359,7.923076923076923,0.42394822006472493,0.6794871794871795,0.7948717948717948,0.8548387096774194,262.0,618.0,53.0,62.0,2.9743589743589745,10.371794871794872,2.730769230769231,1.9487179487179487,0.5,0.10256410256410256,0.9615384615384616
lawsoaj01,A.J. Lawson,TOR,24,9.416666666666666,1.4166666666666667,3.25,0.4358974358974359,0.5833333333333334,0.75,0.7777777777777778,34.0,78.0,14.0,18.0,0.7916666666666666,4.208333333333333,1.7916666666666667,0.2916666666666667,0.5,0.16666666666666666,0.25
johnsaj01,AJ Johnson,2TM,48,9.458333333333334,1.1875,3.6666666666666665,0.32386363636363635,0.7083333333333334,0.8333333333333334,0.85,57.0,176.0,34.0,40.0,0.25,3.3333333333333335,1.1458333333333333,0.9791666666666666,0.22916666666666666,0.0625,0.625
gordoaa01,Aaron Gordon,DEN,36,27.916666666666668,5.5,11.055555555555555,0.49748743718592964,3.4722222222222223,4.527777777777778,0.7668711656441718,198.0,398.0,125.0,163.0,1.6944444444444444,16.166666666666668,5.805555555555555,2.6666666666666665,0.5833333333333334,0.2777777777777778,1.0555555555555556
holidaa01,Aaron Holiday,HOU,57,13.701754385964913,1.8421052631578947,4.421052631578948,0.4166666666666667,0.6140350877192983,0.7192982456140351,0.8536585365853658,105.0,252.0,35.0,41.0,1.1754385964912282,5.473684210526316,1.0175438596491229,1.0526315789473684,0.47368421052631576,0.08771929824561403,0.6666666666666666
nesmiaa01,Aaron Nesmith,IND,45,29.666666666666668,4.711111111111111,11.377777777777778,0.4140625,2.0444444444444443,2.466666666666667,0.8288288288288288,212.0,512.0,92.0,111.0,2.3333333333333335,13.8,4.155555555555556,1.9111111111111112,0.5777777777777777,0.5111111111111111,1.4
wiggiaa01,Aaron Wiggins,OKC,65,21.753846153846155,3.5538461538461537,8.246153846153845,0.43097014925373134,0.8153846153846154,1.1076923076923078,0.7361111111111112,231.0,536.0,53.0,72.0,1.476923076923077,9.4,3.0615384615384613,1.676923076923077,0.9230769230769231,0.4307692307692308,1.2461538461538462
baileac01,Ace Bailey,UTA,72,27.61111111111111,5.486111111111111,12.38888888888889,0.4428251121076233,0.9166666666666666,1.2222222222222223,0.75,395.0,892.0,66.0,88.0,1.9027777777777777,13.791666666666666,4.194444444444445,1.8194444444444444,0.8333333333333334,0.6805555555555556,1.4861111111111112
balad01,Adama-Alpha Bal,MEM,8,30.125,3.5,8.5,0.4117647058823529,1.125,1.25,0.9,28.0,68.0,9.0,10.0,2.25,10.375,3.125,2.375,1.125,0.125,0.75
bonaad01,Adem Bona,PHI,71,17.380281690140844,1.8450704225352113,3.0985915492957745,0.5954545454545455,1.1267605633802817,1.591549295774648,0.7079646017699115,131.0,220.0,80.0,113.0,0.028169014084507043,4.845070422535211,4.323943661971831,0.4507042253521127,0.4225352112676056,1.1549295774647887,0.7887323943661971
thierad01,Adou Thiero,LAL,25,5.96,0.64,1.24,0.5161290322580645,0.56,0.88,0.6363636363636364,16.0,31.0,14.0,22.0,0.04,1.88,1.12,0.4,0.28,0.08,0.36
mitchaj01,Ajay Mitchell,OKC,57,25.842105263157894,5.017543859649122,10.350877192982455,0.4847457627118644,2.473684210526316,2.8421052631578947,0.8703703703703703,286.0,590.0,141.0,162.0,1.0701754385964912,13.578947368421053,3.3333333333333335,3.6140350877192984,1.2456140350877194,0.3157894736842105,1.4210526315789473
horfoal01,Al Horford,GSW,45,21.533333333333335,3.066666666666667,7.2,0.42592592592592593,0.4888888888888889,0.5777777777777777,0.8461538461538461,138.0,324.0,22.0,26.0,1.6444444444444444,8.266666666666667,4.866666666666666,2.577777777777778,0.6666666666666666,1.1333333333333333,0.9333333333333333
antetal01,Alex Antetokounmpo,MIL,6,3.5,0.5,1.3333333333333333,0.375,1.8333333333333333,2.5,0.7333333333333333,3.0,8.0,11.0,15.0,0.3333333333333333,3.1666666666666665,1.0,0.16666666666666666,0.0,0.16666666666666666,0.16666666666666666
carusal01,Alex Caruso,OKC,56,18.214285714285715,2.267857142857143,5.357142857142857,0.42333333333333334,0.7321428571428571,0.9107142857142857,0.803921568627451,127.0,300.0,41.0,51.0,0.9464285714285714,6.214285714285714,2.767857142857143,1.9642857142857142,1.2857142857142858,0.30357142857142855,0.8571428571428571
moralal01,Alex Morales,ORL,4,6.0,0.75,1.75,0.42857142857142855,0.5,0.5,1.0,3.0,7.0,2.0,2.0,0.0,2.0,0.75,1.0,0.0,0.0,1.0
sarral01,Alex Sarr,WAS,48,27.1875,6.583333333333333,13.666666666666666,0.4817073170731707,2.1041666666666665,3.0416666666666665,0.6917808219178082,316.0,656.0,101.0,146.0,1.0416666666666667,16.3125,7.395833333333333,2.7083333333333335,0.8125,1.9791666666666667,1.7083333333333333
martial01,Alijah Martin,TOR,23,6.3478260869565215,0.6956521739130435,2.1739130434782608,0.32,0.6521739130434783,0.8260869565217391,0.7894736842105263,16.0,50.0,15.0,19.0,0.17391304347826086,2.217391304347826,0.9130434782608695,0.5217391304347826,0.34782608695652173,0.17391304347826086,0.34782608695652173
willial06,Alondes Williams,WAS,4,25.25,4.0,6.5,0.6153846153846154,1.75,2.0,0.875,16.0,26.0,7.0,8.0,1.25,11.0,6.25,3.0,0.75,0.75,1.25
sengual01,Alperen Şengün,HOU,72,33.30555555555556,8.097222222222221,15.597222222222221,0.5191451469278717,3.611111111111111,5.222222222222222,0.6914893617021277,583.0,1123.0,260.0,376.0,0.5555555555555556,20.36111111111111,8.88888888888889,6.180555555555555,1.1805555555555556,1.0694444444444444,3.1527777777777777
william01,Amari Williams,BOS,22,6.636363636363637,0.45454545454545453,0.9090909090909091,0.5,0.45454545454545453,0.6363636363636364,0.7142857142857143,10.0,20.0,10.0,14.0,0.0,1.3636363636363635,1.8181818181818181,0.45454545454545453,0.13636363636363635,0.45454545454545453,0.5
thompam01,Amen Thompson,HOU,79,37.379746835443036,7.050632911392405,13.215189873417721,0.5335249042145593,3.848101265822785,4.936708860759493,0.7794871794871795,557.0,1044.0,304.0,390.0,0.31645569620253167,18.265822784810126,7.772151898734177,5.3164556962025316,1.5063291139240507,0.6075949367088608,2.4050632911392404
coffeam01,Amir Coffey,2TM,46,10.652173913043478,1.1956521739130435,2.4565217391304346,0.48672566371681414,0.4782608695652174,0.6086956521739131,0.7857142857142857,55.0,113.0,22.0,28.0,0.3695652173913043,3.239130434782609,1.2391304347826086,0.5869565217391305,0.1956521739130435,0.10869565217391304,0.1956521739130435
garcian01,Andersson Garcia,UTA,5,33.8,1.8,5.8,0.3103448275862069,1.4,1.8,0.7777777777777778,9.0,29.0,7.0,9.0,0.2,5.2,8.4,2.8,1.6,0.8,1.4
drumman01,Andre Drummond,PHI,63,19.53968253968254,2.5238095238095237,5.349206349206349,0.47181008902077154,0.8412698412698413,1.3333333333333333,0.6309523809523809,159.0,337.0,53.0,84.0,0.5079365079365079,6.396825396825397,8.444444444444445,1.2698412698412698,0.6031746031746031,0.7777777777777778,0.9682539682539683
jacksan01,Andre Jackson Jr.,MIL,48,8.5,0.8125,2.4791666666666665,0.3277310924369748,0.4166666666666667,0.6666666666666666,0.625,39.0,119.0,20.0,32.0,0.3125,2.3541666666666665,1.5,0.8958333333333334,0.3958333333333333,0.08333333333333333,0.6458333333333334
nembhan01,Andrew Nembhard,IND,57,31.333333333333332,5.842105263157895,13.210526315789474,0.44223107569721115,3.3859649122807016,4.105263157894737,0.8247863247863247,333.0,753.0,193.0,234.0,1.8771929824561404,16.94736842105263,2.807017543859649,7.666666666666667,0.8947368421052632,0.14035087719298245,2.4035087719298245
wiggian01,Andrew Wiggins,MIA,68,30.33823529411765,5.735294117647059,12.073529411764707,0.47503045066991473,1.8676470588235294,2.3823529411764706,0.7839506172839507,390.0,821.0,127.0,162.0,2.0294117647058822,15.367647058823529,4.838235294117647,2.676470588235294,1.1176470588235294,1.0147058823529411,1.5147058823529411
simonan01,Anfernee Simons,2TM,55,24.945454545454545,5.181818181818182,11.781818181818181,0.4398148148148148,1.2545454545454546,1.4,0.8961038961038961,285.0,648.0,69.0,77.0,2.6545454545454548,14.272727272727273,2.4545454545454546,2.4363636363636365,0.4909090909090909,0.14545454545454545,1.2363636363636363
blackan01,Anthony Black,ORL,64,29.84375,5.390625,12.0625,0.44689119170984454,2.640625,3.609375,0.7316017316017316,345.0,772.0,169.0,231.0,1.5625,14.984375,3.8125,3.6875,1.421875,0.703125,2.0625
davisan02,Anthony Davis,DAL,20,31.3,8.45,16.7,0.5059880239520959,2.95,4.05,0.7283950617283951,169.0,334.0,59.0,81.0,0.5,20.35,11.05,2.8,1.1,1.65,2.05
edwaran01,Anthony Edwards,MIN,61,35.032786885245905,9.868852459016393,20.18032786885246,0.4890333062550772,5.704918032786885,7.163934426229508,0.7963386727688787,602.0,1231.0,348.0,437.0,3.360655737704918,28.80327868852459,4.950819672131147,3.7049180327868854,1.360655737704918,0.8032786885245902,2.8524590163934427
gillan01,Anthony Gill,WAS,55,17.29090909090909,2.4545454545454546,3.909090909090909,0.627906976744186,0.6181818181818182,0.8363636363636363,0.7391304347826086,135.0,215.0,34.0,46.0,0.3090909090909091,5.836363636363636,2.8727272727272726,1.2545454545454546,0.5636363636363636,0.38181818181818183,0.6545454545454545
reevean01,Antonio Reeves,CHO,10,6.8,1.0,2.0,0.5,0.0,0.0,0.0,10.0,20.0,0.0,0.0,0.7,2.7,0.8,0.3,0.1,0.0,0.1
hukpoar01,Ariel Hukporti,NYK,54,9.222222222222221,0.8333333333333334,1.4814814814814814,0.5625,0.48148148148148145,0.6111111111111112,0.7878787878787878,45.0,80.0,26.0,33.0,0.018518518518518517,2.1666666666666665,2.9444444444444446,0.5370370370370371,0.16666666666666666,0.48148148148148145,0.5925925925925926
newelas01,Asa Newell,ATL,44,11.363636363636363,2.0681818181818183,3.840909090909091,0.5384615384615384,0.36363636363636365,0.6590909090909091,0.5517241379310345,91.0,169.0,16.0,29.0,0.6590909090909091,5.159090909090909,2.1818181818181817,0.5909090909090909,0.36363636363636365,0.3409090909090909,0.5227272727272727
thompau01,Ausar Thompson,DET,73,25.972602739726028,4.1506849315068495,7.904109589041096,0.5251299826689775,1.4931506849315068,2.6164383561643834,0.5706806282722513,303.0,577.0,109.0,191.0,0.0821917808219178,9.876712328767123,5.726027397260274,3.1232876712328768,2.0,0.9452054794520548,1.5068493150684932
reaveau01,Austin Reaves,LAL,51,34.549019607843135,7.313725490196078,14.941176470588236,0.489501312335958,6.333333333333333,7.2745098039215685,0.8706199460916442,373.0,762.0,323.0,371.0,2.3137254901960786,23.274509803921568,4.705882352941177,5.490196078431373,1.0980392156862746,0.39215686274509803,2.9607843137254903
dosunay01,Ayo Dosunmu,2TM,69,27.26086956521739,5.594202898550725,10.826086956521738,0.5167336010709505,1.8405797101449275,2.101449275362319,0.8758620689655172,386.0,747.0,127.0,145.0,1.7826086956521738,14.81159420289855,3.4347826086956523,3.608695652173913,0.8405797101449275,0.2608695652173913,1.391304347826087
adebaba01,Bam Adebayo,MIA,73,32.397260273972606,6.931506849315069,15.684931506849315,0.44192139737991265,4.506849315068493,5.794520547945205,0.7777777777777778,506.0,1145.0,329.0,423.0,1.7397260273972603,20.10958904109589,10.027397260273972,3.1780821917808217,1.178082191780822,0.6712328767123288,1.643835616438356
scheiba01,Baylor Scheierman,BOS,77,18.558441558441558,1.9610389610389611,4.324675324675325,0.45345345345345345,0.36363636363636365,0.4025974025974026,0.9032258064516129,151.0,333.0,28.0,31.0,1.2597402597402598,5.545454545454546,3.4935064935064934,1.5064935064935066,0.5454545454545454,0.07792207792207792,0.5974025974025974
sarafbe01,Ben Saraf,BRK,44,20.818181818181817,2.727272727272727,6.886363636363637,0.39603960396039606,1.6590909090909092,2.0,0.8295454545454546,120.0,303.0,73.0,88.0,0.4318181818181818,7.545454545454546,2.090909090909091,3.2954545454545454,0.8636363636363636,0.18181818181818182,2.25
sheppbe01,Ben Sheppard,IND,65,21.384615384615383,2.5846153846153848,5.953846153846154,0.43410852713178294,0.6,0.7846153846153846,0.7647058823529411,168.0,387.0,39.0,51.0,1.2923076923076924,7.061538461538461,3.0,1.7538461538461538,0.6,0.09230769230769231,0.6307692307692307
mathube01,Bennedict Mathurin,2TM,54,30.0,5.388888888888889,12.537037037037036,0.4298375184638109,5.407407407407407,6.222222222222222,0.8690476190476191,291.0,677.0,292.0,336.0,1.3888888888888888,17.574074074074073,5.425925925925926,2.388888888888889,0.7962962962962963,0.24074074074074073,2.185185185185185
mbengbe01,Bez Mbeng,UTA,15,32.8,3.3333333333333335,6.666666666666667,0.5,1.0666666666666667,1.6666666666666667,0.64,50.0,100.0,16.0,25.0,0.4,8.133333333333333,3.8,4.133333333333334,2.2666666666666666,0.3333333333333333,1.4666666666666666
coulibi01,Bilal Coulibaly,WAS,56,26.214285714285715,4.107142857142857,9.660714285714286,0.42513863216266173,2.357142857142857,3.1607142857142856,0.7457627118644068,230.0,541.0,132.0,177.0,1.1607142857142858,11.732142857142858,4.339285714285714,2.5892857142857144,1.3392857142857142,0.9642857142857143,1.4464285714285714
biyombi01,Bismack Biyombo,SAS,25,5.64,0.36,0.6,0.6,0.2,0.28,0.7142857142857143,9.0,15.0,5.0,7.0,0.0,0.92,1.04,0.2,0.16,0.08,0.32
hinsobl01,Blake Hinson,UTA,14,20.357142857142858,4.214285714285714,8.214285714285714,0.5130434782608696,0.8571428571428571,1.1428571428571428,0.75,59.0,115.0,12.0,16.0,2.642857142857143,11.928571428571429,2.357142857142857,1.1428571428571428,0.35714285714285715,0.14285714285714285,0.35714285714285715
weslebl01,Blake Wesley,POR,31,11.64516129032258,1.8064516129032258,4.0,0.45161290322580644,0.8387096774193549,1.5161290322580645,0.5531914893617021,56.0,124.0,26.0,47.0,0.3225806451612903,4.774193548387097,1.2580645161290323,2.0,0.5161290322580645,0.16129032258064516,1.0
portibo01,Bobby Portis,MIL,67,24.16417910447761,5.462686567164179,11.194029850746269,0.488,0.7164179104477612,1.0149253731343284,0.7058823529411765,366.0,750.0,48.0,68.0,2.014925373134328,13.656716417910447,6.388059701492537,1.5671641791044777,0.6119402985074627,0.1791044776119403,0.9850746268656716
klintbo01,Bobi Klintman,DET,12,5.916666666666667,0.75,2.25,0.3333333333333333,0.0,0.25,0.0,9.0,27.0,0.0,3.0,0.3333333333333333,1.8333333333333333,1.5833333333333333,0.5,0.25,0.0,0.5
bogdabo01,Bogdan Bogdanović,LAC,23,19.652173913043477,2.5652173913043477,6.608695652173913,0.3881578947368421,0.8695652173913043,1.0869565217391304,0.8,59.0,152.0,20.0,25.0,1.434782608695652,7.434782608695652,2.5652173913043477,2.217391304347826,0.43478260869565216,0.13043478260869565,1.173913043478261
hylanbo01,Bones Hyland,MIN,71,16.577464788732396,2.9859154929577465,6.591549295774648,0.452991452991453,0.9014084507042254,1.1549295774647887,0.7804878048780488,212.0,468.0,64.0,82.0,1.6338028169014085,8.507042253521126,1.7887323943661972,2.647887323943662,0.6197183098591549,0.23943661971830985,0.9859154929577465
bealbr01,Bradley Beal,LAC,6,20.166666666666668,3.0,8.0,0.375,1.0,1.3333333333333333,0.75,18.0,48.0,6.0,8.0,1.1666666666666667,8.166666666666666,0.8333333333333334,1.6666666666666667,0.5,0.0,1.5
carlsbr01,Branden Carlson,OKC,42,11.619047619047619,2.3333333333333335,4.428571428571429,0.5268817204301075,0.35714285714285715,0.6190476190476191,0.5769230769230769,98.0,186.0,15.0,26.0,0.7380952380952381,5.761904761904762,2.9523809523809526,0.6904761904761905,0.19047619047619047,0.6428571428571429,0.38095238095238093
podzibr01,Brandin Podziemski,GSW,82,28.451219512195124,4.804878048780488,10.560975609756097,0.45496535796766746,2.341463414634146,2.9390243902439024,0.7966804979253111,394.0,866.0,192.0,241.0,1.8658536585365855,13.817073170731707,5.109756097560975,3.707317073170732,1.0731707317073171,0.18292682926829268,1.5975609756097562
clarkbr01,Brandon Clarke,MEM,2,10.0,1.5,4.5,0.3333333333333333,1.0,2.0,0.5,3.0,9.0,2.0,4.0,0.0,4.0,3.0,0.5,1.0,0.0,0.0
ingrabr01,Brandon Ingram,TOR,77,33.81818181818182,7.974025974025974,16.727272727272727,0.4767080745341615,3.792207792207792,4.623376623376624,0.8202247191011236,614.0,1288.0,292.0,356.0,1.7532467532467533,21.493506493506494,5.584415584415584,3.688311688311688,0.7532467532467533,0.7142857142857143,2.4285714285714284
millebr02,Brandon Miller,CHO,65,30.276923076923076,6.984615384615385,16.06153846153846,0.43486590038314177,3.0615384615384613,3.4307692307692306,0.8923766816143498,454.0,1044.0,199.0,223.0,3.1384615384615384,20.16923076923077,4.907692307692308,3.3384615384615386,1.0153846153846153,0.676923076923077,2.5076923076923077
willibr03,Brandon Williams,DAL,66,22.166666666666668,4.409090909090909,9.348484848484848,0.47163695299837927,3.6515151515151514,4.606060606060606,0.7927631578947368,291.0,617.0,241.0,304.0,0.5454545454545454,13.015151515151516,2.893939393939394,3.878787878787879,0.9393939393939394,0.30303030303030304,1.893939393939394
sensabr01,Brice Sensabaugh,UTA,75,23.493333333333332,5.253333333333333,11.426666666666666,0.4597432905484247,2.2133333333333334,2.68,0.8258706467661692,394.0,857.0,166.0,201.0,2.16,14.88,3.08,1.9066666666666667,0.72,0.16,1.6533333333333333
jamesbr02,Bronny James,LAL,42,8.928571428571429,1.119047619047619,2.738095238095238,0.40869565217391307,0.14285714285714285,0.16666666666666666,0.8571428571428571,47.0,115.0,6.0,7.0,0.5238095238095238,2.9047619047619047,0.5476190476190477,1.2142857142857142,0.4523809523809524,0.09523809523809523,0.5952380952380952
lopezbr01,Brook Lopez,LAC,75,21.8,3.0933333333333333,7.226666666666667,0.4280442804428044,0.7466666666666667,0.9866666666666667,0.7567567567567568,232.0,542.0,56.0,74.0,1.52,8.453333333333333,3.64,1.2933333333333332,0.6,1.16,0.8133333333333334
barnhbr01,Brooks Barnhizer,OKC,40,8.7,0.675,1.775,0.38028169014084506,0.175,0.25,0.7,27.0,71.0,7.0,10.0,0.175,1.7,1.95,0.55,0.275,0.125,0.25
brownbr01,Bruce Brown,DEN,82,24.365853658536587,3.024390243902439,6.365853658536586,0.47509578544061304,1.170731707317073,1.5365853658536586,0.7619047619047619,248.0,522.0,96.0,126.0,0.6951219512195121,7.914634146341464,3.8780487804878048,2.1219512195121952,1.0365853658536586,0.24390243902439024,1.1097560975609757
mcgowbr01,Bryce McGowens,NOP,42,20.952380952380953,2.7142857142857144,5.642857142857143,0.4810126582278481,1.7619047619047619,2.261904761904762,0.7789473684210526,114.0,237.0,74.0,95.0,0.9047619047619048,8.095238095238095,2.0952380952380953,1.4761904761904763,0.6428571428571429,0.21428571428571427,0.40476190476190477
carrica01,Bub Carrington,WAS,82,27.695121951219512,3.8292682926829267,9.036585365853659,0.42375168690958165,0.9878048780487805,1.353658536585366,0.7297297297297297,314.0,741.0,81.0,111.0,2.0609756097560976,10.707317073170731,3.3658536585365852,4.646341463414634,0.6341463414634146,0.2073170731707317,2.3292682926829267
boehebu01,Buddy Boeheim,OKC,4,3.75,0.5,1.5,0.3333333333333333,0.0,0.0,0.0,2.0,6.0,0.0,0.0,0.5,1.5,0.0,0.0,0.0,0.0,0.0
hieldbu01,Buddy Hield,2TM,51,16.058823529411764,2.803921568627451,6.411764705882353,0.43730886850152906,0.5882352941176471,0.7254901960784313,0.8108108108108109,143.0,327.0,30.0,37.0,1.4509803921568627,7.647058823529412,2.2745098039215685,1.392156862745098,0.7647058823529411,0.17647058823529413,0.9411764705882353
huntlcj01,CJ Huntley,PHO,4,10.0,1.5,2.75,0.5454545454545454,0.0,0.0,0.0,6.0,11.0,0.0,0.0,0.0,3.0,1.25,0.5,0.25,0.0,0.0
mccolcj01,CJ McCollum,2TM,76,29.789473684210527,6.907894736842105,15.18421052631579,0.45493934142114384,2.4078947368421053,3.1184210526315788,0.7721518987341772,525.0,1154.0,183.0,237.0,2.513157894736842,18.736842105263158,3.3157894736842106,3.8552631578947367,0.8421052631578947,0.4605263157894737,1.7763157894736843
cunnica01,Cade Cunningham,DET,64,33.9375,8.5625,18.578125,0.4608915054667788,4.84375,5.96875,0.8115183246073299,548.0,1189.0,310.0,382.0,1.953125,23.921875,5.546875,9.90625,1.4375,0.84375,3.6875
houstca01,Caleb Houstan,ATL,18,4.166666666666667,0.7777777777777778,1.4444444444444444,0.5384615384615384,0.16666666666666666,0.16666666666666666,1.0,14.0,26.0,3.0,3.0,0.6111111111111112,2.3333333333333335,0.6111111111111112,0.2222222222222222,0.1111111111111111,0.05555555555555555,0.2222222222222222
loveca01,Caleb Love,POR,49,20.6734693877551,3.877551020408163,10.0,0.3877551020408163,0.7346938775510204,1.0,0.7346938775510204,190.0,490.0,36.0,49.0,1.8979591836734695,10.387755102040817,2.326530612244898,2.510204081632653,0.5510204081632653,0.08163265306122448,1.2653061224489797
martica02,Caleb Martin,DAL,58,14.758620689655173,1.4655172413793103,3.2586206896551726,0.4497354497354497,0.6379310344827587,1.0517241379310345,0.6065573770491803,85.0,189.0,37.0,61.0,0.3448275862068966,3.913793103448276,2.4655172413793105,1.396551724137931,0.6896551724137931,0.25862068965517243,0.6896551724137931
chrisca02,Cam Christie,LAC,55,8.727272727272727,0.9636363636363636,2.5272727272727273,0.381294964028777,0.6909090909090909,0.9090909090909091,0.76,53.0,139.0,38.0,50.0,0.21818181818181817,2.8363636363636364,1.4181818181818182,0.5636363636363636,0.2909090909090909,0.05454545454545454,0.4
spencca01,Cam Spencer,MEM,72,23.805555555555557,3.6527777777777777,7.722222222222222,0.47302158273381295,1.75,1.8611111111111112,0.9402985074626866,263.0,556.0,126.0,134.0,2.0277777777777777,11.083333333333334,2.5416666666666665,5.555555555555555,0.7222222222222222,0.1527777777777778,1.2916666666666667
thomaca02,Cam Thomas,2TM,42,20.976190476190474,4.5,10.976190476190476,0.40997830802603036,3.261904761904762,4.023809523809524,0.8106508875739645,189.0,461.0,137.0,169.0,1.2380952380952381,13.5,1.6904761904761905,2.5714285714285716,0.21428571428571427,0.09523809523809523,1.7619047619047619
whitmca01,Cam Whitmore,WAS,21,16.857142857142858,3.6666666666666665,8.047619047619047,0.4556213017751479,1.0952380952380953,1.4761904761904763,0.7419354838709677,77.0,169.0,23.0,31.0,0.7619047619047619,9.19047619047619,2.761904761904762,0.7142857142857143,0.7142857142857143,0.38095238095238093,0.8571428571428571
johnsca02,Cameron Johnson,DEN,54,30.5,4.222222222222222,8.796296296296296,0.48,1.7407407407407407,2.074074074074074,0.8392857142857143,228.0,475.0,94.0,112.0,2.037037037037037,12.222222222222221,3.814814814814815,2.4444444444444446,0.7407407407407407,0.3888888888888889,0.8703703703703703
payneca01,Cameron Payne,PHI,22,17.0,2.5454545454545454,6.7727272727272725,0.37583892617449666,0.8636363636363636,1.0,0.8636363636363636,56.0,149.0,19.0,22.0,1.4545454545454546,7.409090909090909,2.0,2.6363636363636362,1.0909090909090908,0.3181818181818182,0.5
leverca01,Caris LeVert,DET,60,19.233333333333334,2.716666666666667,6.516666666666667,0.41687979539641945,0.95,1.4,0.6785714285714286,163.0,391.0,57.0,84.0,1.0,7.383333333333334,1.95,2.65,0.85,0.6833333333333333,1.3666666666666667
bryanca01,Carter Bryant,SAS,71,11.52112676056338,1.5211267605633803,3.732394366197183,0.4075471698113208,0.4225352112676056,0.5915492957746479,0.7142857142857143,108.0,265.0,30.0,42.0,0.7323943661971831,4.197183098591549,2.507042253521127,0.6619718309859155,0.22535211267605634,0.323943661971831,0.4647887323943662
wallaca01,Cason Wallace,OKC,77,26.571428571428573,3.272727272727273,7.584415584415584,0.4315068493150685,0.7142857142857143,0.8831168831168831,0.8088235294117647,252.0,584.0,55.0,68.0,1.3116883116883118,8.571428571428571,3.090909090909091,2.5974025974025974,1.948051948051948,0.36363636363636365,0.948051948051948
cowarce01,Cedric Coward,MEM,62,25.774193548387096,4.919354838709677,10.451612903225806,0.470679012345679,2.2580645161290325,2.6774193548387095,0.8433734939759037,305.0,648.0,140.0,166.0,1.5,13.596774193548388,5.870967741935484,2.7580645161290325,0.6451612903225806,0.43548387096774194,1.6935483870967742
johnsch06,Chaney Johnson,BRK,17,20.470588235294116,3.0,5.529411764705882,0.5425531914893617,1.6470588235294117,2.0588235294117645,0.8,51.0,94.0,28.0,35.0,0.5294117647058824,8.176470588235293,4.647058823529412,2.1176470588235294,0.8823529411764706,0.5294117647058824,1.1764705882352942
bassech01,Charles Bassey,4TM,13,11.76923076923077,2.3846153846153846,3.6153846153846154,0.6595744680851063,1.0769230769230769,1.5384615384615385,0.7,31.0,47.0,14.0,20.0,0.0,5.846153846153846,4.384615384615385,0.5384615384615384,0.3076923076923077,0.8461538461538461,0.46153846153846156
laniech01,Chaz Lanier,DET,34,7.705882352941177,0.8235294117647058,2.6176470588235294,0.3146067415730337,0.14705882352941177,0.17647058823529413,0.8333333333333334,28.0,89.0,5.0,6.0,0.5588235294117647,2.3529411764705883,0.6764705882352942,0.5,0.20588235294117646,0.0,0.08823529411764706
holmgch01,Chet Holmgren,OKC,69,28.942028985507246,6.2898550724637685,11.289855072463768,0.5571245186136072,3.260869565217391,4.115942028985507,0.7922535211267606,434.0,779.0,225.0,284.0,1.2753623188405796,17.115942028985508,8.91304347826087,1.6666666666666667,0.6231884057971014,1.8985507246376812,1.5507246376811594
bouchch01,Chris Boucher,BOS,9,10.444444444444445,0.8888888888888888,2.7777777777777777,0.32,0.3333333333333333,0.4444444444444444,0.75,8.0,25.0,3.0,4.0,0.2222222222222222,2.3333333333333335,2.0,0.3333333333333333,0.5555555555555556,0.7777777777777778,0.1111111111111111
livinch01,Chris Livingston,CLE,3,5.666666666666667,1.3333333333333333,2.3333333333333335,0.5714285714285714,0.3333333333333333,0.3333333333333333,1.0,4.0,7.0,1.0,1.0,0.0,3.0,1.0,0.3333333333333333,0.3333333333333333,0.0,0.0
manonch01,Chris Mañon,LAL,9,5.111111111111111,0.2222222222222222,0.6666666666666666,0.3333333333333333,0.3333333333333333,0.4444444444444444,0.75,2.0,6.0,3.0,4.0,0.0,0.7777777777777778,1.1111111111111112,0.3333333333333333,0.5555555555555556,0.2222222222222222,0.1111111111111111
paulch01,Chris Paul,LAC,16,14.25,1.125,3.5,0.32142857142857145,0.0625,0.125,0.5,18.0,56.0,1.0,2.0,0.625,2.9375,1.75,3.3125,0.6875,0.0,1.0
youngch01,Chris Youngblood,2TM,34,5.4411764705882355,0.6470588235294118,1.8529411764705883,0.3492063492063492,0.2647058823529412,0.29411764705882354,0.9,22.0,63.0,9.0,10.0,0.5294117647058824,2.088235294117647,0.8235294117647058,0.35294117647058826,0.11764705882352941,0.08823529411764706,0.058823529411764705
braunch01,Christian Braun,DEN,44,31.795454545454547,4.590909090909091,8.840909090909092,0.519280205655527,1.7954545454545454,2.2954545454545454,0.7821782178217822,202.0,389.0,79.0,101.0,0.9772727272727273,11.954545454545455,4.795454545454546,2.727272727272727,0.6818181818181818,0.2727272727272727,0.9772727272727273
kolokch01,Christian Koloko,3TM,27,13.222222222222221,1.1481481481481481,2.740740740740741,0.4189189189189189,0.37037037037037035,0.5555555555555556,0.6666666666666666,31.0,74.0,10.0,15.0,0.037037037037037035,2.7037037037037037,3.0,0.6666666666666666,0.5185185185185185,0.8518518518518519,0.5925925925925926
hepbuch01,Chucky Hepburn,TOR,2,6.5,0.0,3.0,0.0,0.0,0.0,0.0,0.0,6.0,0.0,0.0,0.0,0.0,0.5,1.0,0.5,0.0,0.5
capelca01,Clint Capela,HOU,75,12.346666666666666,1.5733333333333333,3.026666666666667,0.5198237885462555,0.6,1.04,0.5769230769230769,118.0,227.0,45.0,78.0,0.013333333333333334,3.76,4.6,0.6666666666666666,0.48,0.84,0.5466666666666666
whiteco01,Coby White,2TM,50,24.98,5.56,12.46,0.4462279293739968,3.94,4.82,0.8174273858921162,278.0,623.0,197.0,241.0,2.3,17.36,3.4,4.0,0.5,0.1,2.56
martico01,Cody Martin,IND,4,13.75,0.5,2.5,0.2,0.75,1.5,0.5,2.0,10.0,3.0,6.0,0.0,1.75,3.5,0.5,1.0,0.5,1.0
willico04,Cody Williams,UTA,67,24.34328358208955,3.5522388059701493,7.597014925373134,0.4675834970530452,1.2537313432835822,1.7761194029850746,0.7058823529411765,238.0,509.0,84.0,119.0,0.417910447761194,8.776119402985074,2.955223880597015,2.044776119402985,0.7611940298507462,0.3880597014925373,1.0895522388059702
jonesco02,Colby Jones,DET,1,7.0,1.0,3.0,0.3333333333333333,0.0,0.0,0.0,1.0,3.0,0.0,0.0,0.0,2.0,4.0,2.0,0.0,0.0,0.0
anthoco01,Cole Anthony,MIL,35,15.057142857142857,2.8,6.6,0.42424242424242425,0.45714285714285713,0.7428571428571429,0.6153846153846154,98.0,231.0,16.0,26.0,0.6285714285714286,6.685714285714286,2.4857142857142858,3.4571428571428573,0.5714285714285714,0.3142857142857143,1.8571428571428572
castlco01,Colin Castleton,ORL,4,5.25,0.5,1.25,0.4,0.25,0.25,1.0,2.0,5.0,1.0,1.0,0.0,1.25,2.0,0.25,0.25,0.0,0.5
gilleco01,Collin Gillespie,PHO,80,28.525,4.4,10.525,0.4180522565320665,0.95,1.0875,0.8735632183908046,352.0,842.0,76.0,87.0,2.9,12.65,4.0875,4.6375,1.2375,0.2,1.5625
murraco01,Collin Murray-Boyles,TOR,57,21.859649122807017,3.473684210526316,6.0,0.5789473684210527,1.2456140350877194,1.894736842105263,0.6574074074074074,198.0,342.0,71.0,108.0,0.2982456140350877,8.491228070175438,5.0,1.8596491228070176,0.9122807017543859,0.9298245614035088,1.0350877192982457
sextoco01,Collin Sexton,2TM,68,23.735294117647058,5.294117647058823,10.911764705882353,0.48517520215633425,3.2058823529411766,3.75,0.8549019607843137,360.0,742.0,218.0,255.0,1.6470588235294117,15.441176470588236,2.2794117647058822,3.2794117647058822,1.1176470588235294,0.14705882352941177,2.073529411764706
flaggco01,Cooper Flagg,DAL,70,33.48571428571429,7.985714285714286,17.057142857142857,0.46817420435510887,4.042857142857143,4.885714285714286,0.827485380116959,559.0,1194.0,283.0,342.0,1.0285714285714285,21.042857142857144,6.6571428571428575,4.514285714285714,1.2,0.9142857142857143,2.3
kispeco01,Corey Kispert,2TM,58,18.620689655172413,3.1724137931034484,6.793103448275862,0.467005076142132,1.3275862068965518,1.6724137931034482,0.7938144329896907,184.0,394.0,77.0,97.0,1.5,9.172413793103448,2.2758620689655173,1.5862068965517242,0.27586206896551724,0.15517241379310345,0.7758620689655172
ryanco01,Cormac Ryan,MIL,11,24.636363636363637,4.818181818181818,9.272727272727273,0.5196078431372549,2.1818181818181817,2.3636363636363638,0.9230769230769231,53.0,102.0,24.0,26.0,2.4545454545454546,14.272727272727273,2.5454545454545454,1.7272727272727273,1.0,0.2727272727272727,1.5454545454545454
portecr01,Craig Porter Jr.,CLE,64,17.9375,1.8125,4.03125,0.4496124031007752,0.375,0.625,0.6,116.0,258.0,24.0,40.0,0.515625,4.515625,3.4375,3.203125,0.890625,0.59375,0.921875
jonescu01,Curtis Jones,DEN,10,8.8,1.1,2.7,0.4074074074074074,0.1,0.2,0.5,11.0,27.0,1.0,2.0,0.6,2.9,1.1,1.0,0.4,0.0,0.2
russeda01,D'Angelo Russell,DAL,26,19.03846153846154,3.6153846153846154,8.923076923076923,0.4051724137931034,1.6538461538461537,2.3076923076923075,0.7166666666666667,94.0,232.0,43.0,60.0,1.2692307692307692,10.153846153846153,2.3461538461538463,4.0,0.46153846153846156,0.07692307692307693,1.8846153846153846
jeffrda01,DaQuan Jeffries,SAC,3,20.0,3.6666666666666665,6.333333333333333,0.5789473684210527,1.6666666666666667,1.6666666666666667,1.0,11.0,19.0,5.0,5.0,1.3333333333333333,10.333333333333334,1.6666666666666667,0.3333333333333333,0.6666666666666666,0.0,0.0
holmeda01,DaRon Holmes,DEN,25,8.4,1.24,2.44,0.5081967213114754,0.44,0.56,0.7857142857142857,31.0,61.0,11.0,14.0,0.8,3.72,1.4,0.64,0.04,0.24,0.48
plowdda01,Daeqwon Plowden,SAC,32,26.375,3.75,8.71875,0.43010752688172044,1.3125,1.53125,0.8571428571428571,120.0,279.0,42.0,49.0,1.9375,10.75,3.03125,1.28125,0.71875,0.21875,0.8125
bantoda01,Dalano Banton,2TM,6,10.333333333333334,0.6666666666666666,2.0,0.3333333333333333,0.6666666666666666,0.6666666666666666,1.0,4.0,12.0,4.0,4.0,0.0,2.0,0.8333333333333334,1.8333333333333333,0.3333333333333333,0.8333333333333334,1.3333333333333333
terryda01,Dalen Terry,2TM,48,11.479166666666666,1.4166666666666667,3.2291666666666665,0.43870967741935485,0.3333333333333333,0.625,0.5333333333333333,68.0,155.0,16.0,30.0,0.5,3.6666666666666665,1.7916666666666667,1.375,0.6041666666666666,0.3125,0.5416666666666666
knechda01,Dalton Knecht,LAL,54,10.24074074074074,1.6111111111111112,3.537037037037037,0.45549738219895286,0.2962962962962963,0.4074074074074074,0.7272727272727273,87.0,191.0,16.0,22.0,0.7037037037037037,4.222222222222222,1.3888888888888888,0.3888888888888889,0.2037037037037037,0.2037037037037037,0.42592592592592593
gaffoda01,Daniel Gafford,DAL,55,21.727272727272727,3.7636363636363637,5.745454545454545,0.6550632911392406,2.0,2.9272727272727272,0.6832298136645962,207.0,316.0,110.0,161.0,0.0,9.527272727272727,6.872727272727273,1.0545454545454545,0.7636363636363637,1.2545454545454546,1.1454545454545455
jenkida01,Daniss Jenkins,DET,72,20.208333333333332,3.2222222222222223,7.888888888888889,0.4084507042253521,1.8611111111111112,2.236111111111111,0.8322981366459627,232.0,568.0,134.0,161.0,1.0138888888888888,9.319444444444445,2.3055555555555554,3.861111111111111,0.8888888888888888,0.20833333333333334,1.5972222222222223
wolfda01,Danny Wolf,BRK,57,20.82456140350877,3.1228070175438596,7.719298245614035,0.40454545454545454,1.4736842105263157,1.912280701754386,0.7706422018348624,178.0,440.0,84.0,109.0,1.1929824561403508,8.912280701754385,4.9298245614035086,2.2280701754385963,0.5263157894736842,0.5614035087719298,1.280701754385965
saricda01,Dario Šarić,SAC,5,8.2,0.2,1.2,0.16666666666666666,0.4,0.4,1.0,1.0,6.0,2.0,2.0,0.2,1.0,1.2,0.4,0.0,0.0,0.4
whiteda01,Dariq Whitehead,MEM,6,30.5,6.166666666666667,15.5,0.3978494623655914,0.8333333333333334,1.1666666666666667,0.7142857142857143,37.0,93.0,5.0,7.0,3.1666666666666665,16.333333333333332,4.0,1.5,0.6666666666666666,0.0,1.6666666666666667
brownda04,Darius Brown II,CLE,1,3.0,0.0,1.0,0.0,0.0,0.0,0.0,0.0,1.0,0.0,0.0,0.0,0.0,1.0,0.0,0.0,0.0,0.0
garlada01,Darius Garland,2TM,45,29.866666666666667,6.866666666666666,14.933333333333334,0.45982142857142855,2.3333333333333335,2.7111111111111112,0.860655737704918,309.0,672.0,105.0,122.0,2.7111111111111112,18.77777777777778,2.3777777777777778,6.688888888888889,0.9555555555555556,0.17777777777777778,2.888888888888889
jonesda06,David Jones García,SAS,11,6.181818181818182,1.1818181818181819,2.272727272727273,0.52,0.2727272727272727,0.5454545454545454,0.5,13.0,25.0,3.0,6.0,0.2727272727272727,2.909090909090909,1.1818181818181819,1.6363636363636365,0.5454545454545454,0.09090909090909091,0.45454545454545453
roddyda01,David Roddy,DEN,5,14.6,3.0,6.0,0.5,1.4,1.4,1.0,15.0,30.0,7.0,7.0,0.6,8.0,4.0,0.8,0.8,0.2,0.4
mitchda01,Davion Mitchell,MIA,70,28.571428571428573,3.7285714285714286,7.614285714285714,0.4896810506566604,0.6,0.9285714285714286,0.6461538461538462,261.0,533.0,42.0,65.0,1.2857142857142858,9.342857142857143,2.657142857142857,6.4714285714285715,0.9714285714285714,0.15714285714285714,1.542857142857143
sharpda01,Day'Ron Sharpe,BRK,62,18.70967741935484,3.4516129032258065,5.741935483870968,0.601123595505618,1.6612903225806452,2.4516129032258065,0.6776315789473685,214.0,356.0,103.0,152.0,0.14516129032258066,8.709677419354838,6.661290322580645,2.338709677419355,1.0806451612903225,0.41935483870967744,1.7096774193548387
foxde01,De'Aaron Fox,SAS,72,30.98611111111111,7.069444444444445,14.541666666666666,0.48615090735434574,2.5972222222222223,3.4166666666666665,0.7601626016260162,509.0,1047.0,187.0,246.0,1.8194444444444444,18.555555555555557,3.75,6.180555555555555,1.2361111111111112,0.2638888888888889,2.2777777777777777
huntede01,De'Andre Hunter,2TM,45,26.133333333333333,4.622222222222222,11.133333333333333,0.4151696606786427,2.7555555555555555,3.1777777777777776,0.8671328671328671,208.0,501.0,124.0,143.0,1.6666666666666667,13.666666666666666,4.111111111111111,2.0,0.6666666666666666,0.13333333333333333,1.6666666666666667
meltode01,De'Anthony Melton,GSW,49,22.959183673469386,4.387755102040816,10.775510204081632,0.4071969696969697,2.0408163265306123,2.4693877551020407,0.8264462809917356,215.0,528.0,100.0,121.0,1.469387755102041,12.285714285714286,3.2244897959183674,2.5510204081632653,1.5714285714285714,0.40816326530612246,1.8571428571428572
jordade01,DeAndre Jordan,NOP,12,16.583333333333332,1.75,2.6666666666666665,0.65625,0.9166666666666666,1.4166666666666667,0.6470588235294118,21.0,32.0,11.0,17.0,0.0,4.416666666666667,6.333333333333333,0.9166666666666666,0.3333333333333333,0.8333333333333334,0.75
jarrede01,DeJon Jarreau,MEM,11,21.0,3.0,7.545454545454546,0.39759036144578314,1.6363636363636365,2.090909090909091,0.782608695652174,33.0,83.0,18.0,23.0,0.36363636363636365,8.0,4.636363636363637,3.272727272727273,0.9090909090909091,0.7272727272727273,2.3636363636363638
derozde01,DeMar DeRozan,SAC,77,31.246753246753247,6.48051948051948,13.051948051948052,0.49651741293532337,4.857142857142857,5.597402597402597,0.8677494199535963,499.0,1005.0,374.0,431.0,0.6103896103896104,18.428571428571427,2.935064935064935,4.103896103896104,1.0389610389610389,0.2987012987012987,1.2467532467532467
wadede01,Dean Wade,CLE,59,22.338983050847457,2.0677966101694913,4.711864406779661,0.43884892086330934,0.4576271186440678,0.6440677966101694,0.7105263157894737,122.0,278.0,27.0,38.0,1.2033898305084745,5.796610169491525,4.186440677966102,1.4915254237288136,0.7457627118644068,0.3898305084745763,0.2711864406779661
aytonde01,Deandre Ayton,LAL,72,27.194444444444443,5.597222222222222,8.347222222222221,0.670549084858569,1.2638888888888888,1.9583333333333333,0.6453900709219859,403.0,601.0,91.0,141.0,0.0,12.458333333333334,7.986111111111111,0.8194444444444444,0.5694444444444444,0.9722222222222222,1.1527777777777777
murrade01,Dejounte Murray,NOP,14,27.785714285714285,6.285714285714286,13.0,0.4835164835164835,2.7857142857142856,3.2142857142857144,0.8666666666666667,88.0,182.0,39.0,45.0,1.3571428571428572,16.714285714285715,5.357142857142857,6.357142857142857,1.6428571428571428,0.21428571428571427,3.357142857142857
avdijde01,Deni Avdija,POR,66,33.31818181818182,7.454545454545454,16.12121212121212,0.462406015037594,7.409090909090909,9.242424242424242,0.8016393442622951,492.0,1064.0,489.0,610.0,1.893939393939394,24.21212121212121,6.878787878787879,6.696969696969697,0.7727272727272727,0.6212121212121212,3.8333333333333335
schrode01,Dennis Schröder,2TM,70,24.242857142857144,3.642857142857143,8.985714285714286,0.40540540540540543,2.442857142857143,2.9285714285714284,0.8341463414634146,255.0,629.0,171.0,205.0,1.0714285714285714,10.8,2.7142857142857144,4.871428571428571,0.7857142857142857,0.15714285714285714,1.7714285714285714
livelde01,Dereck Lively II,DAL,7,16.428571428571427,1.5714285714285714,2.5714285714285716,0.6111111111111112,1.1428571428571428,1.4285714285714286,0.8,11.0,18.0,8.0,10.0,0.0,4.285714285714286,5.285714285714286,1.8571428571428572,0.5714285714285714,1.5714285714285714,1.4285714285714286
queende01,Derik Queen,NOP,81,24.97530864197531,4.37037037037037,9.234567901234568,0.4732620320855615,2.6790123456790123,3.3703703703703702,0.7948717948717948,354.0,748.0,217.0,273.0,0.2839506172839506,11.703703703703704,7.061728395061729,3.6790123456790123,1.037037037037037,0.9135802469135802,2.345679012345679
jonesde02,Derrick Jones Jr.,LAC,50,27.0,3.78,7.58,0.49868073878627966,1.42,1.86,0.7634408602150538,189.0,379.0,71.0,93.0,1.1,10.08,3.46,1.38,0.9,1.0,0.8
whitede01,Derrick White,BOS,77,34.09090909090909,5.675324675324675,14.38961038961039,0.3944043321299639,2.3896103896103895,2.6493506493506493,0.9019607843137255,437.0,1108.0,184.0,204.0,2.7142857142857144,16.454545454545453,4.402597402597403,5.376623376623376,1.1428571428571428,1.2727272727272727,1.7402597402597402
banede01,Desmond Bane,ORL,82,33.609756097560975,7.109756097560975,14.695121951219512,0.4838174273858921,3.8292682926829267,4.219512195121951,0.9075144508670521,583.0,1205.0,314.0,346.0,2.0365853658536586,20.085365853658537,4.121951219512195,4.121951219512195,1.048780487804878,0.45121951219512196,2.0
bookede01,Devin Booker,PHO,64,33.53125,8.53125,18.71875,0.4557595993322204,7.09375,8.125,0.8730769230769231,546.0,1198.0,454.0,520.0,1.90625,26.0625,3.875,6.03125,0.796875,0.28125,3.140625
cartede02,Devin Carter,SAC,38,18.42105263157895,3.1842105263157894,7.684210526315789,0.4143835616438356,1.763157894736842,2.473684210526316,0.7127659574468085,121.0,292.0,67.0,94.0,0.7894736842105263,8.921052631578947,3.289473684210526,2.6578947368421053,0.8947368421052632,0.23684210526315788,1.4210526315789473
vassede01,Devin Vassell,SAS,67,30.507462686567163,4.925373134328358,11.26865671641791,0.4370860927152318,1.5820895522388059,1.9402985074626866,0.8153846153846154,330.0,755.0,106.0,130.0,2.4776119402985075,13.91044776119403,4.014925373134329,2.4925373134328357,0.8507462686567164,0.373134328358209,0.8955223880597015
brookdi01,Dillon Brooks,PHO,56,30.392857142857142,7.446428571428571,17.125,0.4348279457768509,3.0357142857142856,3.607142857142857,0.8415841584158416,417.0,959.0,170.0,202.0,2.267857142857143,20.196428571428573,3.625,1.7678571428571428,1.0178571428571428,0.16071428571428573,1.75
jonesdi01,Dillon Jones,NYK,7,5.571428571428571,0.2857142857142857,1.2857142857142858,0.2222222222222222,0.5714285714285714,0.5714285714285714,1.0,2.0,9.0,4.0,4.0,0.14285714285714285,1.2857142857142858,1.0,0.5714285714285714,0.42857142857142855,0.0,0.0
sabondo01,Domantas Sabonis,SAC,19,29.68421052631579,6.315789473684211,11.631578947368421,0.5429864253393665,2.9473684210526314,4.052631578947368,0.7272727272727273,120.0,221.0,56.0,77.0,0.2631578947368421,15.842105263157896,11.368421052631579,4.105263157894737,0.9473684210526315,0.21052631578947367,2.6842105263157894
barlodo01,Dominick Barlow,PHI,71,23.788732394366196,3.028169014084507,5.619718309859155,0.5388471177944862,1.323943661971831,1.8450704225352113,0.7175572519083969,215.0,399.0,94.0,131.0,0.29577464788732394,7.676056338028169,4.788732394366197,1.2253521126760563,0.8873239436619719,0.7464788732394366,0.7887323943661971
clingdo01,Donovan Clingan,POR,77,27.194805194805195,4.623376623376624,8.883116883116884,0.52046783625731,1.7922077922077921,2.6363636363636362,0.6798029556650246,356.0,684.0,138.0,203.0,1.0909090909090908,12.12987012987013,11.584415584415584,2.103896103896104,0.5714285714285714,1.6883116883116882,1.2337662337662338
mitchdo01,Donovan Mitchell,CLE,70,33.457142857142856,9.685714285714285,20.042857142857144,0.4832501781895937,5.314285714285714,6.142857142857143,0.8651162790697674,678.0,1403.0,372.0,430.0,3.2,27.885714285714286,4.514285714285714,5.685714285714286,1.4857142857142858,0.2857142857142857,2.8285714285714287
divindo01,Donte DiVincenzo,MIN,82,30.414634146341463,4.134146341463414,10.182926829268293,0.4059880239520958,0.9512195121951219,1.2804878048780488,0.7428571428571429,339.0,835.0,78.0,105.0,2.975609756097561,12.195121951219512,4.097560975609756,3.817073170731707,1.2682926829268293,0.4146341463414634,1.4390243902439024
finnedo01,Dorian Finney-Smith,HOU,37,16.756756756756758,1.1891891891891893,3.5675675675675675,0.3333333333333333,0.21621621621621623,0.24324324324324326,0.8888888888888888,44.0,132.0,8.0,9.0,0.7297297297297297,3.324324324324324,2.5135135135135136,0.972972972972973,0.43243243243243246,0.16216216216216217,0.5945945945945946
mcderdo01,Doug McDermott,SAC,29,15.137931034482758,1.8620689655172413,4.793103448275862,0.38848920863309355,0.27586206896551724,0.3103448275862069,0.8888888888888888,54.0,139.0,8.0,9.0,1.6551724137931034,5.655172413793103,1.2758620689655173,0.7586206896551724,0.20689655172413793,0.13793103448275862,0.4482758620689655
poweldr01,Drake Powell,BRK,63,20.952380952380953,2.2857142857142856,5.682539682539683,0.4022346368715084,1.0952380952380953,1.2222222222222223,0.8961038961038961,144.0,358.0,69.0,77.0,0.8095238095238095,6.476190476190476,1.7619047619047619,1.4444444444444444,0.5714285714285714,0.2222222222222222,0.9523809523809523
greendr01,Draymond Green,GSW,68,27.485294117647058,3.014705882352941,7.220588235294118,0.4175152749490835,0.8676470588235294,1.2352941176470589,0.7023809523809523,205.0,491.0,59.0,84.0,1.4852941176470589,8.382352941176471,5.514705882352941,5.529411764705882,0.8970588235294118,0.6176470588235294,2.661764705882353
eubandr01,Drew Eubanks,SAC,42,13.142857142857142,2.2142857142857144,3.7142857142857144,0.5961538461538461,0.7619047619047619,1.3571428571428572,0.5614035087719298,93.0,156.0,32.0,57.0,0.023809523809523808,5.214285714285714,3.0238095238095237,0.4523809523809524,0.35714285714285715,0.6190476190476191,0.7142857142857143
peterdr01,Drew Peterson,CHO,6,10.666666666666666,0.3333333333333333,2.6666666666666665,0.125,0.16666666666666666,0.3333333333333333,0.5,2.0,16.0,1.0,2.0,0.0,0.8333333333333334,1.5,0.3333333333333333,0.5,0.16666666666666666,0.0
timmedr01,Drew Timme,LAL,27,8.703703703703704,1.4074074074074074,2.4444444444444446,0.5757575757575758,0.18518518518518517,0.3333333333333333,0.5555555555555556,38.0,66.0,5.0,9.0,0.4074074074074074,3.4074074074074074,1.2222222222222223,0.8518518518518519,0.2222222222222222,0.0,0.48148148148148145
smithdr01,Dru Smith,MIA,70,16.3,1.9285714285714286,4.642857142857143,0.4153846153846154,1.2428571428571429,1.5,0.8285714285714286,135.0,325.0,87.0,105.0,0.5428571428571428,5.642857142857143,2.4714285714285715,2.5714285714285716,1.4285714285714286,0.3,0.7857142857142857
robindu01,Duncan Robinson,DET,77,27.441558441558442,4.12987012987013,9.064935064935066,0.45558739255014324,1.077922077922078,1.4285714285714286,0.7545454545454545,318.0,698.0,83.0,110.0,2.857142857142857,12.194805194805195,2.6623376623376624,2.064935064935065,0.5714285714285714,0.2857142857142857,0.7012987012987013
reathdu01,Duop Reath,POR,32,8.0625,1.03125,2.3125,0.44594594594594594,0.15625,0.1875,0.8333333333333334,33.0,74.0,5.0,6.0,0.71875,2.9375,1.1875,0.3125,0.15625,0.25,0.21875
poweldw01,Dwight Powell,DAL,63,14.34920634920635,1.0317460317460319,1.6031746031746033,0.6435643564356436,1.2380952380952381,1.7777777777777777,0.6964285714285714,65.0,101.0,78.0,112.0,0.031746031746031744,3.3333333333333335,4.079365079365079,1.0793650793650793,0.5396825396825397,0.3333333333333333,0.6507936507936508
cardwdy01,Dylan Cardwell,SAC,44,20.613636363636363,2.3863636363636362,4.068181818181818,0.5865921787709497,0.5909090909090909,1.1590909090909092,0.5098039215686274,105.0,179.0,26.0,51.0,0.045454545454545456,5.409090909090909,7.545454545454546,1.4090909090909092,0.6818181818181818,1.5227272727272727,0.8863636363636364
harpedy01,Dylan Harper,SAS,69,22.579710144927535,4.797101449275362,9.507246376811594,0.5045731707317073,1.3043478260869565,1.7246376811594204,0.7563025210084033,331.0,656.0,90.0,119.0,0.8840579710144928,11.782608695652174,3.391304347826087,3.8550724637681157,0.782608695652174,0.34782608695652173,1.434782608695652
daniedy01,Dyson Daniels,ATL,76,33.1578947368421,5.2894736842105265,10.223684210526315,0.5173745173745173,0.9868421052631579,1.605263157894737,0.6147540983606558,402.0,777.0,75.0,122.0,0.2894736842105263,11.855263157894736,6.842105263157895,5.907894736842105,1.9605263157894737,0.40789473684210525,1.7763157894736843
liddeej01,E.J. Liddell,BRK,26,13.423076923076923,2.076923076923077,4.269230769230769,0.4864864864864865,0.8076923076923077,1.0,0.8076923076923077,54.0,111.0,21.0,26.0,0.6923076923076923,5.653846153846154,2.6538461538461537,0.9230769230769231,0.23076923076923078,0.38461538461538464,0.5769230769230769
demineg01,Egor Dёmin,BRK,52,25.153846153846153,3.4423076923076925,8.634615384615385,0.3986636971046771,1.0384615384615385,1.25,0.8307692307692308,179.0,449.0,54.0,65.0,2.3846153846153846,10.307692307692308,3.173076923076923,3.326923076923077,0.8076923076923077,0.3269230769230769,1.6538461538461537
harklej01,Elijah Harkless,UTA,26,20.96153846153846,2.076923076923077,6.1923076923076925,0.33540372670807456,1.8846153846153846,2.4615384615384617,0.765625,54.0,161.0,49.0,64.0,0.8076923076923077,6.846153846153846,2.0384615384615383,2.8846153846153846,1.1923076923076923,0.23076923076923078,1.0
milleem01,Emanuel Miller,CHI,5,6.6,1.2,2.6,0.46153846153846156,0.2,0.4,0.5,6.0,13.0,1.0,2.0,0.4,3.0,0.6,0.8,0.4,0.0,0.0
freemen01,Enrique Freeman,MIN,4,9.25,1.0,2.0,0.5,0.75,1.0,0.75,4.0,8.0,3.0,4.0,0.5,3.25,2.5,0.5,0.5,0.75,0.5
gordoer01,Eric Gordon,PHI,6,12.333333333333334,2.0,3.5,0.5714285714285714,0.16666666666666666,0.3333333333333333,0.5,12.0,21.0,1.0,2.0,1.3333333333333333,5.5,0.3333333333333333,0.5,0.6666666666666666,0.16666666666666666,0.5
thompet01,Ethan Thompson,IND,32,20.40625,2.3125,6.125,0.37755102040816324,1.15625,1.46875,0.7872340425531915,74.0,196.0,37.0,47.0,1.1875,6.96875,2.15625,1.78125,0.625,0.28125,0.78125
mobleev01,Evan Mobley,CLE,65,31.907692307692308,7.2153846153846155,13.215384615384615,0.5459837019790454,2.769230769230769,4.569230769230769,0.6060606060606061,469.0,859.0,180.0,297.0,0.9538461538461539,18.153846153846153,9.015384615384615,3.6,0.7384615384615385,1.7384615384615385,1.876923076923077
wagnefr01,Franz Wagner,ORL,34,29.970588235294116,7.176470588235294,14.911764705882353,0.4812623274161736,4.794117647058823,5.823529411764706,0.8232323232323232,244.0,507.0,163.0,198.0,1.411764705882353,20.558823529411764,5.205882352941177,3.323529411764706,0.9411764705882353,0.3235294117647059,1.7058823529411764
jacksgg01,GG Jackson II,MEM,55,21.418181818181818,4.636363636363637,9.345454545454546,0.4961089494163424,2.036363636363636,2.7454545454545456,0.7417218543046358,255.0,514.0,112.0,151.0,1.1636363636363636,12.472727272727273,4.2727272727272725,1.4727272727272727,0.5636363636363636,0.8,1.5454545454545454
vincega01,Gabe Vincent,2TM,53,16.58490566037736,1.4339622641509433,4.0754716981132075,0.35185185185185186,0.37735849056603776,0.4339622641509434,0.8695652173913043,76.0,216.0,20.0,23.0,1.1132075471698113,4.3584905660377355,1.0188679245283019,1.4339622641509433,0.5094339622641509,0.05660377358490566,0.5094339622641509
templga01,Garrett Temple,TOR,22,3.3181818181818183,0.18181818181818182,0.6818181818181818,0.26666666666666666,0.2727272727272727,0.4090909090909091,0.6666666666666666,4.0,15.0,6.0,9.0,0.13636363636363635,0.7727272727272727,0.4090909090909091,0.4090909090909091,0.18181818181818182,0.09090909090909091,0.3181818181818182
mathega01,Garrison Mathews,IND,15,13.066666666666666,1.4,3.466666666666667,0.40384615384615385,1.2666666666666666,1.5333333333333334,0.8260869565217391,21.0,52.0,19.0,23.0,1.1333333333333333,5.2,1.1333333333333333,0.6666666666666666,0.4,0.2,0.2
harriga01,Gary Harris,MIL,48,13.770833333333334,0.9583333333333334,2.1666666666666665,0.4423076923076923,0.16666666666666666,0.1875,0.8888888888888888,46.0,104.0,8.0,9.0,0.5833333333333334,2.6666666666666665,1.2708333333333333,1.0625,0.5625,0.1875,0.3958333333333333
paytoga02,Gary Payton II,GSW,73,15.643835616438356,3.315068493150685,5.684931506849315,0.5831325301204819,0.3561643835616438,0.547945205479452,0.65,242.0,415.0,26.0,40.0,0.5068493150684932,7.493150684931507,3.6301369863013697,1.6849315068493151,0.9178082191780822,0.2876712328767123,0.8493150684931506
trentga02,Gary Trent Jr.,MIL,65,21.184615384615384,2.8153846153846156,7.276923076923077,0.386892177589852,0.6153846153846154,0.8,0.7692307692307693,183.0,473.0,40.0,52.0,1.8923076923076922,8.138461538461538,1.0307692307692307,1.2153846153846153,0.5230769230769231,0.046153846153846156,0.6307692307692307
antetgi01,Giannis Antetokounmpo,MIL,36,28.86111111111111,10.36111111111111,16.61111111111111,0.6237458193979933,6.444444444444445,9.916666666666666,0.6498599439775911,373.0,598.0,232.0,357.0,0.4166666666666667,27.583333333333332,9.777777777777779,5.444444444444445,0.9444444444444444,0.6666666666666666,3.1944444444444446
bitadgo01,Goga Bitadze,ORL,64,15.1875,2.375,3.515625,0.6755555555555556,1.078125,1.515625,0.711340206185567,152.0,225.0,69.0,97.0,0.03125,5.859375,5.0,1.3125,0.578125,0.953125,0.671875
dickgr01,Gradey Dick,TOR,76,14.039473684210526,2.1184210526315788,5.052631578947368,0.4192708333333333,1.013157894736842,1.1578947368421053,0.875,161.0,384.0,77.0,88.0,0.7368421052631579,5.9868421052631575,1.9342105263157894,0.6710526315789473,0.5921052631578947,0.09210526315789473,0.5657894736842105
nelsogr02,Grant Nelson,BRK,4,8.75,1.25,2.25,0.5555555555555556,1.75,2.5,0.7,5.0,9.0,7.0,10.0,0.0,4.25,1.5,1.25,0.25,1.25,1.0
willigr01,Grant Williams,CHO,36,19.75,2.1666666666666665,5.083333333333333,0.4262295081967213,1.2222222222222223,1.5,0.8148148148148148,78.0,183.0,44.0,54.0,1.4444444444444444,7.0,3.9444444444444446,1.5555555555555556,0.4722222222222222,0.5,0.8611111111111112
allengr01,Grayson Allen,PHO,51,28.764705882352942,5.2745098039215685,13.07843137254902,0.4032983508245877,2.823529411764706,3.2941176470588234,0.8571428571428571,269.0,667.0,144.0,168.0,3.1176470588235294,16.49019607843137,3.0392156862745097,3.823529411764706,1.3529411764705883,0.2549019607843137,1.6274509803921569
yabusgu01,Guerschon Yabusele,2TM,67,15.029850746268657,1.8656716417910448,4.656716417910448,0.40064102564102566,0.8059701492537313,1.0746268656716418,0.75,125.0,312.0,54.0,72.0,1.0298507462686568,5.567164179104478,3.4925373134328357,0.9402985074626866,0.3880597014925373,0.23880597014925373,0.6119402985074627
santogu01,Gui Santos,GSW,68,20.514705882352942,3.3823529411764706,6.764705882352941,0.5,1.2794117647058822,1.7647058823529411,0.725,230.0,460.0,87.0,120.0,1.1470588235294117,9.191176470588236,3.911764705882353,2.338235294117647,0.8970588235294118,0.3235294117647059,1.5
barneha02,Harrison Barnes,SAS,77,25.792207792207794,3.4025974025974026,7.467532467532467,0.45565217391304347,1.3246753246753247,1.5974025974025974,0.8292682926829268,262.0,575.0,102.0,123.0,1.8051948051948052,9.935064935064934,2.7662337662337664,1.922077922077922,0.6493506493506493,0.15584415584415584,0.7922077922077922
ingraha01,Harrison Ingram,SAS,7,3.7142857142857144,0.7142857142857143,0.8571428571428571,0.8333333333333334,0.0,0.0,0.0,5.0,6.0,0.0,0.0,0.14285714285714285,1.5714285714285714,0.42857142857142855,0.14285714285714285,0.0,0.0,0.14285714285714285
grayha01,Hayden Gray,UTA,1,25.0,2.0,3.0,0.6666666666666666,2.0,2.0,1.0,2.0,3.0,2.0,2.0,0.0,6.0,0.0,1.0,1.0,1.0,1.0
highsha01,Haywood Highsmith,PHO,7,13.0,1.7142857142857142,3.2857142857142856,0.5217391304347826,0.8571428571428571,1.0,0.8571428571428571,12.0,23.0,6.0,7.0,1.1428571428571428,5.428571428571429,1.8571428571428572,1.0,0.5714285714285714,0.0,0.0
joneshe01,Herbert Jones,NOP,56,28.357142857142858,3.267857142857143,8.535714285714286,0.38284518828451886,0.8928571428571429,1.1071428571428572,0.8064516129032258,183.0,478.0,50.0,62.0,1.4285714285714286,8.857142857142858,3.392857142857143,2.767857142857143,1.5714285714285714,0.48214285714285715,1.3035714285714286
gonzahu01,Hugo González,BOS,74,14.64864864864865,1.5810810810810811,3.324324324324324,0.47560975609756095,0.17567567567567569,0.35135135135135137,0.5,117.0,246.0,13.0,26.0,0.5675675675675675,3.9054054054054053,3.324324324324324,0.5405405405405406,0.5675675675675675,0.28378378378378377,0.5135135135135135
dickihu01,Hunter Dickinson,NOP,5,8.4,1.0,2.8,0.35714285714285715,0.4,0.4,1.0,5.0,14.0,2.0,2.0,0.0,2.4,1.0,0.4,0.2,0.4,0.6
sallihu01,Hunter Sallis,PHI,7,3.7142857142857144,0.42857142857142855,0.7142857142857143,0.6,0.14285714285714285,0.2857142857142857,0.5,3.0,5.0,1.0,2.0,0.0,1.0,0.14285714285714285,0.5714285714285714,0.0,0.14285714285714285,0.7142857142857143
tysonhu01,Hunter Tyson,DEN,21,7.714285714285714,0.6666666666666666,2.4761904761904763,0.2692307692307692,0.5238095238095238,0.6190476190476191,0.8461538461538461,14.0,52.0,11.0,13.0,0.3333333333333333,2.1904761904761907,1.7142857142857142,0.8095238095238095,0.09523809523809523,0.047619047619047616,0.23809523809523808
quickim01,Immanuel Quickley,TOR,70,31.87142857142857,5.728571428571429,12.928571428571429,0.4430939226519337,2.4285714285714284,2.9571428571428573,0.821256038647343,401.0,905.0,170.0,207.0,2.5428571428571427,16.428571428571427,4.0285714285714285,5.928571428571429,1.3142857142857143,0.07142857142857142,1.457142857142857
jonesis01,Isaac Jones,2TM,7,5.142857142857143,0.42857142857142855,1.0,0.42857142857142855,0.42857142857142855,0.5714285714285714,0.75,3.0,7.0,3.0,4.0,0.0,1.2857142857142858,0.7142857142857143,0.14285714285714285,0.0,0.14285714285714285,0.14285714285714285
okorois01,Isaac Okoro,CHI,63,26.904761904761905,3.3492063492063493,7.285714285714286,0.4596949891067538,1.4126984126984128,1.7777777777777777,0.7946428571428571,211.0,459.0,89.0,112.0,1.1587301587301588,9.26984126984127,2.746031746031746,1.5873015873015872,0.7301587301587301,0.4603174603174603,0.7301587301587301
colliis01,Isaiah Collier,UTA,59,25.71186440677966,4.322033898305085,8.728813559322035,0.49514563106796117,2.559322033898305,3.542372881355932,0.722488038277512,255.0,515.0,151.0,209.0,0.4576271186440678,11.661016949152541,2.542372881355932,7.169491525423729,1.11864406779661,0.3389830508474576,2.5084745762711864
crawfis01,Isaiah Crawford,HOU,14,6.571428571428571,0.7142857142857143,1.7142857142857142,0.4166666666666667,0.35714285714285715,0.42857142857142855,0.8333333333333334,10.0,24.0,5.0,6.0,0.21428571428571427,2.0,1.1428571428571428,0.35714285714285715,0.14285714285714285,0.21428571428571427,0.2857142857142857
harteis01,Isaiah Hartenstein,OKC,47,24.19148936170213,3.9148936170212765,6.297872340425532,0.6216216216216216,1.3617021276595744,2.234042553191489,0.6095238095238096,184.0,296.0,64.0,105.0,0.0,9.191489361702128,9.425531914893616,3.5319148936170213,1.0212765957446808,0.7659574468085106,1.7446808510638299
jacksis01,Isaiah Jackson,2TM,55,16.509090909090908,2.7454545454545456,4.3090909090909095,0.6371308016877637,1.2363636363636363,1.9090909090909092,0.6476190476190476,151.0,237.0,68.0,105.0,0.0,6.7272727272727275,5.2727272727272725,0.9454545454545454,0.6545454545454545,0.8909090909090909,1.0545454545454545
joeis01,Isaiah Joe,OKC,71,21.225352112676056,3.4788732394366195,7.647887323943662,0.4548802946593002,1.5492957746478873,1.732394366197183,0.8943089430894309,247.0,543.0,110.0,123.0,2.5492957746478875,11.056338028169014,2.5492957746478875,1.323943661971831,0.704225352112676,0.15492957746478872,0.6338028169014085
liveris01,Isaiah Livers,PHO,36,9.63888888888889,0.6111111111111112,1.7777777777777777,0.34375,0.25,0.3333333333333333,0.75,22.0,64.0,9.0,12.0,0.3333333333333333,1.8055555555555556,1.6944444444444444,0.5833333333333334,0.3611111111111111,0.2222222222222222,0.3333333333333333
steveis01,Isaiah Stevens,SAC,3,14.333333333333334,1.0,2.3333333333333335,0.42857142857142855,1.3333333333333333,1.3333333333333333,1.0,3.0,7.0,4.0,4.0,0.0,3.3333333333333335,1.0,3.3333333333333335,1.6666666666666667,0.0,0.6666666666666666
stewais01,Isaiah Stewart,DET,58,22.70689655172414,3.810344827586207,6.931034482758621,0.5497512437810945,1.706896551724138,2.2586206896551726,0.7557251908396947,221.0,402.0,99.0,131.0,0.6896551724137931,10.017241379310345,5.0,1.1379310344827587,0.27586206896551724,1.603448275862069,1.1551724137931034
zubaciv01,Ivica Zubac,2TM,48,30.125,6.0,10.041666666666666,0.5975103734439834,2.1041666666666665,2.9583333333333335,0.7112676056338029,288.0,482.0,101.0,142.0,0.0,14.104166666666666,10.604166666666666,2.1875,0.375,0.8333333333333334,1.7916666666666667
davisjd01,JD Davison,HOU,28,7.785714285714286,0.8571428571428571,2.2857142857142856,0.375,0.4642857142857143,0.6785714285714286,0.6842105263157895,24.0,64.0,13.0,19.0,0.2857142857142857,2.4642857142857144,1.2142857142857142,1.25,0.21428571428571427,0.21428571428571427,0.25
moranja01,Ja Morant,MEM,20,28.45,6.6,16.1,0.40993788819875776,5.25,5.85,0.8974358974358975,132.0,322.0,105.0,117.0,1.0,19.45,3.25,8.05,1.0,0.3,3.55
walteja01,Ja'Kobe Walter,TOR,72,20.47222222222222,2.5,5.611111111111111,0.44554455445544555,0.9861111111111112,1.25,0.7888888888888889,180.0,404.0,71.0,90.0,1.5277777777777777,7.513888888888889,2.5694444444444446,1.1944444444444444,1.0138888888888888,0.19444444444444445,0.5138888888888888
smithja05,Jabari Smith Jr.,HOU,77,35.12987012987013,5.688311688311688,12.64935064935065,0.44969199178644764,2.103896103896104,2.7142857142857144,0.7751196172248804,438.0,974.0,162.0,209.0,2.2987012987012987,15.779220779220779,6.87012987012987,1.8571428571428572,0.7272727272727273,0.922077922077922,1.3636363636363635
walkeja01,Jabari Walker,PHI,64,11.90625,1.515625,3.328125,0.45539906103286387,0.78125,1.0625,0.7352941176470589,97.0,213.0,50.0,68.0,0.5,4.3125,3.0,0.53125,0.359375,0.203125,0.421875
toppija01,Jacob Toppin,ATL,5,3.4,0.8,1.2,0.6666666666666666,0.0,0.0,0.0,4.0,6.0,0.0,0.0,0.0,1.6,0.2,0.2,0.0,0.2,0.0
hardyja02,Jaden Hardy,2TM,57,15.75438596491228,3.192982456140351,7.526315789473684,0.42424242424242425,0.9649122807017544,1.3157894736842106,0.7333333333333333,182.0,429.0,55.0,75.0,1.8245614035087718,9.175438596491228,1.5087719298245614,1.0175438596491229,0.2807017543859649,0.10526315789473684,1.087719298245614
iveyja01,Jaden Ivey,2TM,37,18.10810810810811,3.081081081081081,6.918918918918919,0.4453125,1.027027027027027,1.2702702702702702,0.8085106382978723,114.0,256.0,38.0,47.0,1.3513513513513513,8.54054054054054,2.4594594594594597,1.837837837837838,0.6216216216216216,0.3783783783783784,1.1081081081081081
mcdanja02,Jaden McDaniels,MIN,73,31.726027397260275,5.712328767123288,11.082191780821917,0.515451174289246,2.0136986301369864,2.410958904109589,0.8352272727272727,417.0,809.0,147.0,176.0,1.4109589041095891,14.849315068493151,4.2465753424657535,2.7260273972602738,1.1095890410958904,1.0,1.7945205479452055
tateja01,Jae'Sean Tate,HOU,46,8.804347826086957,1.2173913043478262,2.369565217391304,0.5137614678899083,0.15217391304347827,0.2391304347826087,0.6363636363636364,56.0,109.0,7.0,11.0,0.21739130434782608,2.8043478260869565,1.5869565217391304,0.5434782608695652,0.21739130434782608,0.06521739130434782,0.34782608695652173
mashaja01,Jahmai Mashack,MEM,31,21.70967741935484,2.4838709677419355,6.290322580645161,0.39487179487179486,0.6129032258064516,1.1290322580645162,0.5428571428571428,77.0,195.0,19.0,35.0,0.6129032258064516,6.193548387096774,2.6129032258064515,2.225806451612903,1.1935483870967742,0.45161290322580644,1.5806451612903225
youngja05,Jahmir Young,MIA,14,4.142857142857143,0.7142857142857143,1.7857142857142858,0.4,0.14285714285714285,0.14285714285714285,1.0,10.0,25.0,2.0,2.0,0.21428571428571427,1.7857142857142858,0.2857142857142857,0.6428571428571429,0.07142857142857142,0.0,0.21428571428571427
telfoja01,Jahmyl Telfort,LAC,8,4.0,0.0,0.5,0.0,0.125,0.5,0.25,0.0,4.0,1.0,4.0,0.0,0.125,0.375,0.125,0.125,0.0,0.125
jaqueja01,Jaime Jaquez Jr.,MIA,75,28.28,6.1866666666666665,12.2,0.507103825136612,2.2133333333333334,2.88,0.7685185185185185,464.0,915.0,166.0,216.0,0.7733333333333333,15.36,5.0,4.693333333333333,0.68,0.28,2.026666666666667
laravja01,Jake LaRavia,LAL,82,25.134146341463413,2.926829268292683,6.378048780487805,0.4588910133843212,1.4146341463414633,1.853658536585366,0.7631578947368421,240.0,523.0,116.0,152.0,0.9512195121951219,8.21951219512195,3.975609756097561,1.7682926829268293,1.2682926829268293,0.4634146341463415,1.0609756097560976
poeltja01,Jakob Poeltl,TOR,46,24.97826086956522,4.717391304347826,6.739130434782608,0.7,1.2826086956521738,2.130434782608696,0.6020408163265306,217.0,310.0,59.0,98.0,0.0,10.717391304347826,7.021739130434782,2.0217391304347827,0.8695652173913043,0.6956521739130435,1.2391304347826086
brunsja01,Jalen Brunson,NYK,74,35.0,9.31081081081081,19.93243243243243,0.46711864406779663,4.783783783783784,5.6891891891891895,0.8408551068883611,689.0,1475.0,354.0,421.0,2.635135135135135,26.04054054054054,3.3378378378378377,6.797297297297297,0.7702702702702703,0.10810810810810811,2.364864864864865
durenja01,Jalen Duren,DET,70,28.228571428571428,7.457142857142857,11.471428571428572,0.6500622665006227,4.585714285714285,6.142857142857143,0.7465116279069768,522.0,803.0,321.0,430.0,0.0,19.5,10.528571428571428,1.9714285714285715,0.8142857142857143,0.8428571428571429,1.8571428571428572
greenja05,Jalen Green,PHO,32,25.875,6.75,16.0,0.421875,2.03125,2.71875,0.7471264367816092,216.0,512.0,65.0,87.0,2.21875,17.75,3.625,2.84375,1.0625,0.25,2.25
johnsja05,Jalen Johnson,ATL,72,35.166666666666664,8.333333333333334,17.055555555555557,0.48859934853420195,4.180555555555555,5.305555555555555,0.7879581151832461,600.0,1228.0,301.0,382.0,1.6666666666666667,22.51388888888889,10.277777777777779,7.861111111111111,1.2361111111111112,0.4305555555555556,3.388888888888889
pickeja02,Jalen Pickett,DEN,50,16.14,1.96,4.64,0.4224137931034483,0.3,0.38,0.7894736842105263,98.0,232.0,15.0,19.0,0.98,5.2,2.28,2.3,0.26,0.1,0.68
slawsja01,Jalen Slawson,IND,13,23.923076923076923,2.6153846153846154,5.923076923076923,0.44155844155844154,0.9230769230769231,1.3076923076923077,0.7058823529411765,34.0,77.0,12.0,17.0,1.1538461538461537,7.3076923076923075,4.384615384615385,2.769230769230769,1.5384615384615385,1.0769230769230769,1.3076923076923077
smithja04,Jalen Smith,CHI,53,20.660377358490567,3.6792452830188678,7.622641509433962,0.48267326732673266,1.3018867924528301,1.7547169811320755,0.7419354838709677,195.0,404.0,69.0,93.0,1.5471698113207548,10.20754716981132,6.69811320754717,1.2264150943396226,0.4528301886792453,0.7924528301886793,1.0
suggsja01,Jalen Suggs,ORL,57,27.614035087719298,4.947368421052632,11.385964912280702,0.4345146379044684,1.7543859649122806,2.0526315789473686,0.8547008547008547,282.0,649.0,100.0,117.0,2.1403508771929824,13.789473684210526,3.8596491228070176,5.473684210526316,1.8421052631578947,0.7017543859649122,2.6666666666666665
willija06,Jalen Williams,OKC,33,28.363636363636363,6.545454545454546,13.515151515151516,0.484304932735426,3.272727272727273,3.909090909090909,0.8372093023255814,216.0,446.0,108.0,129.0,0.696969696969697,17.060606060606062,4.606060606060606,5.484848484848484,1.1818181818181819,0.2727272727272727,1.9090909090909092
wilsoja03,Jalen Wilson,BRK,54,15.907407407407407,2.037037037037037,5.148148148148148,0.39568345323741005,1.2777777777777777,1.7777777777777777,0.71875,110.0,278.0,69.0,96.0,1.0,6.351851851851852,2.111111111111111,0.9259259259259259,0.4074074074074074,0.037037037037037035,0.7037037037037037
cainja01,Jamal Cain,ORL,40,12.15,1.85,3.8,0.4868421052631579,0.975,1.15,0.8478260869565217,74.0,152.0,39.0,46.0,0.7,5.375,1.95,0.725,0.275,0.1,0.475
murraja01,Jamal Murray,DEN,75,35.36,8.76,18.133333333333333,0.48308823529411765,4.613333333333333,5.2,0.8871794871794871,657.0,1360.0,346.0,390.0,3.2666666666666666,25.4,4.4,7.133333333333334,0.88,0.38666666666666666,2.28
sheadja01,Jamal Shead,TOR,82,22.585365853658537,2.2560975609756095,6.146341463414634,0.36706349206349204,1.1097560975609757,1.4146341463414633,0.7844827586206896,185.0,504.0,91.0,116.0,1.024390243902439,6.646341463414634,1.7439024390243902,5.414634146341464,0.926829268292683,0.18292682926829268,1.3658536585365855
bouyeja01,Jamaree Bouyea,PHO,46,14.0,2.347826086956522,5.130434782608695,0.4576271186440678,0.5217391304347826,0.7608695652173914,0.6857142857142857,108.0,236.0,24.0,35.0,0.5,5.717391304347826,1.7826086956521738,1.7826086956521738,0.6304347826086957,0.34782608695652173,0.6521739130434783
hardeja01,James Harden,2TM,70,34.82857142857143,6.957142857142857,16.042857142857144,0.43365983971504896,6.614285714285714,7.485714285714286,0.8835877862595419,487.0,1123.0,463.0,524.0,3.0714285714285716,23.6,4.8,7.957142857142857,1.1285714285714286,0.4,3.5
wisemja01,James Wiseman,IND,4,14.5,1.5,2.5,0.6,0.25,0.5,0.5,6.0,10.0,1.0,2.0,0.0,3.25,2.0,0.75,0.0,0.25,1.25
watkija01,Jamir Watkins,WAS,50,20.64,2.64,5.92,0.44594594594594594,1.14,1.64,0.6951219512195121,132.0,296.0,57.0,82.0,0.94,7.36,3.88,1.34,1.08,0.5,0.8
battlja01,Jamison Battle,TOR,61,8.475409836065573,1.2131147540983607,2.377049180327869,0.5103448275862069,0.14754098360655737,0.22950819672131148,0.6428571428571429,74.0,145.0,9.0,14.0,0.5737704918032787,3.1475409836065573,1.459016393442623,0.39344262295081966,0.11475409836065574,0.04918032786885246,0.3114754098360656
walkeja02,Jarace Walker,IND,76,25.69736842105263,4.0394736842105265,9.644736842105264,0.41882673942701226,1.8026315789473684,2.4078947368421053,0.7486338797814208,307.0,733.0,137.0,183.0,1.75,11.631578947368421,5.144736842105263,2.526315789473684,0.8289473684210527,0.34210526315789475,1.8289473684210527
mccaija01,Jared McCain,2TM,67,17.313432835820894,3.044776119402985,7.164179104477612,0.425,0.7611940298507462,0.8805970149253731,0.864406779661017,204.0,480.0,51.0,59.0,1.4776119402985075,8.328358208955224,2.044776119402985,1.3432835820895523,0.5223880597014925,0.07462686567164178,0.835820895522388
jacksja02,Jaren Jackson Jr.,2TM,48,30.291666666666668,7.125,14.979166666666666,0.4756606397774687,3.3958333333333335,4.229166666666667,0.8029556650246306,342.0,719.0,163.0,203.0,1.75,19.395833333333332,5.666666666666667,1.9583333333333333,1.1041666666666667,1.4375,2.2291666666666665
vandeja01,Jarred Vanderbilt,LAL,65,17.353846153846153,1.7384615384615385,3.6923076923076925,0.4708333333333333,0.5076923076923077,0.8615384615384616,0.5892857142857143,113.0,240.0,33.0,56.0,0.4461538461538462,4.430769230769231,4.492307692307692,1.2923076923076924,0.8461538461538461,0.2923076923076923,0.8615384615384616
allenja01,Jarrett Allen,CLE,56,27.125,6.017857142857143,9.428571428571429,0.6382575757575758,3.3035714285714284,4.660714285714286,0.7088122605363985,337.0,528.0,185.0,261.0,0.017857142857142856,15.357142857142858,8.5,1.7857142857142858,0.9821428571428571,0.8392857142857143,1.3392857142857142
richaja02,Jase Richardson,ORL,54,10.87037037037037,1.6481481481481481,3.4814814814814814,0.4734042553191489,0.6111111111111112,0.8518518518518519,0.717391304347826,89.0,188.0,33.0,46.0,0.5185185185185185,4.425925925925926,1.1666666666666667,1.0740740740740742,0.35185185185185186,0.037037037037037035,0.46296296296296297
smallja01,Javon Small,MEM,41,20.24390243902439,3.268292682926829,7.024390243902439,0.4652777777777778,1.6585365853658536,2.0,0.8292682926829268,134.0,288.0,68.0,82.0,1.4634146341463414,9.658536585365853,3.1219512195121952,3.682926829268293,0.8292682926829268,0.21951219512195122,1.3658536585365855
cookeja01,Javonte Cooke,POR,19,4.947368421052632,0.47368421052631576,2.1578947368421053,0.21951219512195122,0.10526315789473684,0.10526315789473684,1.0,9.0,41.0,2.0,2.0,0.15789473684210525,1.2105263157894737,1.0,0.3684210526315789,0.3157894736842105,0.0,0.47368421052631576
greenja02,Javonte Green,DET,82,17.634146341463413,2.2560975609756095,5.048780487804878,0.4468599033816425,1.2804878048780488,1.524390243902439,0.84,185.0,414.0,105.0,125.0,1.146341463414634,6.939024390243903,2.8048780487804876,0.6829268292682927,1.2439024390243902,0.3048780487804878,0.5487804878048781
hayesja02,Jaxson Hayes,LAL,66,18.28787878787879,3.0,3.9696969696969697,0.7557251908396947,1.4848484848484849,2.272727272727273,0.6533333333333333,198.0,262.0,98.0,150.0,0.045454545454545456,7.53030303030303,4.106060606060606,0.8939393939393939,0.4393939393939394,0.7878787878787878,0.4696969696969697
huffja01,Jay Huff,IND,82,20.963414634146343,3.548780487804878,7.451219512195122,0.4762684124386252,1.0,1.2073170731707317,0.8282828282828283,291.0,611.0,82.0,99.0,1.451219512195122,9.548780487804878,3.951219512195122,1.475609756097561,0.5,1.8658536585365855,0.926829268292683
brownja02,Jaylen Brown,BOS,71,34.40845070422535,10.366197183098592,21.732394366197184,0.4769928710304601,6.0,7.549295774647887,0.7947761194029851,736.0,1543.0,426.0,536.0,1.971830985915493,28.704225352112676,6.929577464788732,5.126760563380282,1.0140845070422535,0.38028169014084506,3.647887323943662
clarkja02,Jaylen Clark,MIN,68,13.058823529411764,1.4558823529411764,3.3529411764705883,0.4342105263157895,0.6470588235294118,0.9852941176470589,0.6567164179104478,99.0,228.0,44.0,67.0,0.4852941176470588,4.044117647058823,1.7647058823529411,0.6323529411764706,0.6911764705882353,0.1323529411764706,0.3382352941176471
wellsja01,Jaylen Wells,MEM,69,26.391304347826086,4.36231884057971,10.115942028985508,0.43123209169054444,1.9420289855072463,2.4782608695652173,0.783625730994152,301.0,698.0,134.0,171.0,1.8695652173913044,12.53623188405797,3.1884057971014492,1.608695652173913,0.8840579710144928,0.13043478260869565,1.0724637681159421
willija07,Jaylin Williams,OKC,65,19.646153846153847,2.292307692307692,5.415384615384616,0.42329545454545453,1.123076923076923,1.4153846153846155,0.7934782608695652,149.0,352.0,73.0,92.0,1.5076923076923077,7.2153846153846155,5.507692307692308,2.4307692307692306,0.47692307692307695,0.6461538461538462,1.0307692307692307
tysonja01,Jaylon Tyson,CLE,66,26.924242424242426,5.0,10.151515151515152,0.4925373134328358,1.196969696969697,1.621212121212121,0.7383177570093458,330.0,670.0,79.0,107.0,2.015151515151515,13.212121212121213,5.121212121212121,2.227272727272727,0.8181818181818182,0.42424242424242425,1.5
kentja01,Jayson Kent,POR,5,4.4,0.8,1.4,0.5714285714285714,0.2,0.2,1.0,4.0,7.0,1.0,1.0,0.2,2.0,1.0,0.0,0.2,0.2,0.0
tatumja01,Jayson Tatum,BOS,16,32.625,7.375,17.9375,0.41114982578397213,4.0625,4.9375,0.8227848101265823,118.0,287.0,65.0,79.0,2.9375,21.75,10.0,5.3125,1.375,0.1875,2.4375
greenje02,Jeff Green,HOU,30,5.833333333333333,0.8333333333333334,2.2666666666666666,0.36764705882352944,0.16666666666666666,0.16666666666666666,1.0,25.0,68.0,5.0,5.0,0.4,2.2333333333333334,0.8333333333333334,0.26666666666666666,0.06666666666666667,0.06666666666666667,0.13333333333333333
grantje01,Jerami Grant,POR,57,29.736842105263158,5.807017543859649,12.807017543859649,0.4534246575342466,4.5964912280701755,5.649122807017544,0.8136645962732919,331.0,730.0,262.0,322.0,2.3859649122807016,18.596491228070175,3.473684210526316,2.1403508771929824,0.7368421052631579,0.631578947368421,2.087719298245614
fearsje01,Jeremiah Fears,NOP,82,25.75609756097561,5.329268292682927,12.268292682926829,0.43439363817097415,2.3658536585365852,3.0,0.7886178861788617,437.0,1006.0,194.0,246.0,1.2317073170731707,14.25609756097561,3.658536585365854,3.402439024390244,1.1829268292682926,0.36585365853658536,2.1707317073170733
robinje02,Jeremiah Robinson-Earl,2TM,22,16.40909090909091,1.6818181818181819,4.545454545454546,0.37,0.7727272727272727,0.8181818181818182,0.9444444444444444,37.0,100.0,17.0,18.0,0.45454545454545453,4.590909090909091,4.681818181818182,0.6818181818181818,0.4090909090909091,0.045454545454545456,0.5454545454545454
sochaje01,Jeremy Sochan,2TM,44,10.659090909090908,1.4545454545454546,2.9318181818181817,0.49612403100775193,0.4318181818181818,0.5909090909090909,0.7307692307692307,64.0,129.0,19.0,26.0,0.25,3.590909090909091,2.4318181818181817,0.9090909090909091,0.38636363636363635,0.1590909090909091,0.4772727272727273
simsje01,Jericho Sims,MIL,67,19.671641791044777,2.1641791044776117,2.7611940298507465,0.7837837837837838,0.6567164179104478,1.0597014925373134,0.6197183098591549,145.0,185.0,44.0,71.0,0.0,4.985074626865671,5.522388059701493,1.5522388059701493,0.2835820895522388,0.2537313432835821,1.1194029850746268
howarje01,Jett Howard,ORL,55,12.636363636363637,1.9090909090909092,4.5636363636363635,0.41832669322709165,0.6727272727272727,0.7090909090909091,0.9487179487179487,105.0,251.0,37.0,39.0,0.9818181818181818,5.472727272727273,1.5818181818181818,0.8181818181818182,0.18181818181818182,0.2,0.2727272727272727
carteje01,Jevon Carter,2TM,53,16.358490566037737,2.3207547169811322,5.7924528301886795,0.4006514657980456,0.2830188679245283,0.3584905660377358,0.7894736842105263,123.0,307.0,15.0,19.0,1.471698113207547,6.39622641509434,1.679245283018868,1.6415094339622642,0.7547169811320755,0.18867924528301888,0.6792452830188679
butleji01,Jimmy Butler,GSW,38,31.105263157894736,6.315789473684211,12.157894736842104,0.5194805194805194,6.526315789473684,7.552631578947368,0.8641114982578397,240.0,462.0,248.0,287.0,0.8421052631578947,20.0,5.552631578947368,4.868421052631579,1.4473684210526316,0.21052631578947367,1.5789473684210527
berinjo01,Joan Beringer,MIN,40,7.85,1.625,2.45,0.6632653061224489,0.65,0.925,0.7027027027027027,65.0,98.0,26.0,37.0,0.0,3.9,2.3,0.3,0.175,0.65,0.275
landajo01,Jock Landale,2TM,68,22.147058823529413,4.147058823529412,8.058823529411764,0.5145985401459854,1.1764705882352942,1.8529411764705883,0.6349206349206349,282.0,548.0,80.0,126.0,1.088235294117647,10.558823529411764,5.6911764705882355,1.6911764705882353,0.5147058823529411,0.5294117647058824,0.8823529411764706
inglejo01,Joe Ingles,MIN,27,5.666666666666667,0.5925925925925926,1.0,0.5925925925925926,0.07407407407407407,0.07407407407407407,1.0,16.0,27.0,2.0,2.0,0.25925925925925924,1.5185185185185186,0.7037037037037037,1.2592592592592593,0.3333333333333333,0.07407407407407407,0.5185185185185185
embiijo01,Joel Embiid,PHI,38,31.605263157894736,8.973684210526315,18.342105263157894,0.48923959827833574,7.526315789473684,8.81578947368421,0.8537313432835821,341.0,697.0,286.0,335.0,1.394736842105263,26.86842105263158,7.7105263157894735,3.9473684210526314,0.5526315789473685,1.2105263157894737,2.8684210526315788
collijo01,John Collins,LAC,69,27.130434782608695,5.27536231884058,9.55072463768116,0.5523520485584219,1.710144927536232,2.2318840579710146,0.7662337662337663,364.0,659.0,118.0,154.0,1.289855072463768,13.55072463768116,5.318840579710145,1.0144927536231885,0.8695652173913043,0.7391304347826086,1.3768115942028984
konchjo01,John Konchar,2TM,56,19.910714285714285,1.6785714285714286,3.5535714285714284,0.4723618090452261,0.5714285714285714,0.7857142857142857,0.7272727272727273,94.0,199.0,32.0,44.0,0.5,4.428571428571429,4.285714285714286,2.107142857142857,1.4821428571428572,0.6785714285714286,0.625
poulajo01,John Poulakidas,DAL,13,19.46153846153846,3.0,7.0,0.42857142857142855,0.46153846153846156,0.5384615384615384,0.8571428571428571,39.0,91.0,6.0,7.0,2.3846153846153846,8.846153846153847,2.3076923076923075,0.8461538461538461,0.5384615384615384,0.3076923076923077,0.3076923076923077
tonjejo01,John Tonje,BOS,6,7.0,0.6666666666666666,2.3333333333333335,0.2857142857142857,0.6666666666666666,0.6666666666666666,1.0,4.0,14.0,4.0,4.0,0.5,2.5,1.0,0.3333333333333333,0.3333333333333333,0.0,0.0
broomjo01,Johni Broome,PHI,11,5.0,0.36363636363636365,2.1818181818181817,0.16666666666666666,0.18181818181818182,0.5454545454545454,0.3333333333333333,4.0,24.0,2.0,6.0,0.0,0.9090909090909091,1.4545454545454546,0.36363636363636365,0.2727272727272727,0.18181818181818182,0.2727272727272727
furphjo01,Johnny Furphy,IND,35,18.37142857142857,2.0,4.257142857142857,0.4697986577181208,0.4857142857142857,1.0,0.4857142857142857,70.0,149.0,17.0,35.0,0.6571428571428571,5.142857142857143,4.371428571428571,1.1714285714285715,0.5714285714285714,0.2,0.8285714285714286
juzanjo01,Johnny Juzang,MIN,21,4.190476190476191,0.7619047619047619,1.8095238095238095,0.42105263157894735,0.23809523809523808,0.38095238095238093,0.625,16.0,38.0,5.0,8.0,0.2857142857142857,2.0476190476190474,0.8095238095238095,0.2857142857142857,0.09523809523809523,0.047619047619047616,0.23809523809523808
valanjo01,Jonas Valančiūnas,DEN,65,13.4,3.4923076923076923,6.0,0.5820512820512821,1.6153846153846154,2.0923076923076924,0.7720588235294118,227.0,390.0,105.0,136.0,0.12307692307692308,8.723076923076922,5.061538461538461,1.2,0.2153846153846154,0.5692307692307692,1.123076923076923
isaacjo01,Jonathan Isaac,ORL,52,10.01923076923077,0.8846153846153846,2.0961538461538463,0.42201834862385323,0.6730769230769231,1.1153846153846154,0.603448275862069,46.0,109.0,35.0,58.0,0.1346153846153846,2.576923076923077,2.5384615384615383,0.4230769230769231,0.38461538461538464,0.5961538461538461,0.34615384615384615
kuminjo01,Jonathan Kuminga,2TM,36,23.055555555555557,4.361111111111111,9.416666666666666,0.4631268436578171,2.4722222222222223,3.4166666666666665,0.7235772357723578,157.0,339.0,89.0,123.0,0.9722222222222222,12.166666666666666,5.611111111111111,2.3055555555555554,0.6111111111111112,0.3055555555555556,1.8611111111111112
mogbojo01,Jonathan Mogbo,TOR,40,6.225,0.65,1.1,0.5909090909090909,0.225,0.35,0.6428571428571429,26.0,44.0,9.0,14.0,0.0,1.525,1.7,0.625,0.275,0.2,0.35
clarkjo01,Jordan Clarkson,NYK,72,17.76388888888889,3.2916666666666665,7.305555555555555,0.4505703422053232,1.0833333333333333,1.3055555555555556,0.8297872340425532,237.0,526.0,78.0,94.0,0.9722222222222222,8.63888888888889,1.7638888888888888,1.3333333333333333,0.4166666666666667,0.125,0.875
goodwjo01,Jordan Goodwin,PHO,70,22.457142857142856,3.2714285714285714,7.928571428571429,0.4126126126126126,0.5571428571428572,0.8,0.6964285714285714,229.0,555.0,39.0,56.0,1.6,8.7,4.871428571428571,2.157142857142857,1.5142857142857142,0.2,0.9714285714285714
hawkijo01,Jordan Hawkins,NOP,51,13.568627450980392,1.8431372549019607,5.03921568627451,0.3657587548638132,0.45098039215686275,0.5294117647058824,0.8518518518518519,94.0,257.0,23.0,27.0,0.9215686274509803,5.0588235294117645,1.7254901960784315,0.8235294117647058,0.2549019607843137,0.19607843137254902,0.6666666666666666
mclaujo01,Jordan McLaughlin,SAS,44,6.409090909090909,0.75,1.7954545454545454,0.4177215189873418,0.13636363636363635,0.1590909090909091,0.8571428571428571,33.0,79.0,6.0,7.0,0.38636363636363635,2.022727272727273,0.7272727272727273,0.8636363636363636,0.45454545454545453,0.045454545454545456,0.3409090909090909
millejo02,Jordan Miller,LAC,60,22.083333333333332,3.533333333333333,6.65,0.531328320802005,2.2666666666666666,2.9166666666666665,0.7771428571428571,212.0,399.0,136.0,175.0,0.6333333333333333,9.966666666666667,3.033333333333333,2.2666666666666666,0.75,0.18333333333333332,1.05
poolejo01,Jordan Poole,NOP,39,23.923076923076923,4.230769230769231,11.384615384615385,0.3716216216216216,2.5128205128205128,2.923076923076923,0.8596491228070176,165.0,444.0,98.0,114.0,2.4615384615384617,13.435897435897436,1.9743589743589745,3.051282051282051,0.5641025641025641,0.38461538461538464,1.7692307692307692
walshjo01,Jordan Walsh,BOS,68,17.823529411764707,2.0,3.926470588235294,0.5093632958801498,0.6470588235294118,0.8382352941176471,0.7719298245614035,136.0,267.0,44.0,57.0,0.7058823529411765,5.352941176470588,4.0,0.7941176470588235,0.7205882352941176,0.45588235294117646,0.5147058823529411
alvarjo01,Jose Alvarado,2TM,69,19.855072463768117,2.710144927536232,6.507246376811594,0.41648106904231624,0.5072463768115942,0.6666666666666666,0.7608695652173914,187.0,449.0,35.0,46.0,1.463768115942029,7.391304347826087,2.4782608695652173,3.391304347826087,0.9565217391304348,0.11594202898550725,1.1159420289855073
giddejo01,Josh Giddey,CHI,54,32.05555555555556,5.944444444444445,13.277777777777779,0.4476987447698745,3.2222222222222223,4.222222222222222,0.7631578947368421,321.0,717.0,174.0,228.0,1.9074074074074074,17.01851851851852,8.296296296296296,9.148148148148149,1.0185185185185186,0.5,3.6296296296296298
greenjo02,Josh Green,CHO,58,15.655172413793103,1.4310344827586208,3.1206896551724137,0.4585635359116022,0.43103448275862066,0.4827586206896552,0.8928571428571429,83.0,181.0,25.0,28.0,1.0,4.293103448275862,1.7586206896551724,0.8103448275862069,0.603448275862069,0.10344827586206896,0.603448275862069
hartjo01,Josh Hart,NYK,66,30.21212121212121,4.5606060606060606,8.969696969696969,0.5084459459459459,1.3636363636363635,1.893939393939394,0.72,301.0,592.0,90.0,125.0,1.5151515151515151,12.0,7.363636363636363,4.803030303030303,1.1363636363636365,0.25757575757575757,1.9393939393939394
minotjo01,Josh Minott,2TM,49,17.020408163265305,2.5714285714285716,5.142857142857143,0.5,0.9795918367346939,1.2448979591836735,0.7868852459016393,126.0,252.0,48.0,61.0,1.3061224489795917,7.428571428571429,3.2244897959183674,0.9387755102040817,0.8979591836734694,0.4897959183673469,0.8775510204081632
odurojo01,Josh Oduro,NOP,3,27.333333333333332,3.6666666666666665,5.666666666666667,0.6470588235294118,1.0,2.0,0.5,11.0,17.0,3.0,6.0,0.0,8.333333333333334,7.666666666666667,1.3333333333333333,0.0,0.0,0.6666666666666666
okogijo01,Josh Okogie,HOU,78,17.358974358974358,1.6025641025641026,3.769230769230769,0.42517006802721086,0.5256410256410257,0.8846153846153846,0.5942028985507246,125.0,294.0,41.0,69.0,0.7948717948717948,4.5256410256410255,2.5641025641025643,0.8846153846153846,0.8076923076923077,0.20512820512820512,0.5256410256410257
holidjr01,Jrue Holiday,POR,53,29.433962264150942,6.037735849056604,13.377358490566039,0.4513399153737659,1.6603773584905661,1.9811320754716981,0.8380952380952381,320.0,709.0,88.0,105.0,2.5849056603773586,16.32075471698113,4.622641509433962,6.0754716981132075,1.0188679245283019,0.11320754716981132,2.7547169811320753
champju02,Julian Champagnie,SAS,82,27.634146341463413,3.6707317073170733,8.402439024390244,0.43686502177068215,1.3902439024390243,1.646341463414634,0.8444444444444444,301.0,689.0,114.0,135.0,2.3780487804878048,11.109756097560975,5.7682926829268295,1.548780487804878,0.7560975609756098,0.4634146341463415,0.8414634146341463
phillju01,Julian Phillips,2TM,48,8.916666666666666,1.0625,2.5208333333333335,0.4214876033057851,0.375,0.4791666666666667,0.782608695652174,51.0,121.0,18.0,23.0,0.4166666666666667,2.9166666666666665,1.0208333333333333,0.20833333333333334,0.4583333333333333,0.14583333333333334,0.22916666666666666
reeseju01,Julian Reese,WAS,13,30.923076923076923,4.846153846153846,9.153846153846153,0.5294117647058824,2.1538461538461537,3.3846153846153846,0.6363636363636364,63.0,119.0,28.0,44.0,0.0,11.846153846153847,10.538461538461538,1.8461538461538463,1.3846153846153846,0.6153846153846154,2.4615384615384617
strawju01,Julian Strawther,DEN,57,15.105263157894736,2.6140350877192984,5.5964912280701755,0.4670846394984326,1.0,1.2280701754385965,0.8142857142857143,149.0,319.0,57.0,70.0,1.0175438596491229,7.245614035087719,2.0,1.0701754385964912,0.43859649122807015,0.10526315789473684,0.631578947368421
randlju01,Julius Randle,MIN,79,33.037974683544306,7.341772151898734,15.278481012658228,0.48053024026512015,5.037974683544304,6.2784810126582276,0.8024193548387096,580.0,1207.0,398.0,496.0,1.379746835443038,21.10126582278481,6.734177215189874,5.037974683544304,1.0886075949367089,0.22784810126582278,2.7468354430379747
champju01,Justin Champagnie,WAS,69,19.956521739130434,3.36231884057971,6.695652173913044,0.5021645021645021,1.1594202898550725,1.4782608695652173,0.7843137254901961,232.0,462.0,80.0,102.0,0.7681159420289855,8.652173913043478,5.565217391304348,1.2173913043478262,0.855072463768116,0.6231884057971014,0.6521739130434783
edwarju01,Justin Edwards,PHI,64,15.265625,2.234375,5.0,0.446875,0.515625,0.609375,0.8461538461538461,143.0,320.0,33.0,39.0,1.046875,6.03125,1.46875,1.25,0.84375,0.171875,0.5625
nurkiju01,Jusuf Nurkić,UTA,41,26.414634146341463,4.390243902439025,8.731707317073171,0.5027932960893855,1.5121951219512195,2.7560975609756095,0.5486725663716814,180.0,358.0,62.0,113.0,0.6097560975609756,10.902439024390244,10.365853658536585,4.780487804878049,1.2682926829268293,0.5365853658536586,2.4634146341463414
simpskj01,KJ Simpson,2TM,20,12.85,1.7,4.95,0.3434343434343434,0.55,0.9,0.6111111111111112,34.0,99.0,11.0,18.0,0.6,4.55,1.85,2.15,0.8,0.0,1.25
richmka01,Kadary Richmond,WAS,3,22.333333333333332,3.3333333333333335,5.333333333333333,0.625,1.0,1.0,1.0,10.0,16.0,3.0,3.0,0.6666666666666666,8.333333333333334,3.3333333333333335,2.6666666666666665,2.6666666666666665,0.3333333333333333,0.6666666666666666
joneska03,Kam Jones,IND,37,16.64864864864865,1.837837837837838,4.5675675675675675,0.40236686390532544,0.10810810810810811,0.21621621621621623,0.5,68.0,169.0,4.0,8.0,0.5945945945945946,4.378378378378378,1.6216216216216217,3.2162162162162162,0.4864864864864865,0.0,0.972972972972973
townska01,Karl-Anthony Towns,NYK,75,30.96,6.8933333333333335,13.76,0.500968992248062,4.76,5.546666666666667,0.8581730769230769,517.0,1032.0,357.0,416.0,1.5066666666666666,20.053333333333335,11.853333333333333,3.013333333333333,0.8666666666666667,0.5333333333333333,2.493333333333333
matkoka01,Karlo Matković,NOP,62,14.709677419354838,2.2903225806451615,3.7903225806451615,0.6042553191489362,0.4838709677419355,0.6612903225806451,0.7317073170731707,142.0,235.0,30.0,41.0,0.6129032258064516,5.67741935483871,3.693548387096774,0.8064516129032258,0.4032258064516129,0.8709677419354839,0.5483870967741935
jakucka01,Kasparas Jakučionis,MIA,53,17.830188679245282,1.9245283018867925,4.490566037735849,0.42857142857142855,1.0943396226415094,1.2452830188679245,0.8787878787878788,102.0,238.0,58.0,66.0,1.2452830188679245,6.188679245283019,2.6037735849056602,2.5849056603773586,0.6226415094339622,0.1320754716981132,0.9433962264150944
leonaka01,Kawhi Leonard,LAC,65,32.07692307692308,9.76923076923077,19.353846153846153,0.5047694753577107,5.707692307692308,6.4,0.8918269230769231,635.0,1258.0,371.0,416.0,2.646153846153846,27.892307692307693,6.3538461538461535,3.6,1.876923076923077,0.4153846153846154,2.046153846153846
wallake01,Keaton Wallace,ATL,53,10.11320754716981,1.2830188679245282,3.2264150943396226,0.39766081871345027,0.22641509433962265,0.33962264150943394,0.6666666666666666,68.0,171.0,12.0,18.0,0.7169811320754716,3.509433962264151,1.0566037735849056,1.7735849056603774,0.4528301886792453,0.09433962264150944,0.5283018867924528
murrake02,Keegan Murray,SAC,23,34.47826086956522,5.478260869565218,13.043478260869565,0.42,1.6521739130434783,2.130434782608696,0.7755102040816326,126.0,300.0,38.0,49.0,1.3478260869565217,13.956521739130435,5.739130434782608,1.6521739130434783,1.0434782608695652,1.565217391304348,1.173913043478261
wareke01,Kel'el Ware,MIA,77,22.12987012987013,4.467532467532467,8.428571428571429,0.5300462249614792,0.922077922077922,1.2467532467532467,0.7395833333333334,344.0,649.0,71.0,96.0,1.1948051948051948,11.051948051948052,9.012987012987013,0.7272727272727273,0.7662337662337663,1.0909090909090908,0.8051948051948052
johnske04,Keldon Johnson,SAS,82,23.304878048780488,5.048780487804878,9.71951219512195,0.5194479297365119,1.8780487804878048,2.3658536585365852,0.7938144329896907,414.0,797.0,154.0,194.0,1.2073170731707317,13.182926829268293,5.365853658536586,1.353658536585366,0.5609756097560976,0.13414634146341464,0.8536585365853658
olynyke01,Kelly Olynyk,SAS,42,8.571428571428571,1.119047619047619,2.2857142857142856,0.4895833333333333,0.6428571428571429,0.9047619047619048,0.7105263157894737,47.0,96.0,27.0,38.0,0.2857142857142857,3.1666666666666665,1.8095238095238095,1.1666666666666667,0.35714285714285715,0.07142857142857142,0.5714285714285714
oubreke01,Kelly Oubre Jr.,PHI,50,31.48,5.08,10.88,0.46691176470588236,2.22,2.9,0.7655172413793103,254.0,544.0,111.0,145.0,1.72,14.1,5.04,1.6,1.36,0.48,1.38
chandke01,Kennedy Chandler,UTA,11,32.27272727272727,5.545454545454546,12.454545454545455,0.44525547445255476,2.5454545454545454,3.909090909090909,0.6511627906976745,61.0,137.0,28.0,43.0,1.3636363636363635,15.0,3.3636363636363638,6.7272727272727275,1.0,0.18181818181818182,2.090909090909091
willike04,Kenrich Williams,OKC,56,15.267857142857142,2.5,5.285714285714286,0.47297297297297297,0.5892857142857143,0.9285714285714286,0.6346153846153846,140.0,296.0,33.0,52.0,0.8928571428571429,6.482142857142857,3.3392857142857144,1.4107142857142858,0.5535714285714286,0.08928571428571429,0.7678571428571429
caldwke01,Kentavious Caldwell-Pope,MEM,51,21.333333333333332,2.9411764705882355,7.176470588235294,0.4098360655737705,1.4313725490196079,1.5686274509803921,0.9125,150.0,366.0,73.0,80.0,1.0784313725490196,8.392156862745098,2.450980392156863,2.7254901960784315,0.8431372549019608,0.1568627450980392,1.196078431372549
elliske01,Keon Ellis,2TM,72,20.52777777777778,2.3472222222222223,5.333333333333333,0.4401041666666667,0.7083333333333334,0.9722222222222222,0.7285714285714285,169.0,384.0,51.0,70.0,1.2638888888888888,6.666666666666667,1.875,1.0,1.1527777777777777,0.6388888888888888,0.5694444444444444
johnske10,Keshad Johnson,MIA,32,8.75,1.59375,3.25,0.49038461538461536,0.65625,0.90625,0.7241379310344828,51.0,104.0,21.0,29.0,0.40625,4.25,1.9375,0.25,0.46875,0.25,0.40625
gilbeke01,Keshon Gilbert,2TM,4,18.5,1.25,3.0,0.4166666666666667,1.75,1.75,1.0,5.0,12.0,7.0,7.0,0.0,4.25,1.25,3.0,0.75,1.0,2.0
duranke01,Kevin Durant,HOU,78,36.41025641025641,9.179487179487179,17.641025641025642,0.5203488372093024,5.230769230769231,5.987179487179487,0.8736616702355461,716.0,1376.0,408.0,467.0,2.3846153846153846,25.974358974358974,5.461538461538462,4.769230769230769,0.7948717948717948,0.9102564102564102,3.1538461538461537
huertke01,Kevin Huerter,2TM,69,22.44927536231884,3.898550724637681,8.63768115942029,0.4513422818791946,0.7971014492753623,1.0289855072463767,0.7746478873239436,269.0,596.0,55.0,71.0,1.4492753623188406,10.043478260869565,3.4782608695652173,2.579710144927536,0.9130434782608695,0.4782608695652174,1.0434782608695652
loveke01,Kevin Love,UTA,37,16.56756756756757,2.135135135135135,5.378378378378378,0.3969849246231156,1.0,1.1891891891891893,0.8409090909090909,79.0,199.0,37.0,44.0,1.4324324324324325,6.702702702702703,5.8108108108108105,1.8108108108108107,0.3783783783783784,0.24324324324324326,0.8108108108108109
mcculke01,Kevin McCullar Jr.,NYK,21,7.380952380952381,0.9523809523809523,2.238095238095238,0.425531914893617,0.09523809523809523,0.23809523809523808,0.4,20.0,47.0,2.0,5.0,0.38095238095238093,2.380952380952381,1.3333333333333333,0.9523809523809523,0.42857142857142855,0.0,0.5714285714285714
porteke02,Kevin Porter Jr.,MIL,38,33.18421052631579,6.2894736842105265,13.526315789473685,0.4649805447470817,3.6052631578947367,4.105263157894737,0.8782051282051282,239.0,514.0,137.0,156.0,1.2105263157894737,17.394736842105264,5.2105263157894735,7.368421052631579,2.1842105263157894,0.5,2.8947368421052633
looneke01,Kevon Looney,NOP,21,14.666666666666666,1.1904761904761905,2.857142857142857,0.4166666666666667,0.3333333333333333,0.47619047619047616,0.7,25.0,60.0,7.0,10.0,0.09523809523809523,2.8095238095238093,5.619047619047619,1.619047619047619,0.42857142857142855,0.47619047619047616,0.42857142857142855
georgke01,Keyonte George,UTA,54,33.074074074074076,7.444444444444445,16.314814814814813,0.45629965947786605,6.2407407407407405,7.0,0.8915343915343915,402.0,881.0,337.0,378.0,2.4814814814814814,23.61111111111111,3.685185185185185,6.148148148148148,1.0740740740740742,0.25925925925925924,3.074074074074074
maluakh01,Khaman Maluach,PHO,46,8.934782608695652,1.2173913043478262,2.282608695652174,0.5333333333333333,0.4782608695652174,0.6739130434782609,0.7096774193548387,56.0,105.0,22.0,31.0,0.10869565217391304,3.0217391304347827,2.891304347826087,0.13043478260869565,0.10869565217391304,0.717391304347826,0.5434782608695652
middlkh01,Khris Middleton,2TM,63,22.841269841269842,3.6031746031746033,8.571428571428571,0.4203703703703704,1.8888888888888888,2.1587301587301586,0.875,227.0,540.0,119.0,136.0,1.0634920634920635,10.158730158730158,3.6666666666666665,2.7936507936507935,0.6507936507936508,0.14285714285714285,1.7142857142857142
hayeski01,Killian Hayes,SAC,23,17.652173913043477,1.826086956521739,6.0,0.30434782608695654,1.1304347826086956,1.2173913043478262,0.9285714285714286,42.0,138.0,26.0,28.0,0.7391304347826086,5.521739130434782,2.347826086956522,3.5217391304347827,0.9130434782608695,0.17391304347826086,1.2173913043478262
thompkl01,Klay Thompson,DAL,69,21.695652173913043,4.144927536231884,10.55072463768116,0.39285714285714285,0.5217391304347826,0.6811594202898551,0.7659574468085106,286.0,728.0,36.0,47.0,2.927536231884058,11.73913043478261,2.072463768115942,1.391304347826087,0.4782608695652174,0.3188405797101449,0.9130434782608695
brownko01,Kobe Brown,2TM,61,15.78688524590164,2.081967213114754,4.442622950819672,0.46863468634686345,0.7704918032786885,0.9672131147540983,0.7966101694915254,127.0,271.0,47.0,59.0,0.8524590163934426,5.786885245901639,3.0327868852459017,1.3114754098360655,0.3770491803278688,0.19672131147540983,0.8688524590163934
bufkiko01,Kobe Bufkin,LAL,16,7.4375,0.9375,3.125,0.3,0.6875,0.75,0.9166666666666666,15.0,50.0,11.0,12.0,0.3125,2.875,0.8125,0.625,0.125,0.1875,0.3125
sandeko01,Kobe Sanders,LAC,68,19.86764705882353,2.6323529411764706,5.647058823529412,0.4661458333333333,0.8382352941176471,1.0147058823529411,0.8260869565217391,179.0,384.0,57.0,69.0,1.1764705882352942,7.279411764705882,2.25,1.6029411764705883,0.7205882352941176,0.14705882352941177,1.1911764705882353
breako01,Koby Brea,PHO,12,7.0,1.25,3.0,0.4166666666666667,0.16666666666666666,0.16666666666666666,1.0,15.0,36.0,2.0,2.0,1.0833333333333333,3.75,0.6666666666666666,0.8333333333333334,0.08333333333333333,0.0,0.3333333333333333
knuepko01,Kon Knueppel,CHO,81,31.493827160493826,6.3580246913580245,13.382716049382717,0.47509225092250923,2.4074074074074074,2.7901234567901234,0.8628318584070797,515.0,1084.0,195.0,226.0,3.3703703703703702,18.493827160493826,5.333333333333333,3.382716049382716,0.7037037037037037,0.2345679012345679,1.9876543209876543
dunnkr01,Kris Dunn,LAC,82,27.195121951219512,2.768292682926829,5.817073170731708,0.4758909853249476,0.7560975609756098,0.9878048780487805,0.7654320987654321,227.0,477.0,62.0,81.0,0.975609756097561,7.2682926829268295,3.3048780487804876,3.597560975609756,1.5975609756097562,0.17073170731707318,1.353658536585366
murrakr01,Kris Murray,POR,57,23.385964912280702,2.263157894736842,4.842105263157895,0.4673913043478261,0.6842105263157895,1.0,0.6842105263157895,129.0,276.0,39.0,57.0,0.5964912280701754,5.807017543859649,3.6140350877192984,1.4210526315789473,0.8947368421052632,0.38596491228070173,0.8245614035087719
porzikr01,Kristaps Porziņģis,2TM,32,24.03125,5.40625,12.125,0.44587628865979384,4.15625,4.9375,0.8417721518987342,173.0,388.0,133.0,158.0,1.6875,16.65625,5.21875,2.53125,0.5625,1.1875,1.28125
anderky01,Kyle Anderson,3TM,43,19.837209302325583,2.488372093023256,4.6976744186046515,0.5297029702970297,1.1162790697674418,1.5813953488372092,0.7058823529411765,107.0,202.0,48.0,68.0,0.09302325581395349,6.186046511627907,3.488372093023256,2.9302325581395348,1.0465116279069768,0.6046511627906976,0.9069767441860465
filipky01,Kyle Filipowski,UTA,77,23.38961038961039,4.194805194805195,8.532467532467532,0.4916286149162861,2.064935064935065,2.7532467532467533,0.75,323.0,657.0,159.0,212.0,0.961038961038961,11.415584415584416,7.1688311688311686,2.5714285714285716,0.948051948051948,0.5064935064935064,1.6233766233766234
kuzmaky01,Kyle Kuzma,MIL,69,26.17391304347826,4.913043478260869,9.985507246376812,0.49201741654571846,1.9565217391304348,2.6956521739130435,0.7258064516129032,339.0,689.0,135.0,186.0,1.2028985507246377,12.985507246376812,4.536231884057971,2.6666666666666665,0.6666666666666666,0.4057971014492754,1.7246376811594204
lowryky01,Kyle Lowry,PHI,14,8.428571428571429,0.2857142857142857,1.7857142857142858,0.16,0.35714285714285715,0.42857142857142855,0.8333333333333334,4.0,25.0,5.0,6.0,0.2857142857142857,1.2142857142857142,0.6428571428571429,0.7857142857142857,0.14285714285714285,0.14285714285714285,0.2857142857142857
georgky01,Kyshawn George,WAS,48,28.979166666666668,5.270833333333333,12.020833333333334,0.43847487001733104,2.1875,2.7291666666666665,0.8015267175572519,253.0,577.0,105.0,131.0,2.0625,14.791666666666666,5.104166666666667,4.458333333333333,1.0,0.8958333333333334,2.6041666666666665
cryerlj01,LJ Cryer,GSW,18,16.22222222222222,2.611111111111111,6.5,0.4017094017094017,0.9444444444444444,1.0555555555555556,0.8947368421052632,47.0,117.0,17.0,19.0,2.0555555555555554,8.222222222222221,1.5555555555555556,1.0,0.16666666666666666,0.0,0.7777777777777778
ballla01,LaMelo Ball,CHO,72,28.01388888888889,7.027777777777778,17.27777777777778,0.4067524115755627,2.236111111111111,2.486111111111111,0.8994413407821229,506.0,1244.0,161.0,179.0,3.7777777777777777,20.069444444444443,4.819444444444445,7.138888888888889,1.2083333333333333,0.2361111111111111,2.8055555555555554
olbrila01,Lachlan Olbrich,CHI,37,9.297297297297296,0.972972972972973,2.081081081081081,0.4675324675324675,0.40540540540540543,1.0810810810810811,0.375,36.0,77.0,15.0,40.0,0.05405405405405406,2.4054054054054053,3.027027027027027,1.135135135135135,0.32432432432432434,0.21621621621621623,0.43243243243243246
shamela01,Landry Shamet,NYK,51,22.96078431372549,3.1176470588235294,7.137254901960785,0.4368131868131868,1.0588235294117647,1.4901960784313726,0.7105263157894737,159.0,364.0,54.0,76.0,2.019607843137255,9.313725490196079,1.803921568627451,1.411764705882353,0.6078431372549019,0.17647058823529413,0.5882352941176471
nancela02,Larry Nance Jr.,CLE,35,12.82857142857143,1.4857142857142858,3.5428571428571427,0.41935483870967744,0.17142857142857143,0.37142857142857144,0.46153846153846156,52.0,124.0,6.0,13.0,0.6,3.742857142857143,2.657142857142857,0.9714285714285714,0.6,0.17142857142857143,0.5714285714285714
markkla01,Lauri Markkanen,UTA,42,34.357142857142854,9.142857142857142,19.166666666666668,0.47701863354037266,5.714285714285714,6.380952380952381,0.8955223880597015,384.0,805.0,240.0,268.0,2.738095238095238,26.738095238095237,6.880952380952381,2.119047619047619,1.0,0.5,1.5
loverla01,Lawson Lovering,MEM,2,24.5,3.0,5.0,0.6,1.0,2.5,0.4,6.0,10.0,2.0,5.0,0.0,7.0,7.5,1.5,1.5,0.5,1.0
jamesle01,LeBron James,LAL,60,33.15,7.883333333333334,15.316666666666666,0.514689880304679,3.8833333333333333,5.266666666666667,0.7373417721518988,473.0,919.0,233.0,316.0,1.2833333333333334,20.933333333333334,6.066666666666666,7.2,1.2,0.5833333333333334,2.9833333333333334
blackle01,Leaky Black,WAS,15,28.866666666666667,2.6666666666666665,6.866666666666666,0.3883495145631068,0.4666666666666667,0.5333333333333333,0.875,40.0,103.0,7.0,8.0,1.2666666666666666,7.066666666666666,5.0,1.4666666666666666,1.2,0.5333333333333333,0.9333333333333333
millele01,Leonard Miller,2TM,46,15.630434782608695,3.152173913043478,5.695652173913044,0.5534351145038168,0.8478260869565217,1.1521739130434783,0.7358490566037735,145.0,262.0,39.0,53.0,0.6956521739130435,7.8478260869565215,3.9347826086956523,0.8695652173913043,0.3695652173913043,0.32608695652173914,0.782608695652174
mcneeli01,Liam McNeeley,CHO,31,11.870967741935484,1.2258064516129032,3.064516129032258,0.4,1.032258064516129,1.2580645161290323,0.8205128205128205,38.0,95.0,32.0,39.0,0.7741935483870968,4.258064516129032,2.3548387096774195,0.7741935483870968,0.16129032258064516,0.0967741935483871,0.41935483870967744
waterli01,Lindy Waters III,SAS,40,7.125,0.825,2.2,0.375,0.05,0.075,0.6666666666666666,33.0,88.0,2.0,3.0,0.675,2.375,0.725,0.475,0.15,0.025,0.175
balllo01,Lonzo Ball,CLE,35,20.8,1.5142857142857142,5.0285714285714285,0.30113636363636365,0.4,0.6,0.6666666666666666,53.0,176.0,14.0,21.0,1.1428571428571428,4.571428571428571,4.0,3.8857142857142857,1.2857142857142858,0.2571428571428571,1.4857142857142858
willilu01,Lucas Williamson,MEM,7,32.0,3.5714285714285716,10.714285714285714,0.3333333333333333,1.1428571428571428,1.1428571428571428,1.0,25.0,75.0,8.0,8.0,2.142857142857143,10.428571428571429,5.428571428571429,2.5714285714285716,1.5714285714285714,0.14285714285714285,1.4285714285714286
dortlu01,Luguentz Dort,OKC,69,26.797101449275363,2.927536231884058,7.594202898550725,0.38549618320610685,0.6376811594202898,0.8405797101449275,0.7586206896551724,202.0,524.0,44.0,58.0,1.855072463768116,8.347826086956522,3.550724637681159,1.2318840579710144,0.8985507246376812,0.391304347826087,0.782608695652174
doncilu01,Luka Dončić,LAL,64,35.765625,10.828125,22.765625,0.4756348661633493,7.859375,10.078125,0.7798449612403101,693.0,1457.0,503.0,645.0,3.96875,33.484375,7.734375,8.28125,1.640625,0.53125,3.984375
garzalu01,Luka Garza,BOS,69,16.202898550724637,2.9855072463768115,5.173913043478261,0.5770308123249299,1.3043478260869565,1.6956521739130435,0.7692307692307693,206.0,357.0,90.0,117.0,0.7971014492753623,8.072463768115941,4.072463768115942,0.9565217391304348,0.391304347826087,0.4057971014492754,0.6666666666666666
kennalu01,Luke Kennard,2TM,78,21.55128205128205,3.0256410256410255,5.67948717948718,0.5327313769751693,0.8076923076923077,0.8846153846153846,0.9130434782608695,236.0,443.0,63.0,69.0,1.5,8.35897435897436,2.3333333333333335,2.230769230769231,0.7051282051282052,0.10256410256410256,0.7692307692307693
kornelu01,Luke Kornet,SAS,68,21.029411764705884,2.573529411764706,4.0,0.6433823529411765,1.3823529411764706,1.6764705882352942,0.8245614035087719,175.0,272.0,94.0,114.0,0.0,6.529411764705882,6.088235294117647,1.8529411764705883,0.47058823529411764,0.9558823529411765,0.4117647058823529
travelu01,Luke Travers,CLE,12,8.583333333333334,0.75,3.0,0.25,0.75,0.75,1.0,9.0,36.0,9.0,9.0,0.08333333333333333,2.3333333333333335,2.0,0.75,0.5833333333333334,0.3333333333333333,0.25
mccluma01,Mac McClung,2TM,11,12.272727272727273,2.090909090909091,5.363636363636363,0.3898305084745763,1.2727272727272727,1.6363636363636365,0.7777777777777778,23.0,59.0,14.0,18.0,0.6363636363636364,6.090909090909091,0.9090909090909091,0.9090909090909091,1.0,0.2727272727272727,0.8181818181818182
smithma02,Malachi Smith,BRK,15,23.933333333333334,3.2,6.6,0.48484848484848486,0.5333333333333333,0.5333333333333333,1.0,48.0,99.0,8.0,8.0,1.3333333333333333,8.266666666666667,3.4,3.2666666666666666,0.8,0.26666666666666666,0.9333333333333333
branhma01,Malaki Branham,WAS,28,9.821428571428571,1.5357142857142858,3.25,0.4725274725274725,1.0,1.2142857142857142,0.8235294117647058,43.0,91.0,28.0,34.0,0.5,4.571428571428571,1.5714285714285714,0.8214285714285714,0.35714285714285715,0.10714285714285714,0.5357142857142857
leonsma01,Malevy Leons,GSW,25,11.04,1.28,2.88,0.4444444444444444,0.6,0.76,0.7894736842105263,32.0,72.0,15.0,19.0,0.16,3.32,2.12,0.92,0.56,0.36,0.52
monkma01,Malik Monk,SAC,62,22.0,4.467741935483871,10.193548387096774,0.43829113924050633,1.5161290322580645,1.7258064516129032,0.8785046728971962,277.0,632.0,94.0,107.0,2.0,12.451612903225806,1.8870967741935485,2.9838709677419355,0.5967741935483871,0.3870967741935484,1.467741935483871
beaucma01,MarJon Beauchamp,PHI,14,14.0,2.357142857142857,5.428571428571429,0.4342105263157895,0.9285714285714286,1.3571428571428572,0.6842105263157895,33.0,76.0,13.0,19.0,1.1428571428571428,6.785714285714286,2.2857142857142856,1.0714285714285714,0.6428571428571429,0.2857142857142857,0.9285714285714286
sassema01,Marcus Sasser,DET,38,12.026315789473685,1.8157894736842106,4.657894736842105,0.3898305084745763,0.39473684210526316,0.47368421052631576,0.8333333333333334,69.0,177.0,15.0,18.0,1.1578947368421053,5.184210526315789,1.0263157894736843,1.9736842105263157,0.5263157894736842,0.10526315789473684,0.8157894736842105
smartma01,Marcus Smart,LAL,62,28.532258064516128,3.032258064516129,7.67741935483871,0.3949579831932773,1.7096774193548387,2.0806451612903225,0.8217054263565892,188.0,476.0,106.0,129.0,1.564516129032258,9.338709677419354,2.774193548387097,2.9838709677419355,1.403225806451613,0.3709677419354839,1.4838709677419355
searsma01,Mark Sears,MIL,7,3.7142857142857144,0.8571428571428571,1.8571428571428572,0.46153846153846156,0.8571428571428571,1.1428571428571428,0.75,6.0,13.0,6.0,8.0,0.5714285714285714,3.142857142857143,0.2857142857142857,0.2857142857142857,0.0,0.0,0.5714285714285714
willima07,Mark Williams,PHO,60,23.6,4.7,7.3,0.6438356164383562,2.25,2.9166666666666665,0.7714285714285715,282.0,438.0,135.0,175.0,0.016666666666666666,11.666666666666666,7.95,0.9666666666666667,0.9166666666666666,0.9166666666666666,1.0833333333333333
fultzma01,Markelle Fultz,TOR,5,7.2,0.4,2.2,0.18181818181818182,0.0,0.0,0.0,2.0,11.0,0.0,0.0,0.0,0.8,0.2,1.6,0.4,0.0,0.8
baglema01,Marvin Bagley III,2TM,60,20.016666666666666,4.233333333333333,6.85,0.6180048661800487,1.5833333333333333,2.4,0.6597222222222222,254.0,411.0,95.0,144.0,0.4,10.45,6.1,1.4166666666666667,0.4666666666666667,0.7166666666666667,1.0166666666666666
plumlma01,Mason Plumlee,2TM,20,8.6,0.55,0.7,0.7857142857142857,0.45,0.7,0.6428571428571429,11.0,14.0,9.0,14.0,0.0,1.55,2.65,1.0,0.5,0.0,0.6
buzelma01,Matas Buzelis,CHI,77,29.194805194805195,5.792207792207792,12.506493506493506,0.46313603322949115,2.4285714285714284,3.090909090909091,0.7857142857142857,446.0,963.0,187.0,238.0,2.2467532467532467,16.25974025974026,5.818181818181818,2.051948051948052,0.7142857142857143,1.5064935064935066,2.064935064935065
thybuma01,Matisse Thybulle,POR,30,16.0,1.9333333333333333,4.466666666666667,0.43283582089552236,0.7,0.8333333333333334,0.84,58.0,134.0,21.0,25.0,1.2333333333333334,5.8,1.9666666666666666,0.9,2.0,0.5333333333333333,0.9333333333333333
chrisma02,Max Christie,DAL,77,29.142857142857142,4.1558441558441555,9.415584415584416,0.4413793103448276,1.6233766233766234,1.8051948051948052,0.8992805755395683,320.0,725.0,125.0,139.0,2.3376623376623376,12.272727272727273,3.2337662337662336,1.9610389610389611,0.6103896103896104,0.35064935064935066,1.2467532467532467
shulgma01,Max Shulga,BOS,11,3.272727272727273,0.18181818181818182,0.7272727272727273,0.25,0.18181818181818182,0.18181818181818182,1.0,2.0,8.0,2.0,2.0,0.09090909090909091,0.6363636363636364,0.5454545454545454,0.18181818181818182,0.09090909090909091,0.0,0.2727272727272727
strusma01,Max Strus,CLE,12,24.0,3.9166666666666665,8.833333333333334,0.44339622641509435,0.5833333333333334,0.75,0.7777777777777778,47.0,106.0,7.0,9.0,2.75,11.166666666666666,5.416666666666667,2.0,0.25,0.0,0.75
klebima01,Maxi Kleber,LAL,43,10.720930232558139,0.7674418604651163,1.697674418604651,0.4520547945205479,0.32558139534883723,0.6046511627906976,0.5384615384615384,33.0,73.0,14.0,26.0,0.13953488372093023,2.0,1.9534883720930232,0.627906976744186,0.4186046511627907,0.2558139534883721,0.3953488372093023
raynama01,Maxime Raynaud,SAC,74,26.54054054054054,5.175675675675675,9.067567567567568,0.5707898658718331,1.7837837837837838,2.27027027027027,0.7857142857142857,383.0,671.0,132.0,168.0,0.32432432432432434,12.45945945945946,7.513513513513513,1.3513513513513513,0.5135135135135135,0.527027027027027,1.2702702702702702
peavymi01,Micah Peavy,NOP,61,14.967213114754099,1.7377049180327868,4.508196721311475,0.38545454545454544,0.36065573770491804,0.47540983606557374,0.7586206896551724,106.0,275.0,22.0,29.0,0.45901639344262296,4.295081967213115,1.9180327868852458,1.0,0.7049180327868853,0.14754098360655737,0.32786885245901637
pottemi01,Micah Potter,IND,47,19.319148936170212,3.2127659574468086,6.23404255319149,0.515358361774744,1.8085106382978724,2.148936170212766,0.8415841584158416,151.0,293.0,85.0,101.0,1.5106382978723405,9.74468085106383,4.957446808510638,1.4680851063829787,0.46808510638297873,0.3191489361702128,1.0
portemi01,Michael Porter Jr.,BRK,52,32.48076923076923,8.538461538461538,18.423076923076923,0.46346555323590816,3.75,4.365384615384615,0.8590308370044053,444.0,958.0,195.0,227.0,3.3846153846153846,24.21153846153846,7.0576923076923075,3.0384615384615383,1.0576923076923077,0.25,2.3461538461538463
bridgmi01,Mikal Bridges,NYK,82,32.829268292682926,5.7560975609756095,11.74390243902439,0.490134994807892,0.9878048780487805,1.1951219512195121,0.826530612244898,472.0,963.0,81.0,98.0,1.9024390243902438,14.402439024390244,3.8048780487804876,3.707317073170732,1.3048780487804879,0.7560975609756098,1.0121951219512195
conlemi01,Mike Conley,MIN,54,18.35185185185185,1.3333333333333333,3.9814814814814814,0.33488372093023255,0.8333333333333334,0.9259259259259259,0.9,72.0,215.0,45.0,50.0,1.037037037037037,4.537037037037037,1.7222222222222223,2.9074074074074074,0.6481481481481481,0.25925925925925924,0.6296296296296297
bridgmi02,Miles Bridges,CHO,77,31.0,6.220779220779221,13.532467532467532,0.4596928982725528,2.7012987012987013,3.2857142857142856,0.8221343873517787,479.0,1042.0,208.0,253.0,1.922077922077922,17.064935064935064,5.8441558441558445,3.1948051948051948,0.5974025974025974,0.44155844155844154,1.3896103896103895
kellymi02,Miles Kelly,DAL,14,9.571428571428571,1.1428571428571428,3.142857142857143,0.36363636363636365,0.07142857142857142,0.07142857142857142,1.0,16.0,44.0,1.0,1.0,0.7142857142857143,3.0714285714285716,1.7142857142857142,0.8571428571428571,0.2857142857142857,0.07142857142857142,0.42857142857142855
mcbrimi01,Miles McBride,NYK,41,26.341463414634145,4.170731707317073,9.853658536585366,0.42326732673267325,0.9024390243902439,1.146341463414634,0.7872340425531915,171.0,404.0,37.0,47.0,2.731707317073171,11.975609756097562,2.4390243902439024,2.5853658536585367,0.8536585365853658,0.21951219512195122,0.8048780487804879
robinmi01,Mitchell Robinson,NYK,60,19.583333333333332,2.4833333333333334,3.433333333333333,0.7233009708737864,0.7,1.7166666666666666,0.4077669902912621,149.0,206.0,42.0,103.0,0.0,5.666666666666667,8.75,0.8666666666666667,0.9333333333333333,1.1666666666666667,0.6833333333333333
bambamo01,Mo Bamba,2TM,4,11.0,1.25,2.75,0.45454545454545453,0.0,0.0,0.0,5.0,11.0,0.0,0.0,0.0,2.5,5.5,0.25,0.0,0.75,0.5
diawamo01,Mohamed Diawara,NYK,69,9.18840579710145,1.3043478260869565,3.0869565217391304,0.4225352112676056,0.2608695652173913,0.34782608695652173,0.75,90.0,213.0,18.0,24.0,0.6956521739130435,3.5652173913043477,1.3623188405797102,0.7681159420289855,0.2463768115942029,0.08695652173913043,0.43478260869565216
morrimo01,Monte Morris,IND,6,10.833333333333334,1.1666666666666667,3.3333333333333335,0.35,0.3333333333333333,0.6666666666666666,0.5,7.0,20.0,2.0,4.0,0.3333333333333333,3.0,1.1666666666666667,1.5,0.16666666666666666,0.16666666666666666,0.3333333333333333
wagnemo01,Moritz Wagner,ORL,36,11.86111111111111,2.3055555555555554,5.416666666666667,0.4256410256410256,1.6388888888888888,2.0,0.8194444444444444,83.0,195.0,59.0,72.0,0.6111111111111112,6.861111111111111,3.1944444444444446,0.75,0.4166666666666667,0.05555555555555555,0.5277777777777778
moodymo01,Moses Moody,GSW,60,25.666666666666668,4.083333333333333,9.283333333333333,0.4398563734290844,1.45,1.8833333333333333,0.7699115044247787,245.0,557.0,87.0,113.0,2.5166666666666666,12.133333333333333,3.3333333333333335,1.6333333333333333,0.9666666666666667,0.5666666666666667,0.95
gueyemo01,Mouhamadou Gueye,CHI,2,22.5,3.0,5.5,0.5454545454545454,1.5,2.0,0.75,6.0,11.0,3.0,4.0,0.5,8.0,3.0,3.0,1.0,0.5,1.5
gueyemo02,Mouhamed Gueye,ATL,77,15.311688311688311,1.7012987012987013,3.7662337662337664,0.4517241379310345,0.5194805194805194,0.8051948051948052,0.6451612903225806,131.0,290.0,40.0,62.0,0.5194805194805194,4.441558441558442,3.5714285714285716,0.8961038961038961,0.7922077922077922,0.5064935064935064,0.42857142857142855
cissemo01,Moussa Cisse,DAL,38,13.947368421052632,1.736842105263158,3.026315789473684,0.5739130434782609,1.0,2.1315789473684212,0.4691358024691358,66.0,115.0,38.0,81.0,0.0,4.473684210526316,5.684210526315789,0.23684210526315788,0.5,1.1842105263157894,0.7894736842105263
diabamo01,Moussa Diabaté,CHO,73,26.013698630136986,3.136986301369863,4.972602739726027,0.6308539944903582,1.5890410958904109,2.410958904109589,0.6590909090909091,229.0,363.0,116.0,176.0,0.0136986301369863,7.876712328767123,8.698630136986301,1.9315068493150684,0.7671232876712328,0.9863013698630136,1.0
turnemy01,Myles Turner,MIL,71,26.929577464788732,4.0,9.098591549295774,0.43962848297213625,1.8450704225352113,2.492957746478873,0.7401129943502824,284.0,646.0,131.0,177.0,2.0704225352112675,11.915492957746478,5.323943661971831,1.4507042253521127,0.704225352112676,1.619718309859155,1.1690140845070423
gardnmy01,Myron Gardner,MIA,45,9.133333333333333,1.3111111111111111,2.7333333333333334,0.4796747967479675,0.4222222222222222,0.5777777777777777,0.7307692307692307,59.0,123.0,19.0,26.0,0.5777777777777777,3.6222222222222222,2.7111111111111112,0.9777777777777777,0.4444444444444444,0.17777777777777778,0.37777777777777777
nfalyda01,N'Faly Dante,ATL,4,3.75,0.25,1.0,0.25,0.25,0.25,1.0,1.0,4.0,1.0,1.0,0.0,0.75,1.75,0.0,0.5,0.0,0.25
tomlina01,Nae'Qwan Tomlin,CLE,64,15.6875,2.34375,4.90625,0.47770700636942676,0.734375,0.953125,0.7704918032786885,150.0,314.0,47.0,61.0,0.421875,5.84375,2.90625,0.828125,0.640625,0.53125,0.453125
marshna01,Naji Marshall,DAL,74,29.513513513513512,5.662162162162162,11.094594594594595,0.510353227771011,3.081081081081081,4.054054054054054,0.76,419.0,821.0,228.0,300.0,0.8378378378378378,15.243243243243244,4.702702702702703,3.2567567567567566,1.1081081081081081,0.08108108108108109,1.6081081081081081
willije02,Nate Williams,GSW,14,17.071428571428573,3.0714285714285716,6.285714285714286,0.48863636363636365,0.9285714285714286,1.0714285714285714,0.8666666666666667,43.0,88.0,13.0,15.0,0.9285714285714286,8.0,2.142857142857143,1.0,0.35714285714285715,0.0,1.0714285714285714
reidna01,Naz Reid,MIN,77,26.064935064935064,5.1558441558441555,11.311688311688311,0.45579793340987373,1.1688311688311688,1.5974025974025974,0.7317073170731707,397.0,871.0,90.0,123.0,2.103896103896104,13.584415584415584,6.194805194805195,2.207792207792208,0.987012987012987,1.0129870129870129,1.6363636363636365
quetane01,Neemias Queta,BOS,76,25.342105263157894,4.2894736842105265,6.565789473684211,0.6533066132264529,1.618421052631579,2.3026315789473686,0.7028571428571428,326.0,499.0,123.0,175.0,0.013157894736842105,10.210526315789474,8.368421052631579,1.6578947368421053,0.7894736842105263,1.3157894736842106,0.9868421052631579
claxtni01,Nic Claxton,BRK,69,27.82608695652174,4.826086956521739,8.44927536231884,0.5711835334476844,2.0434782608695654,3.318840579710145,0.6157205240174672,333.0,583.0,141.0,229.0,0.043478260869565216,11.73913043478261,6.927536231884058,3.6666666666666665,0.6521739130434783,1.1159420289855073,1.391304347826087
richani01,Nick Richards,2TM,48,14.604166666666666,2.1458333333333335,4.1875,0.5124378109452736,1.3541666666666667,2.1041666666666665,0.6435643564356436,103.0,201.0,65.0,101.0,0.10416666666666667,5.75,5.0625,0.3333333333333333,0.20833333333333334,0.6666666666666666,1.2291666666666667
smithni01,Nick Smith Jr.,LAL,30,12.5,2.3333333333333335,5.366666666666666,0.43478260869565216,0.36666666666666664,0.5,0.7333333333333333,70.0,161.0,11.0,15.0,1.1333333333333333,6.166666666666667,0.7666666666666667,1.0333333333333334,0.3,0.06666666666666667,0.7
alexani01,Nickeil Alexander-Walker,ATL,78,33.37179487179487,7.0256410256410255,15.320512820512821,0.4585774058577406,3.551282051282051,3.9358974358974357,0.9022801302931596,548.0,1195.0,277.0,307.0,3.217948717948718,20.82051282051282,3.4358974358974357,3.6666666666666665,1.3076923076923077,0.5384615384615384,2.076923076923077
batumni01,Nicolas Batum,LAC,74,17.5,1.2972972972972974,3.2162162162162162,0.40336134453781514,0.12162162162162163,0.14864864864864866,0.8181818181818182,96.0,238.0,9.0,11.0,1.2432432432432432,3.9594594594594597,2.4864864864864864,0.8648648648648649,0.6351351351351351,0.3108108108108108,0.5
hayesni01,Nigel Hayes-Davis,PHO,27,7.222222222222222,0.5555555555555556,1.7037037037037037,0.32608695652173914,0.07407407407407407,0.14814814814814814,0.5,15.0,46.0,2.0,4.0,0.07407407407407407,1.2592592592592593,1.2222222222222223,0.25925925925925924,0.2962962962962963,0.07407407407407407,0.2962962962962963
jokicni01,Nikola Jokić,DEN,65,34.84615384615385,9.907692307692308,17.415384615384614,0.568904593639576,6.138461538461539,7.384615384615385,0.83125,644.0,1132.0,399.0,480.0,1.7230769230769232,27.676923076923078,12.861538461538462,10.723076923076922,1.4153846153846155,0.8153846153846154,3.7384615384615385
jovicni01,Nikola Jović,MIA,47,17.19148936170213,2.4468085106382977,6.680851063829787,0.3662420382165605,1.4680851063829787,2.148936170212766,0.6831683168316832,115.0,314.0,69.0,101.0,0.9574468085106383,7.319148936170213,3.25531914893617,2.1702127659574466,0.5531914893617021,0.3617021276595745,1.3829787234042554
topicni01,Nikola Topić,OKC,10,16.0,2.2,5.1,0.43137254901960786,0.2,0.5,0.4,22.0,51.0,2.0,5.0,0.6,5.2,1.9,4.4,0.5,0.0,2.5
vucevni01,Nikola Vučević,2TM,64,28.40625,6.15625,12.484375,0.493116395494368,1.203125,1.453125,0.8279569892473119,394.0,799.0,77.0,93.0,1.5625,15.078125,8.390625,3.328125,0.609375,0.640625,1.328125
cliffni01,Nique Clifford,SAC,75,25.093333333333334,3.32,7.946666666666666,0.41778523489932884,0.9333333333333333,1.2933333333333332,0.7216494845360825,249.0,596.0,70.0,97.0,1.0266666666666666,8.6,3.76,2.3866666666666667,0.9066666666666666,0.32,1.5466666666666666
essenno01,Noa Essengue,CHI,2,3.0,0.0,1.5,0.0,0.0,0.0,0.0,0.0,3.0,0.0,0.0,0.0,0.0,0.0,0.0,0.5,0.0,0.0
clownno01,Noah Clowney,BRK,66,26.96969696969697,3.787878787878788,9.56060606060606,0.39619651347068147,2.727272727272727,3.393939393939394,0.8035714285714286,250.0,631.0,180.0,224.0,1.9545454545454546,12.257575757575758,4.136363636363637,1.6363636363636365,0.7575757575757576,0.6818181818181818,1.5454545454545454
pendano01,Noah Penda,ORL,59,12.830508474576272,1.3898305084745763,3.440677966101695,0.4039408866995074,0.559322033898305,0.8135593220338984,0.6875,82.0,203.0,33.0,48.0,0.5084745762711864,3.847457627118644,3.169491525423729,1.1864406779661016,0.5084745762711864,0.3050847457627119,0.711864406779661
traorno01,Nolan Traoré,BRK,56,22.196428571428573,3.25,8.553571428571429,0.37995824634655534,1.3214285714285714,1.6785714285714286,0.7872340425531915,182.0,479.0,74.0,94.0,1.0892857142857142,8.910714285714286,1.7678571428571428,3.8035714285714284,0.8035714285714286,0.4107142857142857,2.3035714285714284
omierno01,Norchad Omier,LAC,6,4.0,1.1666666666666667,1.6666666666666667,0.7,0.5,0.5,1.0,7.0,10.0,3.0,3.0,0.0,2.8333333333333335,1.1666666666666667,0.3333333333333333,0.16666666666666666,0.0,0.0
powelno01,Norman Powell,MIA,58,29.603448275862068,7.258620689655173,15.431034482758621,0.47039106145251397,4.5344827586206895,5.482758620689655,0.8270440251572327,421.0,895.0,263.0,318.0,2.689655172413793,21.74137931034483,3.5,2.4655172413793105,1.103448275862069,0.2413793103448276,1.9137931034482758
anunoog01,OG Anunoby,NYK,67,33.19402985074627,5.8059701492537314,12.0,0.48383084577114427,2.7313432835820897,3.298507462686567,0.8280542986425339,389.0,804.0,183.0,221.0,2.343283582089552,16.686567164179106,5.2388059701492535,2.1641791044776117,1.5522388059701493,0.7164179104477612,1.835820895522388
toppiob01,Obi Toppin,IND,24,17.666666666666668,4.166666666666667,8.291666666666666,0.5025125628140703,1.75,1.9166666666666667,0.9130434782608695,100.0,199.0,42.0,46.0,1.5416666666666667,11.625,4.416666666666667,2.2916666666666665,0.5,0.041666666666666664,1.1666666666666667
agbajoc01,Ochai Agbaji,2TM,62,15.693548387096774,1.967741935483871,4.516129032258065,0.4357142857142857,0.5806451612903226,0.6935483870967742,0.8372093023255814,122.0,280.0,36.0,43.0,0.5483870967741935,5.064516129032258,2.274193548387097,0.7580645161290323,0.3870967741935484,0.27419354838709675,0.5
sarrol01,Olivier Sarr,CLE,4,9.75,1.25,1.75,0.7142857142857143,0.5,1.25,0.4,5.0,7.0,2.0,5.0,0.5,3.5,2.75,1.25,0.5,0.75,0.5
prospol01,Olivier-Maxence Prosper,MEM,53,18.566037735849058,3.6226415094339623,6.60377358490566,0.5485714285714286,1.6226415094339623,2.150943396226415,0.7543859649122807,192.0,350.0,86.0,114.0,1.1320754716981132,10.0,3.5283018867924527,0.9622641509433962,0.7547169811320755,0.24528301886792453,0.8867924528301887
yurtsom01,Omer Yurtseven,GSW,9,11.555555555555555,1.2222222222222223,2.888888888888889,0.4230769230769231,1.3333333333333333,2.0,0.6666666666666666,11.0,26.0,12.0,18.0,0.0,3.7777777777777777,3.3333333333333335,0.8888888888888888,0.2222222222222222,0.1111111111111111,1.0
okongon01,Onyeka Okongwu,ATL,74,31.04054054054054,5.581081081081081,11.621621621621621,0.48023255813953486,2.0675675675675675,2.72972972972973,0.7574257425742574,413.0,860.0,153.0,202.0,1.945945945945946,15.175675675675675,7.594594594594595,3.1216216216216215,1.1081081081081081,1.0675675675675675,1.7162162162162162
robinor01,Orlando Robinson,ORL,4,6.25,0.75,1.25,0.6,0.0,0.0,0.0,3.0,5.0,0.0,0.0,0.25,1.75,1.0,0.75,0.25,0.0,0.0
tshieos01,Oscar Tshiebwe,UTA,27,16.59259259259259,3.4074074074074074,5.37037037037037,0.6344827586206897,1.0,1.8148148148148149,0.5510204081632653,92.0,145.0,27.0,49.0,0.0,7.814814814814815,6.62962962962963,1.1851851851851851,0.5925925925925926,0.18518518518518517,0.7777777777777778
ighodos01,Oso Ighodaro,PHO,82,22.048780487804876,2.9146341463414633,4.463414634146342,0.6530054644808743,0.6463414634146342,1.4268292682926829,0.452991452991453,239.0,366.0,53.0,117.0,0.0,6.475609756097561,5.097560975609756,2.2560975609756095,0.8902439024390244,0.6951219512195121,1.2317073170731707
diengou01,Ousmane Dieng,2TM,57,19.280701754385966,2.9473684210526314,6.982456140350878,0.4221105527638191,0.5614035087719298,0.7894736842105263,0.7111111111111111,168.0,398.0,32.0,45.0,1.105263157894737,7.56140350877193,3.1578947368421053,2.3859649122807016,0.43859649122807015,0.2982456140350877,1.3157894736842106
washipj01,P.J. Washington,DAL,56,31.0,5.285714285714286,11.75,0.44984802431610943,2.232142857142857,3.25,0.6868131868131868,296.0,658.0,125.0,182.0,1.3571428571428572,14.160714285714286,7.035714285714286,1.75,0.9821428571428571,1.0714285714285714,1.6785714285714286
hallpj01,PJ Hall,2TM,19,11.263157894736842,1.5789473684210527,3.1052631578947367,0.5084745762711864,1.2105263157894737,1.5263157894736843,0.7931034482758621,30.0,59.0,23.0,29.0,0.15789473684210525,4.526315789473684,3.9473684210526314,0.5263157894736842,0.15789473684210525,0.5263157894736842,0.8421052631578947
dadiepa01,Pacôme Dadiet,NYK,29,4.689655172413793,0.5517241379310345,1.6551724137931034,0.3333333333333333,0.3103448275862069,0.3793103448275862,0.8181818181818182,16.0,48.0,9.0,11.0,0.2413793103448276,1.6551724137931034,0.9310344827586207,0.41379310344827586,0.10344827586206896,0.034482758620689655,0.10344827586206896
banchpa01,Paolo Banchero,ORL,72,34.75,7.347222222222222,16.0,0.4592013888888889,6.347222222222222,8.194444444444445,0.7745762711864407,529.0,1152.0,457.0,590.0,1.1666666666666667,22.208333333333332,8.38888888888889,5.180555555555555,0.7083333333333334,0.5555555555555556,3.0833333333333335
siakapa01,Pascal Siakam,IND,62,33.17741935483871,9.016129032258064,18.629032258064516,0.48398268398268396,4.225806451612903,6.096774193548387,0.6931216931216931,559.0,1155.0,262.0,378.0,1.6935483870967742,23.951612903225808,6.629032258064516,3.806451612903226,1.1129032258064515,0.4032258064516129,2.225806451612903
connapa01,Pat Connaughton,CHO,42,7.071428571428571,0.9047619047619048,2.0238095238095237,0.4470588235294118,0.30952380952380953,0.47619047619047616,0.65,38.0,85.0,13.0,20.0,0.5,2.619047619047619,1.4523809523809523,0.42857142857142855,0.2619047619047619,0.023809523809523808,0.2619047619047619
spencpa01,Pat Spencer,GSW,66,18.62121212121212,2.8181818181818183,6.606060606060606,0.42660550458715596,0.6666666666666666,0.8636363636363636,0.7719298245614035,186.0,436.0,44.0,57.0,0.9090909090909091,7.212121212121212,2.393939393939394,3.515151515151515,0.7272727272727273,0.07575757575757576,1.2878787878787878
baldwpa01,Patrick Baldwin Jr.,3TM,9,11.333333333333334,1.2222222222222223,3.0,0.4074074074074074,0.5555555555555556,0.7777777777777778,0.7142857142857143,11.0,27.0,5.0,7.0,0.6666666666666666,3.6666666666666665,2.5555555555555554,0.5555555555555556,0.3333333333333333,0.5555555555555556,0.5555555555555556
willipa01,Patrick Williams,CHI,72,20.47222222222222,2.4722222222222223,6.638888888888889,0.3723849372384937,0.75,1.0416666666666667,0.72,178.0,478.0,54.0,75.0,1.3194444444444444,7.013888888888889,2.986111111111111,1.4583333333333333,0.6805555555555556,0.3611111111111111,1.0416666666666667
georgpa01,Paul George,PHI,37,30.675675675675677,6.081081081081081,13.864864864864865,0.43859649122807015,2.4594594594594597,3.0,0.8198198198198198,225.0,513.0,91.0,111.0,2.7027027027027026,17.324324324324323,5.297297297297297,3.5945945945945947,1.6756756756756757,0.43243243243243246,1.7297297297297298
reedpa01,Paul Reed,DET,65,13.861538461538462,3.2153846153846155,5.2153846153846155,0.616519174041298,1.123076923076923,1.6923076923076923,0.6636363636363637,209.0,339.0,73.0,110.0,0.2,7.753846153846154,4.523076923076923,1.2307692307692308,0.8769230769230769,0.9230769230769231,0.8923076923076924
pritcpa01,Payton Pritchard,BOS,79,32.35443037974684,6.405063291139241,13.810126582278482,0.46379468377635197,1.5316455696202531,1.7215189873417722,0.8897058823529411,506.0,1091.0,121.0,136.0,2.6835443037974684,17.025316455696203,3.949367088607595,5.1645569620253164,0.7341772151898734,0.12658227848101267,1.379746835443038
sandfpa01,Payton Sandfort,OKC,4,15.75,3.25,6.5,0.5,0.5,1.0,0.5,13.0,26.0,2.0,4.0,1.75,8.75,2.5,0.0,0.25,0.0,0.25
larsspe01,Pelle Larsson,MIA,70,26.414285714285715,3.9571428571428573,7.985714285714286,0.49552772808586765,2.6285714285714286,3.3,0.7965367965367965,277.0,559.0,184.0,231.0,0.8857142857142857,11.428571428571429,3.4857142857142858,3.3714285714285714,0.7,0.22857142857142856,1.4428571428571428
nancepe01,Pete Nance,MIL,47,15.680851063829786,2.127659574468085,4.127659574468085,0.5154639175257731,0.0851063829787234,0.23404255319148937,0.36363636363636365,100.0,194.0,4.0,11.0,1.0638297872340425,5.404255319148936,2.6595744680851063,1.0212765957446808,0.2978723404255319,0.2978723404255319,0.5531914893617021
watsope01,Peyton Watson,DEN,54,29.59259259259259,5.277777777777778,10.75925925925926,0.4905335628227194,2.5555555555555554,3.5,0.7301587301587301,285.0,581.0,138.0,189.0,1.5,14.61111111111111,4.888888888888889,2.0555555555555554,0.9259259259259259,1.1296296296296295,1.7222222222222223
achiupr01,Precious Achiuwa,SAC,73,23.904109589041095,4.328767123287672,8.191780821917808,0.5284280936454849,1.0547945205479452,1.904109589041096,0.5539568345323741,316.0,598.0,77.0,139.0,0.3698630136986301,10.082191780821917,6.739726027397261,1.3835616438356164,0.8904109589041096,0.684931506849315,0.8904109589041096
grimequ01,Quentin Grimes,PHI,75,29.413333333333334,4.533333333333333,10.066666666666666,0.4503311258278146,2.6533333333333333,3.16,0.8396624472573839,340.0,755.0,199.0,237.0,1.6933333333333334,13.413333333333334,3.64,3.2533333333333334,0.8533333333333334,0.37333333333333335,1.7733333333333334
jacksqu01,Quenton Jackson,IND,49,18.306122448979593,3.142857142857143,6.6938775510204085,0.4695121951219512,2.0,2.4285714285714284,0.8235294117647058,154.0,328.0,98.0,119.0,0.8571428571428571,9.142857142857142,2.326530612244898,2.857142857142857,0.6326530612244898,0.12244897959183673,1.2653061224489797
postqu01,Quinten Post,GSW,67,17.29850746268657,2.8805970149253732,6.552238805970149,0.4396355353075171,0.5074626865671642,0.6417910447761194,0.7906976744186046,193.0,439.0,34.0,43.0,1.3880597014925373,7.656716417910448,4.014925373134329,1.4029850746268657,0.3880597014925373,0.5223880597014925,0.835820895522388
barrerj01,RJ Barrett,TOR,57,30.280701754385966,7.035087719298246,14.31578947368421,0.49142156862745096,3.508771929824561,4.894736842105263,0.7168458781362007,401.0,816.0,200.0,279.0,1.6842105263157894,19.263157894736842,5.2631578947368425,3.3157894736842106,0.7368421052631579,0.3333333333333333,1.736842105263158
flemira01,Rasheer Fleming,PHO,55,12.236363636363636,1.5818181818181818,3.909090909090909,0.4046511627906977,0.34545454545454546,0.6181818181818182,0.5588235294117647,87.0,215.0,19.0,34.0,0.8181818181818182,4.327272727272727,2.2545454545454544,0.2909090909090909,0.4,0.38181818181818183,0.5272727272727272
dennira01,RayJ Dennis,3TM,17,12.117647058823529,1.5294117647058822,4.882352941176471,0.3132530120481928,0.47058823529411764,0.5294117647058824,0.8888888888888888,26.0,83.0,8.0,9.0,0.8235294117647058,4.352941176470588,1.5294117647058822,1.9411764705882353,0.23529411764705882,0.23529411764705882,1.0
ruperra01,Rayan Rupert,2TM,64,16.75,1.921875,4.890625,0.3929712460063898,0.65625,0.84375,0.7777777777777778,123.0,313.0,42.0,54.0,0.6875,5.1875,2.9375,1.0625,0.859375,0.140625,0.859375
sheppre01,Reed Sheppard,HOU,82,26.182926829268293,4.963414634146342,11.536585365853659,0.43023255813953487,0.8414634146341463,1.048780487804878,0.8023255813953488,407.0,946.0,69.0,86.0,2.768292682926829,13.536585365853659,2.902439024390244,3.3780487804878048,1.4878048780487805,0.6585365853658537,1.5
minixri01,Riley Minix,2TM,9,6.444444444444445,1.5555555555555556,2.5555555555555554,0.6086956521739131,0.3333333333333333,0.3333333333333333,1.0,14.0,23.0,3.0,3.0,0.4444444444444444,3.888888888888889,0.6666666666666666,0.5555555555555556,0.2222222222222222,0.1111111111111111,0.3333333333333333
dilliro01,Rob Dillingham,2TM,65,14.923076923076923,2.5076923076923077,6.338461538461538,0.39563106796116504,0.6307692307692307,0.8461538461538461,0.7454545454545455,163.0,412.0,41.0,55.0,0.6461538461538462,6.292307692307692,2.0153846153846153,2.2,0.7230769230769231,0.09230769230769231,1.5384615384615385
williro04,Robert Williams,POR,59,17.084745762711865,3.0,4.237288135593221,0.708,0.576271186440678,0.9661016949152542,0.5964912280701754,177.0,250.0,34.0,57.0,0.15254237288135594,6.728813559322034,7.033898305084746,1.0169491525423728,0.5932203389830508,1.4745762711864407,0.8305084745762712
zikarro01,Rocco Zikarsky,MIN,5,7.2,1.0,1.6,0.625,0.8,0.8,1.0,5.0,8.0,4.0,4.0,0.0,2.8,2.8,0.4,0.0,1.0,0.2
harpero02,Ron Harper Jr.,BOS,29,10.96551724137931,1.5862068965517242,3.793103448275862,0.41818181818181815,0.10344827586206896,0.13793103448275862,0.75,46.0,110.0,3.0,4.0,0.9655172413793104,4.241379310344827,1.6551724137931034,0.7586206896551724,0.3448275862068966,0.3103448275862069,0.27586206896551724
hollaro01,Ron Holland,DET,78,19.884615384615383,3.0128205128205128,6.9743589743589745,0.4319852941176471,1.5384615384615385,1.9102564102564104,0.8053691275167785,235.0,544.0,120.0,149.0,0.6410256410256411,8.205128205128204,4.038461538461538,1.2179487179487178,1.1794871794871795,0.34615384615384615,1.2307692307692308
onealro01,Royce O'Neale,PHO,78,28.371794871794872,3.371794871794872,8.012820512820513,0.4208,0.34615384615384615,0.48717948717948717,0.7105263157894737,263.0,625.0,27.0,38.0,2.717948717948718,9.807692307692308,4.769230769230769,2.6666666666666665,1.0769230769230769,0.41025641025641024,1.3205128205128205
goberru01,Rudy Gobert,MIN,76,31.31578947368421,4.407894736842105,6.4605263157894735,0.6822810590631364,2.0921052631578947,3.973684210526316,0.5264900662251656,335.0,491.0,159.0,302.0,0.0,10.907894736842104,11.473684210526315,1.6842105263157894,0.7631578947368421,1.631578947368421,1.394736842105263
hachiru01,Rui Hachimura,LAL,68,28.33823529411765,4.514705882352941,8.779411764705882,0.5142378559463987,0.7352941176470589,1.0588235294117647,0.6944444444444444,307.0,597.0,50.0,72.0,1.7058823529411764,11.470588235294118,3.323529411764706,0.8382352941176471,0.5735294117647058,0.3088235294117647,0.6176470588235294
westbru01,Russell Westbrook,SAC,64,28.953125,5.59375,13.109375,0.4266984505363528,1.984375,2.859375,0.6939890710382514,358.0,839.0,127.0,183.0,2.0,15.171875,5.4375,6.65625,1.296875,0.1875,3.265625
dunnry01,Ryan Dunn,PHO,70,19.357142857142858,2.342857142857143,5.171428571428572,0.4530386740331492,0.32857142857142857,0.6714285714285714,0.48936170212765956,164.0,362.0,23.0,47.0,0.8,5.814285714285714,4.242857142857143,1.457142857142857,0.8571428571428571,0.4142857142857143,0.8
kalkbry01,Ryan Kalkbrenner,CHO,69,21.434782608695652,3.1739130434782608,4.217391304347826,0.7525773195876289,1.2028985507246377,1.681159420289855,0.7155172413793104,219.0,291.0,83.0,116.0,0.0,7.550724637681159,5.463768115942029,0.782608695652174,0.463768115942029,1.463768115942029,0.8985507246376812
nembhry01,Ryan Nembhard,DAL,60,19.516666666666666,2.7,6.5,0.4153846153846154,0.4166666666666667,0.5166666666666667,0.8064516129032258,162.0,390.0,25.0,31.0,0.8,6.616666666666666,2.216666666666667,5.266666666666667,0.4166666666666667,0.03333333333333333,1.4166666666666667
rolliry01,Ryan Rollins,MIL,74,32.108108108108105,6.5675675675675675,13.91891891891892,0.47184466019417476,1.6891891891891893,2.1216216216216215,0.7961783439490446,486.0,1030.0,125.0,157.0,2.4864864864864864,17.31081081081081,4.5675675675675675,5.594594594594595,1.4864864864864864,0.4189189189189189,2.7162162162162162
beysa01,Saddiq Bey,NOP,72,31.194444444444443,6.055555555555555,13.430555555555555,0.45087900723888313,3.4444444444444446,4.097222222222222,0.8406779661016949,436.0,967.0,248.0,295.0,2.0972222222222223,17.65277777777778,5.555555555555555,2.5277777777777777,0.9444444444444444,0.09722222222222222,0.9444444444444444
hausesa01,Sam Hauser,BOS,78,24.794871794871796,3.230769230769231,7.705128205128205,0.4193011647254576,0.21794871794871795,0.2564102564102564,0.85,252.0,601.0,17.0,20.0,2.5384615384615383,9.217948717948717,3.8461538461538463,1.4615384615384615,0.48717948717948717,0.2948717948717949,0.44871794871794873
merrisa01,Sam Merrill,CLE,52,26.48076923076923,4.288461538461538,9.307692307692308,0.4607438016528926,1.1346153846153846,1.3269230769230769,0.855072463768116,223.0,484.0,59.0,69.0,3.0384615384615383,12.75,2.5576923076923075,2.4038461538461537,0.6346153846153846,0.1346153846153846,0.8076923076923077
mamuksa01,Sandro Mamukelashvili,TOR,80,21.8875,4.125,7.8875,0.5229793977812995,1.475,1.975,0.7468354430379747,330.0,631.0,118.0,158.0,1.4375,11.1625,4.9375,1.8875,0.8,0.5125,0.8375
aldamsa01,Santi Aldama,MEM,43,27.86046511627907,5.3023255813953485,11.069767441860465,0.4789915966386555,1.7674418604651163,2.6511627906976742,0.6666666666666666,228.0,476.0,76.0,114.0,1.627906976744186,14.0,6.674418604651163,2.9302325581395348,0.8604651162790697,0.7209302325581395,1.2790697674418605
hendesc01,Scoot Henderson,POR,30,24.933333333333334,4.766666666666667,11.4,0.41812865497076024,2.8,3.3333333333333335,0.84,143.0,342.0,84.0,100.0,1.9,14.233333333333333,2.6666666666666665,3.7333333333333334,0.9,0.3,2.433333333333333
barnesc01,Scottie Barnes,TOR,80,33.5125,7.1125,14.0375,0.5066785396260017,3.025,3.7125,0.8148148148148148,569.0,1123.0,242.0,297.0,0.85,18.1,7.5,5.925,1.425,1.45,2.625
pippesc02,Scotty Pippen Jr.,MEM,10,21.2,4.3,9.6,0.4479166666666667,1.8,2.3,0.782608695652174,43.0,96.0,18.0,23.0,1.0,11.4,2.2,4.7,1.9,0.4,2.7
pedulse01,Sean Pedulla,LAC,7,4.428571428571429,0.7142857142857143,2.142857142857143,0.3333333333333333,0.0,0.0,0.0,5.0,15.0,0.0,0.0,0.42857142857142855,1.8571428571428572,0.42857142857142855,0.7142857142857143,0.0,0.0,0.14285714285714285
curryse01,Seth Curry,GSW,10,13.3,2.4,4.9,0.4897959183673469,1.1,1.2,0.9166666666666666,24.0,49.0,11.0,12.0,1.2,7.1,1.2,1.0,0.3,0.0,0.2
sharpsh01,Shaedon Sharpe,POR,50,29.42,7.84,17.36,0.45161290322580644,3.1,3.94,0.7868020304568528,392.0,868.0,155.0,197.0,2.06,20.84,4.34,2.64,1.4,0.12,2.94
gilgesh01,Shai Gilgeous-Alexander,OKC,68,33.220588235294116,10.75,19.426470588235293,0.5533686601059803,7.9411764705882355,9.029411764705882,0.8794788273615635,731.0,1321.0,540.0,614.0,1.6911764705882353,31.13235294117647,4.294117647058823,6.588235294117647,1.3970588235294117,0.7647058823529411,2.2205882352941178
coopesh01,Sharife Cooper,WAS,41,17.073170731707318,3.097560975609756,6.024390243902439,0.5141700404858299,1.2195121951219512,1.4634146341463414,0.8333333333333334,127.0,247.0,50.0,60.0,0.7073170731707317,8.121951219512194,2.097560975609756,3.024390243902439,0.3902439024390244,0.12195121951219512,1.4878048780487805
cissosi01,Sidy Cissoko,POR,75,19.133333333333333,1.7733333333333334,4.453333333333333,0.39820359281437123,0.7733333333333333,1.1733333333333333,0.6590909090909091,133.0,334.0,58.0,88.0,0.7866666666666666,5.1066666666666665,2.2133333333333334,1.4666666666666666,0.6933333333333334,0.3333333333333333,0.9333333333333333
fontesi01,Simone Fontecchio,MIA,70,16.757142857142856,2.7714285714285714,6.728571428571429,0.4118895966029724,1.2285714285714286,1.457142857142857,0.8431372549019608,194.0,471.0,86.0,102.0,1.7571428571428571,8.528571428571428,3.0142857142857142,1.4428571428571428,0.5285714285714286,0.12857142857142856,0.7
jamessi01,Sion James,CHO,82,22.475609756097562,1.6829268292682926,4.536585365853658,0.3709677419354839,1.0,1.1951219512195121,0.8367346938775511,138.0,372.0,82.0,98.0,1.0121951219512195,5.378048780487805,3.5,1.9878048780487805,0.6341463414634146,0.24390243902439024,0.7926829268292683
labissk01,Skal Labissière,WAS,3,12.666666666666666,2.0,3.3333333333333335,0.6,0.0,0.0,0.0,6.0,10.0,0.0,0.0,0.3333333333333333,4.333333333333333,3.0,1.0,0.6666666666666666,0.3333333333333333,0.3333333333333333
jonessp01,Spencer Jones,DEN,64,22.140625,2.0625,4.09375,0.5038167938931297,0.484375,0.796875,0.6078431372549019,132.0,262.0,31.0,51.0,0.890625,5.5,3.265625,0.796875,0.8125,0.453125,0.484375
umudest01,Stanley Umude,SAS,2,3.5,0.5,1.0,0.5,0.0,0.0,0.0,1.0,2.0,0.0,0.0,0.0,1.0,0.0,0.5,0.5,0.0,0.0
curryst01,Stephen Curry,GSW,43,30.906976744186046,8.69767441860465,18.58139534883721,0.46808510638297873,4.744186046511628,5.1395348837209305,0.9230769230769231,374.0,799.0,204.0,221.0,4.4186046511627906,26.558139534883722,3.5813953488372094,4.72093023255814,1.1395348837209303,0.3953488372093023,2.813953488372093
castlst01,Stephon Castle,SAS,68,29.970588235294116,5.661764705882353,12.014705882352942,0.47123623011015914,4.147058823529412,5.647058823529412,0.734375,385.0,817.0,282.0,384.0,1.1911764705882353,16.66176470588235,5.323529411764706,7.382352941176471,1.1470588235294117,0.27941176470588236,3.1911764705882355
adamsst01,Steven Adams,HOU,32,22.8125,2.1875,4.34375,0.5035971223021583,1.46875,2.53125,0.5802469135802469,70.0,139.0,47.0,81.0,0.0,5.84375,8.625,1.5,0.6875,0.625,1.09375
mykhasv01,Svi Mykhailiuk,UTA,50,23.12,3.46,7.24,0.47790055248618785,0.5,0.56,0.8928571428571429,173.0,362.0,25.0,28.0,1.96,9.38,2.48,1.86,0.52,0.06,0.84
mccontj01,T.J. McConnell,IND,56,17.196428571428573,4.321428571428571,8.035714285714286,0.5377777777777778,0.44642857142857145,0.5178571428571429,0.8620689655172413,242.0,450.0,25.0,29.0,0.2857142857142857,9.375,2.2142857142857144,5.125,1.0,0.17857142857142858,1.1428571428571428
peterta01,Taelon Peter,IND,38,12.947368421052632,1.5789473684210527,4.157894736842105,0.379746835443038,0.2631578947368421,0.42105263157894735,0.625,60.0,158.0,10.0,16.0,1.0789473684210527,4.5,1.5526315789473684,1.0526315789473684,0.6842105263157895,0.10526315789473684,0.7105263157894737
gibsota01,Taj Gibson,MEM,10,9.7,1.2,2.6,0.46153846153846156,0.7,0.8,0.875,12.0,26.0,7.0,8.0,0.3,3.4,2.7,0.6,0.2,0.1,0.1
easonta01,Tari Eason,HOU,60,25.816666666666666,4.016666666666667,9.666666666666666,0.41551724137931034,0.8666666666666667,1.1166666666666667,0.7761194029850746,241.0,580.0,52.0,67.0,1.55,10.45,6.266666666666667,1.5,1.2,0.4666666666666667,1.35
princta02,Taurean Prince,MIL,26,23.5,3.3076923076923075,7.346153846153846,0.450261780104712,0.23076923076923078,0.23076923076923078,1.0,86.0,191.0,6.0,6.0,2.3461538461538463,9.192307692307692,3.1153846153846154,1.7692307692307692,0.6153846153846154,0.23076923076923078,1.1923076923076923
hendrta01,Taylor Hendricks,2TM,59,18.949152542372882,2.76271186440678,6.016949152542373,0.4591549295774648,0.8305084745762712,1.2203389830508475,0.6805555555555556,163.0,355.0,49.0,72.0,1.0677966101694916,7.423728813559322,3.7457627118644066,0.9322033898305084,0.847457627118644,0.5084745762711864,0.847457627118644
mannte01,Terance Mann,BRK,63,24.26984126984127,2.6666666666666665,5.841269841269841,0.45652173913043476,1.0,1.2698412698412698,0.7875,168.0,368.0,63.0,80.0,0.8888888888888888,7.222222222222222,3.1746031746031744,3.015873015873016,0.6507936507936508,0.23809523809523808,1.126984126984127
shannte01,Terrence Shannon Jr.,MIN,43,12.511627906976743,1.7906976744186047,3.9767441860465116,0.4502923976608187,1.302325581395349,1.627906976744186,0.8,77.0,171.0,56.0,70.0,0.7209302325581395,5.604651162790698,1.1395348837209303,0.8837209302325582,0.32558139534883723,0.023255813953488372,0.5581395348837209
antetth01,Thanasis Antetokounmpo,MIL,34,4.352941176470588,0.4411764705882353,0.9411764705882353,0.46875,0.5,0.8823529411764706,0.5666666666666667,15.0,32.0,17.0,30.0,0.0,1.3823529411764706,0.8823529411764706,0.4411764705882353,0.38235294117647056,0.17647058823529413,0.29411764705882354
bryanth01,Thomas Bryant,CLE,60,12.2,2.25,4.45,0.5056179775280899,0.8833333333333333,1.1,0.803030303030303,135.0,267.0,53.0,66.0,0.7833333333333333,6.166666666666667,3.4166666666666665,0.55,0.3,0.43333333333333335,0.4666666666666667
salauti01,Tidjane Salaün,CHO,37,15.54054054054054,2.1621621621621623,4.297297297297297,0.5031446540880503,0.7027027027027027,1.0810810810810811,0.65,80.0,159.0,26.0,40.0,0.972972972972973,6.0,4.027027027027027,0.7297297297297297,0.43243243243243246,0.1891891891891892,0.7027027027027027
hardati02,Tim Hardaway Jr.,DEN,80,26.5875,4.35,9.7375,0.4467265725288832,1.9875,2.45,0.8112244897959183,348.0,779.0,159.0,196.0,2.8,13.4875,2.575,1.35,0.525,0.125,0.5375
harrito02,Tobias Harris,DET,63,27.714285714285715,4.904761904761905,10.46031746031746,0.46889226100151743,2.1587301587301586,2.492063492063492,0.8662420382165605,309.0,659.0,136.0,157.0,1.3015873015873016,13.26984126984127,5.126984126984127,2.492063492063492,0.9206349206349206,0.4126984126984127,1.0
okanito01,Toby Okani,MEM,6,36.166666666666664,4.166666666666667,11.666666666666666,0.35714285714285715,0.16666666666666666,1.3333333333333333,0.125,25.0,70.0,1.0,8.0,1.5,10.0,3.5,1.0,0.6666666666666666,0.5,0.5
smithto05,Tolu Smith,DET,15,9.133333333333333,1.2,2.4,0.5,1.3333333333333333,2.0,0.6666666666666666,18.0,36.0,20.0,30.0,0.0,3.7333333333333334,3.2666666666666666,0.8666666666666667,0.13333333333333333,0.4,0.4666666666666667
bradlto01,Tony Bradley,2TM,41,10.975609756097562,1.5609756097560976,2.8536585365853657,0.5470085470085471,0.7804878048780488,1.048780487804878,0.7441860465116279,64.0,117.0,32.0,43.0,0.04878048780487805,3.951219512195122,2.8292682926829267,0.5365853658536586,0.14634146341463414,0.17073170731707318,0.43902439024390244
evbuoto01,Tosan Evbuomwan,NYK,5,1.6,0.0,0.2,0.0,0.0,0.0,0.0,0.0,1.0,0.0,0.0,0.0,0.0,0.4,0.0,0.0,0.0,0.0
camarto01,Toumani Camara,POR,82,33.30487804878049,4.780487804878049,10.865853658536585,0.4399551066217733,1.1829268292682926,1.670731707317073,0.708029197080292,392.0,891.0,97.0,137.0,2.6707317073170733,13.414634146341463,5.134146341463414,2.451219512195122,1.146341463414634,0.4268292682926829,1.7560975609756098
youngtr01,Trae Young,2TM,15,25.6,5.4,11.8,0.4576271186440678,5.333333333333333,6.466666666666667,0.8247422680412371,81.0,177.0,80.0,97.0,1.8,17.933333333333334,2.0,8.0,0.8666666666666667,0.13333333333333333,2.6
jackstr02,Trayce Jackson-Davis,2TM,53,9.358490566037736,1.3396226415094339,2.339622641509434,0.5725806451612904,0.7169811320754716,1.3962264150943395,0.5135135135135135,71.0,124.0,38.0,74.0,0.018867924528301886,3.4150943396226414,2.7358490566037736,0.7358490566037735,0.32075471698113206,0.4528301886792453,0.41509433962264153
johnstr03,Tre Johnson,WAS,60,24.05,4.516666666666667,10.783333333333333,0.4188562596599691,1.2666666666666666,1.45,0.8735632183908046,271.0,647.0,76.0,87.0,1.9166666666666667,12.216666666666667,2.8333333333333335,2.033333333333333,0.55,0.3,1.55
jonestr01,Tre Jones,CHI,65,26.953846153846154,5.246153846153846,9.492307692307692,0.5526742301458671,2.9384615384615387,3.4923076923076923,0.8414096916299559,341.0,617.0,191.0,227.0,0.6307692307692307,14.061538461538461,3.1384615384615384,5.384615384615385,1.1692307692307693,0.16923076923076924,1.4153846153846155
manntr01,Tre Mann,CHO,53,12.622641509433961,2.056603773584906,5.716981132075472,0.35973597359735976,0.4339622641509434,0.5094339622641509,0.8518518518518519,109.0,303.0,23.0,27.0,0.9433962264150944,5.490566037735849,1.7358490566037736,1.6226415094339623,0.4716981132075472,0.09433962264150944,1.0188679245283019
scotttr01,Tre Scott,BRK,6,30.333333333333332,3.1666666666666665,8.333333333333334,0.38,0.6666666666666666,1.0,0.6666666666666666,19.0,50.0,4.0,6.0,1.0,8.0,5.166666666666667,1.6666666666666667,1.3333333333333333,0.8333333333333334,0.6666666666666666
watfotr01,Trendon Watford,PHI,53,16.30188679245283,2.6037735849056602,5.056603773584905,0.5149253731343284,1.1320754716981132,1.4528301886792452,0.7792207792207793,138.0,268.0,60.0,77.0,0.18867924528301888,6.528301886792453,3.30188679245283,2.490566037735849,0.3018867924528302,0.41509433962264153,1.2075471698113207
flowetr01,Trentyn Flowers,CHI,2,3.0,1.0,1.5,0.6666666666666666,0.0,0.0,0.0,2.0,3.0,0.0,0.0,0.0,2.0,0.5,0.5,0.0,0.0,0.5
keelstr01,Trevor Keels,MIA,8,1.875,0.375,1.5,0.25,0.0,0.0,0.0,3.0,12.0,0.0,0.0,0.25,1.0,0.25,0.0,0.125,0.0,0.0
alexatr01,Trey Alexander,NOP,9,12.333333333333334,2.111111111111111,4.111111111111111,0.5135135135135135,0.3333333333333333,0.5555555555555556,0.6,19.0,37.0,3.0,5.0,0.6666666666666666,5.222222222222222,1.2222222222222223,1.0,0.6666666666666666,0.2222222222222222,0.3333333333333333
jemistr01,Trey Jemison,NYK,13,6.3076923076923075,0.46153846153846156,0.7692307692307693,0.6,0.07692307692307693,0.07692307692307693,1.0,6.0,10.0,1.0,1.0,0.0,1.0,1.3846153846153846,0.38461538461538464,0.07692307692307693,0.15384615384615385,0.7692307692307693
murphtr02,Trey Murphy III,NOP,66,35.46969696969697,7.484848484848484,15.909090909090908,0.4704761904761905,3.303030303030303,3.727272727272727,0.8861788617886179,494.0,1050.0,218.0,246.0,3.242424242424242,21.515151515151516,5.712121212121212,3.787878787878788,1.5,0.36363636363636365,1.8181818181818181
dasiltr01,Tristan Da Silva,ORL,77,24.662337662337663,3.6233766233766236,8.051948051948052,0.45,1.0909090909090908,1.2337662337662338,0.8842105263157894,279.0,620.0,84.0,95.0,1.5584415584415585,9.896103896103897,3.688311688311688,1.6103896103896105,0.8831168831168831,0.3246753246753247,0.8961038961038961
enarutr01,Tristan Enaruna,CLE,9,9.444444444444445,1.5555555555555556,3.111111111111111,0.5,0.6666666666666666,0.8888888888888888,0.75,14.0,28.0,6.0,8.0,0.3333333333333333,4.111111111111111,1.5555555555555556,0.7777777777777778,0.5555555555555556,0.0,0.3333333333333333
vukcetr01,Tristan Vukcevic,WAS,49,13.693877551020408,3.1020408163265305,6.469387755102041,0.4794952681388013,1.7755102040816326,2.2653061224489797,0.7837837837837838,152.0,317.0,87.0,111.0,1.0204081632653061,9.0,3.0,1.1224489795918366,0.46938775510204084,0.673469387755102,1.2653061224489797
newtotr01,Tristen Newton,HOU,1,12.0,4.0,9.0,0.4444444444444444,2.0,3.0,0.6666666666666666,4.0,9.0,2.0,3.0,2.0,12.0,3.0,0.0,1.0,0.0,0.0
jeromty01,Ty Jerome,MEM,15,22.6,6.8,14.333333333333334,0.4744186046511628,3.2666666666666666,3.7333333333333334,0.875,102.0,215.0,49.0,56.0,2.8,19.666666666666668,2.8,5.666666666666667,1.0666666666666667,0.26666666666666666,1.8
washity02,TyTy Washington Jr.,LAC,16,5.5,0.5625,1.1875,0.47368421052631576,0.0,0.0,0.0,9.0,19.0,0.0,0.0,0.1875,1.3125,0.375,1.0625,0.375,0.1875,0.1875
burtoty01,Tyler Burton,MEM,12,25.583333333333332,3.5,9.333333333333334,0.375,1.9166666666666667,2.25,0.8518518518518519,42.0,112.0,23.0,27.0,1.8333333333333333,10.75,4.166666666666667,1.0,0.9166666666666666,0.3333333333333333,0.9166666666666666
herroty01,Tyler Herro,MIA,33,31.303030303030305,7.484848484848484,15.606060606060606,0.4796116504854369,3.0,3.272727272727273,0.9166666666666666,247.0,515.0,99.0,108.0,2.5454545454545454,20.515151515151516,4.787878787878788,4.121212121212121,0.696969696969697,0.36363636363636365,1.9393939393939394
kolekty01,Tyler Kolek,NYK,62,11.725806451612904,1.7419354838709677,4.0,0.43548387096774194,0.22580645161290322,0.3225806451612903,0.7,108.0,248.0,14.0,20.0,0.7096774193548387,4.419354838709677,1.5806451612903225,2.7419354838709675,0.3548387096774194,0.06451612903225806,0.8870967741935484
smithty02,Tyler Smith,DAL,12,13.833333333333334,1.75,4.166666666666667,0.42,0.3333333333333333,0.5,0.6666666666666666,21.0,50.0,4.0,6.0,0.8333333333333334,4.666666666666667,2.75,0.4166666666666667,0.5,0.0,0.5
martity01,Tyrese Martin,2TM,46,16.891304347826086,2.369565217391304,6.021739130434782,0.3935018050541516,0.41304347826086957,0.6086956521739131,0.6785714285714286,109.0,277.0,19.0,28.0,1.1521739130434783,6.304347826086956,2.5217391304347827,1.6956521739130435,0.5434782608695652,0.13043478260869565,0.8695652173913043
maxeyty01,Tyrese Maxey,PHI,70,38.01428571428571,9.914285714285715,21.442857142857143,0.46235842771485675,5.314285714285714,5.957142857142857,0.8920863309352518,694.0,1501.0,372.0,417.0,3.142857142857143,28.285714285714285,4.142857142857143,6.585714285714285,1.8571428571428572,0.7857142857142857,2.442857142857143
proctty01,Tyrese Proctor,CLE,50,10.9,1.86,4.5,0.41333333333333333,0.8,0.9,0.8888888888888888,93.0,225.0,40.0,45.0,0.92,5.44,1.28,1.48,0.5,0.0,0.8
etienty01,Tyson Etienne,BRK,24,15.833333333333334,2.4166666666666665,6.041666666666667,0.4,1.25,1.5,0.8333333333333334,58.0,145.0,30.0,36.0,1.7916666666666667,7.875,1.125,1.6666666666666667,0.4583333333333333,0.0,0.6666666666666666
jonesty01,Tyus Jones,3TM,67,14.611940298507463,1.1343283582089552,3.253731343283582,0.3486238532110092,0.1044776119402985,0.13432835820895522,0.7777777777777778,76.0,218.0,7.0,9.0,0.5970149253731343,2.970149253731343,1.1343283582089552,2.373134328358209,0.5522388059701493,0.04477611940298507,0.373134328358209
edgecvj01,VJ Edgecombe,PHI,75,34.973333333333336,6.013333333333334,13.733333333333333,0.43786407766990293,1.9733333333333334,2.4133333333333336,0.8176795580110497,451.0,1030.0,148.0,181.0,1.9866666666666666,15.986666666666666,5.64,4.2,1.4266666666666667,0.52,1.8266666666666667
wembavi01,Victor Wembanyama,SAS,64,29.15625,8.640625,16.875,0.5120370370370371,5.8125,7.03125,0.8266666666666667,553.0,1080.0,372.0,450.0,1.90625,25.0,11.5,3.109375,1.03125,3.078125,2.421875
willivi01,Vince Williams Jr.,2TM,40,20.5,2.575,7.3,0.3527397260273973,0.975,1.25,0.78,103.0,292.0,39.0,50.0,1.375,7.5,3.875,4.15,0.725,0.4,1.75
goldivl01,Vladislav Goldin,MIA,9,2.6666666666666665,0.3333333333333333,0.4444444444444444,0.75,0.1111111111111111,0.1111111111111111,1.0,3.0,4.0,1.0,1.0,0.0,0.7777777777777778,1.0,0.3333333333333333,0.0,0.3333333333333333,0.3333333333333333
krejcvi01,Vít Krejčí,2TM,65,21.415384615384614,2.953846153846154,6.6,0.44755244755244755,0.5846153846153846,0.7846153846153846,0.7450980392156863,192.0,429.0,38.0,51.0,1.9692307692307693,8.461538461538462,2.276923076923077,1.5384615384615385,0.7230769230769231,0.27692307692307694,0.6307692307692307
kesslwa01,Walker Kessler,UTA,5,30.8,5.2,7.4,0.7027027027027027,2.8,4.0,0.7,26.0,37.0,14.0,20.0,1.2,14.4,10.8,3.0,1.4,1.8,3.2
claytwa01,Walter Clayton,2TM,69,20.434782608695652,2.5652173913043477,6.681159420289855,0.3839479392624729,1.5797101449275361,1.7536231884057971,0.9008264462809917,177.0,461.0,109.0,121.0,1.0869565217391304,7.797101449275362,2.0144927536231885,4.043478260869565,0.6376811594202898,0.2753623188405797,1.681159420289855
cartewe01,Wendell Carter Jr.,ORL,78,29.333333333333332,4.17948717948718,8.166666666666666,0.5117739403453689,2.5384615384615383,3.2051282051282053,0.792,326.0,637.0,198.0,250.0,0.9230769230769231,11.820512820512821,7.397435897435898,1.9743589743589745,0.7692307692307693,0.6282051282051282,1.2820512820512822
moorewe01,Wendell Moore Jr.,DET,6,10.0,0.6666666666666666,1.1666666666666667,0.5714285714285714,0.3333333333333333,0.3333333333333333,1.0,4.0,7.0,2.0,2.0,0.0,1.6666666666666667,1.0,0.6666666666666666,0.3333333333333333,0.3333333333333333,0.16666666666666666
richawi02,Will Richard,GSW,69,19.956521739130434,2.347826086956522,5.0144927536231885,0.4682080924855491,0.6666666666666666,0.782608695652174,0.8518518518518519,162.0,346.0,46.0,54.0,1.0289855072463767,6.391304347826087,2.4927536231884058,1.3478260869565217,1.1594202898550725,0.13043478260869565,0.7681159420289855
rileywi01,Will Riley,WAS,74,22.06756756756757,3.6621621621621623,8.35135135135135,0.43851132686084143,1.945945945945946,2.4324324324324325,0.8,271.0,618.0,144.0,180.0,1.054054054054054,10.324324324324325,2.864864864864865,1.972972972972973,0.7297297297297297,0.12162162162162163,1.2702702702702702
tillmxa01,Xavier Tillman Sr.,2TM,30,6.1,0.6666666666666666,1.5333333333333334,0.43478260869565216,0.03333333333333333,0.13333333333333333,0.25,20.0,46.0,1.0,4.0,0.1,1.4666666666666666,1.4333333333333333,0.43333333333333335,0.3,0.16666666666666666,0.26666666666666666
yangha01,Yang Hansen,POR,43,6.976744186046512,0.7209302325581395,2.3255813953488373,0.31,0.6511627906976745,0.7906976744186046,0.8235294117647058,31.0,100.0,28.0,34.0,0.11627906976744186,2.2093023255813953,1.5348837209302326,0.5116279069767442,0.06976744186046512,0.23255813953488372,0.7441860465116279
konanya01,Yanic Konan Niederhäuser,LAC,41,10.341463414634147,1.5609756097560976,2.4390243902439024,0.64,1.146341463414634,1.5121951219512195,0.7580645161290323,64.0,100.0,47.0,62.0,0.024390243902439025,4.2926829268292686,2.8536585365853657,0.2926829268292683,0.12195121951219512,0.7317073170731707,0.5609756097560976
kawamyu01,Yuki Kawamura,CHI,18,11.61111111111111,0.9444444444444444,2.888888888888889,0.3269230769230769,0.9444444444444444,1.0555555555555556,0.8947368421052632,17.0,52.0,17.0,19.0,0.6111111111111112,3.4444444444444446,1.8333333333333333,2.611111111111111,0.5,0.0,0.7777777777777778
missiyv01,Yves Missi,NOP,66,19.651515151515152,2.4242424242424243,4.454545454545454,0.54421768707483,0.8636363636363636,1.5454545454545454,0.5588235294117647,160.0,294.0,57.0,102.0,0.0,5.712121212121212,5.833333333333333,1.2727272727272727,0.30303030303030304,1.5303030303030303,0.8181818181818182
risacza01,Zaccharie Risacher,ATL,67,22.432835820895523,3.6417910447761193,8.0,0.4552238805970149,0.8656716417910447,1.3432835820895523,0.6444444444444445,244.0,536.0,58.0,90.0,1.4179104477611941,9.567164179104477,3.8358208955223883,1.1343283582089552,0.8805970149253731,0.5373134328358209,0.8656716417910447
colliza01,Zach Collins,CHI,10,18.4,3.7,6.4,0.578125,1.4,2.0,0.7,37.0,64.0,14.0,20.0,0.9,9.7,5.6,1.5,0.2,0.4,1.0
edeyza01,Zach Edey,MEM,11,25.818181818181817,5.636363636363637,8.909090909090908,0.6326530612244898,2.272727272727273,2.909090909090909,0.78125,62.0,98.0,25.0,32.0,0.09090909090909091,13.636363636363637,11.090909090909092,1.0909090909090908,0.6363636363636364,1.9090909090909092,2.3636363636363638
lavinza01,Zach LaVine,SAC,39,31.384615384615383,6.717948717948718,14.025641025641026,0.4789762340036563,3.2051282051282053,3.641025641025641,0.8802816901408451,262.0,547.0,125.0,142.0,2.5384615384615383,19.17948717948718,2.769230769230769,2.282051282051282,0.717948717948718,0.2564102564102564,1.8974358974358974
nnajize01,Zeke Nnaji,DEN,52,12.038461538461538,1.3653846153846154,2.9038461538461537,0.47019867549668876,0.6538461538461539,0.8461538461538461,0.7727272727272727,71.0,151.0,34.0,44.0,0.2692307692307692,3.6538461538461537,2.6153846153846154,0.5576923076923077,0.3269230769230769,0.46153846153846156,0.5192307692307693
willizi02,Ziaire Williams,BRK,56,22.875,3.2857142857142856,7.732142857142857,0.42494226327944573,2.125,2.5,0.85,184.0,433.0,119.0,140.0,1.5357142857142858,10.232142857142858,2.392857142857143,1.0714285714285714,1.3571428571428572,0.375,1.0535714285714286
willizi01,Zion Williamson,NOP,62,29.693548387096776,7.806451612903226,13.016129032258064,0.5997521685254027,5.370967741935484,7.5,0.7161290322580646,484.0,807.0,333.0,465.0,0.016129032258064516,21.0,5.693548387096774,3.2096774193548385,0.967741935483871,0.5483870967741935,2.032258064516129
pullizy01,Zyon Pullin,MIN,5,8.6,1.8,2.6,0.6923076923076923,0.8,0.8,1.0,9.0,13.0,4.0,4.0,0.2,4.6,0.6,1.8,0.2,0.0,0.6
